       t         state 0 pop         state 1 pop         state 2 pop         state 3 pop         state 4 pop         state 5 pop         state 6 pop         state 7 pop         state 8 pop              poptot
  0.0000        1.0000000000        0.0000000000        0.0000000000        0.0000000000        0.0000000000        0.0000000000        0.0000000000        0.0000000000        0.0000000000        1.0000000000
  0.5000        0.9999595763        0.0000050572        0.0000050568        0.0000050563        0.0000050558        0.0000050505        0.0000050498        0.0000050490        0.0000050483        1.0000000000
  1.0000        0.9998360602        0.0000205615        0.0000205543        0.0000205467        0.0000205387        0.0000204520        0.0000204407        0.0000204290        0.0000204170        1.0000000001
  1.5000        0.9996273744        0.0000469317        0.0000468944        0.0000468554        0.0000468147        0.0000463708        0.0000463130        0.0000462535        0.0000461923        1.0000000002
  2.0000        0.9993332204        0.0000844737        0.0000843546        0.0000842300        0.0000840999        0.0000826860        0.0000825024        0.0000823136        0.0000821196        1.0000000003
  2.5000        0.9989551112        0.0001333757        0.0001330819        0.0001327748        0.0001324543        0.0001289857        0.0001285372        0.0001280763        0.0001276034        1.0000000004
  3.0000        0.9984963569        0.0001937031        0.0001930888        0.0001924470        0.0001917780        0.0001845716        0.0001836444        0.0001826930        0.0001817179        1.0000000006
  3.5000        0.9979620024        0.0002653962        0.0002642506        0.0002630549        0.0002618094        0.0002484717        0.0002467662        0.0002450189        0.0002432305        1.0000000008
  4.0000        0.9973587183        0.0003482694        0.0003463055        0.0003442575        0.0003421268        0.0003194619        0.0003165846        0.0003136418        0.0003106351        1.0000000010
  4.5000        0.9968097407        0.0006454608        0.0005862395        0.0005348101        0.0004898632        0.0002548285        0.0002397481        0.0002259678        0.0002133425        1.0000000012
  5.0000        0.9968079045        0.0006457001        0.0005864769        0.0005350457        0.0004900972        0.0002550523        0.0002399710        0.0002261899        0.0002135639        1.0000000014
  5.5000        0.9968022839        0.0006464347        0.0005872053        0.0005357685        0.0004908148        0.0002557358        0.0002406516        0.0002268678        0.0002142391        1.0000000016
  6.0000        0.9967907271        0.0006479522        0.0005887093        0.0005372600        0.0004922947        0.0002571369        0.0002420459        0.0002282554        0.0002156202        1.0000000017
  6.5000        0.9967710990        0.0006505456        0.0005912778        0.0005398054        0.0004948184        0.0002595072        0.0002444019        0.0002305976        0.0002179488        1.0000000019
  7.0000        0.9967413250        0.0006545103        0.0005952012        0.0005436899        0.0004986663        0.0002630845        0.0002479531        0.0002341229        0.0002214488        1.0000000020
  7.5000        0.9966994333        0.0006601409        0.0006007674        0.0005491951        0.0005041135        0.0002680867        0.0002529106        0.0002390363        0.0002263183        1.0000000021
  8.0000        0.9966435945        0.0006677283        0.0006082590        0.0005565955        0.0005114262        0.0002747055        0.0002594577        0.0002455121        0.0002327232        1.0000000021
  8.5000        0.9965721582        0.0006775565        0.0006179499        0.0005661545        0.0005208579        0.0002831008        0.0002677436        0.0002536891        0.0002407915        1.0000000021
  9.0000        0.9964836850        0.0006898995        0.0006301017        0.0005781216        0.0005326456        0.0002933962        0.0002778792        0.0002636651        0.0002506083        1.0000000021
  9.5000        0.9963769729        0.0007050187        0.0006449612        0.0005927288        0.0005470066        0.0003056749        0.0002899327        0.0002754938        0.0002622124        1.0000000021
 10.0000        0.9962510787        0.0007231600        0.0006627572        0.0006101879        0.0005641355        0.0003199774        0.0003039280        0.0002891824        0.0002755948        1.0000000020
 10.5000        0.9961053326        0.0007445516        0.0006836981        0.0006306875        0.0005842013        0.0003362995        0.0003198427        0.0003046908        0.0002906979        1.0000000019
 11.0000        0.9959393464        0.0007694012        0.0007079694        0.0006543909        0.0006073450        0.0003545920        0.0003376083        0.0003219318        0.0003074167        1.0000000018
 11.5000        0.9957530154        0.0007978944        0.0007357319        0.0006814341        0.0006336779        0.0003747613        0.0003571117        0.0003407736        0.0003256014        1.0000000016
 12.0000        0.9955465131        0.0008301929        0.0007671195        0.0007119236        0.0006632797        0.0003966715        0.0003781976        0.0003610424        0.0003450613        1.0000000015
 12.5000        0.9953202801        0.0008664327        0.0008022381        0.0007459358        0.0006961976        0.0004201473        0.0004006720        0.0003825275        0.0003655702        1.0000000013
 13.0000        0.9950750070        0.0009067230        0.0008411648        0.0007835158        0.0007324457        0.0004449781        0.0004243074        0.0004049865        0.0003868729        1.0000000012
 13.5000        0.9948116119        0.0009511455        0.0008839464        0.0008246770        0.0007720046        0.0004709228        0.0004488486        0.0004281519        0.0004086923        1.0000000010
 14.0000        0.9945312129        0.0009997537        0.0009305998        0.0008694007        0.0008148220        0.0004977160        0.0004740188        0.0004517389        0.0004307381        1.0000000008
 14.5000        0.9942350976        0.0010525725        0.0009811118        0.0009176371        0.0008608131        0.0005250740        0.0004995272        0.0004754526        0.0004527147        1.0000000007
 15.0000        0.9939246886        0.0011095985        0.0010354390        0.0009693055        0.0009098622        0.0005527022        0.0005250768        0.0004989971        0.0004743306        1.0000000006
 15.5000        0.9936015077        0.0011708001        0.0010935095        0.0010242957        0.0009618239        0.0005803020        0.0005503718        0.0005220830        0.0004953069        1.0000000005
 16.0000        0.9929936750        0.0014592535        0.0013138129        0.0011890805        0.0010813037        0.0005381107        0.0005045453        0.0004740254        0.0004461935        1.0000000004
 16.5000        0.9929904470        0.0014596882        0.0013142412        0.0011895030        0.0010817209        0.0005384955        0.0005049277        0.0004744054        0.0004465713        1.0000000003
 17.0000        0.9929811562        0.0014609433        0.0013154773        0.0011907219        0.0010829241        0.0005396011        0.0005060255        0.0004754960        0.0004476548        1.0000000003
 17.5000        0.9929625759        0.0014634644        0.0013179591        0.0011931679        0.0010853373        0.0005418056        0.0005082129        0.0004776670        0.0004498102        1.0000000003
 18.0000        0.9929315249        0.0014677023        0.0013221282        0.0011972740        0.0010893856        0.0005454751        0.0005118501        0.0004812733        0.0004533867        1.0000000003
 18.5000        0.9928849219        0.0014741092        0.0013284259        0.0012034715        0.0010954905        0.0005509551        0.0005172750        0.0004866448        0.0004587064        1.0000000003
 19.0000        0.9928198373        0.0014831346        0.0013372892        0.0012121850        0.0011040647        0.0005585622        0.0005247940        0.0004940779        0.0004660556        1.0000000003
 19.5000        0.9927335418        0.0014952220        0.0013491465        0.0012238284        0.0011155079        0.0005685768        0.0005346744        0.0005038269        0.0004756757        1.0000000004
 20.0000        0.9926235499        0.0015108054        0.0013644139        0.0012388005        0.0011302021        0.0005812362        0.0005471378        0.0005160978        0.0004877570        1.0000000005
 20.5000        0.9924876571        0.0015303053        0.0013834914        0.0012574812        0.0011485075        0.0005967291        0.0005623544        0.0005310421        0.0005024325        1.0000000006
 21.0000        0.9923239718        0.0015541260        0.0014067597        0.0012802279        0.0011707585        0.0006151912        0.0005804384        0.0005487528        0.0005197743        1.0000000007
 21.5000        0.9921309390        0.0015826524        0.0014345768        0.0013073721        0.0011972602        0.0006367019        0.0006014453        0.0005692620        0.0005397911        1.0000000008
 22.0000        0.9919073576        0.0016162474        0.0014672751        0.0013392162        0.0012282856        0.0006612822        0.0006253702        0.0005925391        0.0005624277        1.0000000009
 22.5000        0.9916523894        0.0016552490        0.0015051588        0.0013760311        0.0012640724        0.0006888943        0.0006521477        0.0006184923        0.0005875662        1.0000000011
 23.0000        0.9913655609        0.0016999686        0.0015485019        0.0014180537        0.0013048214        0.0007194423        0.0006816536        0.0006469698        0.0006150290        1.0000000012
 23.5000        0.9910467575        0.0017506889        0.0015975459        0.0014654854        0.0013506943        0.0007527744        0.0007137073        0.0006777643        0.0006445834        1.0000000013
 24.0000        0.9906962106        0.0018076622        0.0016524986        0.0015184903        0.0014018125        0.0007886858        0.0007480764        0.0007106176        0.0006759476        1.0000000014
 24.5000        0.9903144779        0.0018711093        0.0017135330        0.0015771945        0.0014582567        0.0008269236        0.0007844818        0.0007452269        0.0007087979        1.0000000015
 25.0000        0.9899024181        0.0019412186        0.0017807861        0.0016416855        0.0015200662        0.0008671925        0.0008226043        0.0007812527        0.0007427776        1.0000000016
 25.5000        0.9894611598        0.0020181454        0.0018543592        0.0017120121        0.0015872397        0.0009091606        0.0008620922        0.0008183267        0.0007775060        1.0000000017
 26.0000        0.9889920668        0.0021020118        0.0019343172        0.0017881847        0.0016597353        0.0009524672        0.0009025690        0.0008560613        0.0008125883        1.0000000017
 26.5000        0.9884966988        0.0021929067        0.0020206895        0.0018701760        0.0017374722        0.0009967307        0.0009436427        0.0008940589        0.0008476262        1.0000000018
 27.0000        0.9879767705        0.0022908860        0.0021134704        0.0019579222        0.0018203324        0.0010415563        0.0009849144        0.0009319216        0.0008822281        1.0000000018
 27.5000        0.9859250469        0.0030611001        0.0027178013        0.0024291743        0.0021841976        0.0010164830        0.0009483253        0.0008867998        0.0008310733        1.0000000018
 28.0000        0.9859229769        0.0030613917        0.0027180859        0.0024294525        0.0021844701        0.0010167224        0.0009485622        0.0008870344        0.0008313057        1.0000000018
 28.5000        0.9859143639        0.0030626075        0.0027192718        0.0024306118        0.0021856054        0.0010177166        0.0009495460        0.0008880084        0.0008322704        1.0000000018
 29.0000        0.9858944803        0.0030654236        0.0027220175        0.0024332947        0.0021882318        0.0010200066        0.0009518104        0.0008902488        0.0008344881        1.0000000018
 29.5000        0.9858586235        0.0030705250        0.0027269891        0.0024381498        0.0021929820        0.0010241225        0.0009558770        0.0008942688        0.0008384639        1.0000000017
 30.0000        0.9858021817        0.0030786016        0.0027348550        0.0024458265        0.0022004873        0.0010305739        0.0009622444        0.0009005562        0.0008446750        1.0000000017
 30.5000        0.9857206970        0.0030903436        0.0027462819        0.0024569693        0.0022113721        0.0010398394        0.0009713772        0.0009095621        0.0008535591        1.0000000016
 31.0000        0.9856099240        0.0031064373        0.0027619295        0.0024722134        0.0022262483        0.0010523575        0.0009836969        0.0009216909        0.0008655038        1.0000000015
 31.5000        0.9854658837        0.0031275611        0.0027824468        0.0024921796        0.0022457101        0.0010685182        0.0009995727        0.0009372915        0.0008808379        1.0000000014
 32.0000        0.9852849108        0.0031543819        0.0028084671        0.0025174699        0.0022703293        0.0010886556        0.0010193144        0.0009566495        0.0008998229        1.0000000014
 32.5000        0.9850636944        0.0031875510        0.0028406048        0.0025486632        0.0023006508        0.0011130420        0.0010431661        0.0009799813        0.0009226479        1.0000000013
 33.0000        0.9847993109        0.0032277013        0.0028794514        0.0025863115        0.0023371884        0.0011418825        0.0010713014        0.0010074294        0.0009494245        1.0000000012
 33.5000        0.9844892497        0.0032754437        0.0029255725        0.0026309363        0.0023804211        0.0011753123        0.0011038207        0.0010390596        0.0009801852        1.0000000011
 34.0000        0.9841314304        0.0033313650        0.0029795044        0.0026830257        0.0024307900        0.0012133939        0.0011407487        0.0010748603        0.0010148826        1.0000000010
 34.5000        0.9788656023        0.0047620752        0.0041763718        0.0036924364        0.0032879885        0.0014474091        0.0013449516        0.0012530001        0.0011701659        1.0000000010
 35.0000        0.9788643150        0.0047622630        0.0041765536        0.0036926129        0.0032881603        0.0014475542        0.0013450948        0.0012531415        0.0011703056        1.0000000009
 35.5000        0.9788565863        0.0047633923        0.0041776464        0.0036936735        0.0032891923        0.0014484244        0.0013459533        0.0012539892        0.0011711432        1.0000000008
 36.0000        0.9788364926        0.0047663361        0.0041804942        0.0036964365        0.0032918800        0.0014506821        0.0013481798        0.0012561865        0.0011733131        1.0000000008
 36.5000        0.9787981108        0.0047719806        0.0041859522        0.0037017298        0.0032970265        0.0014549820        0.0013524172        0.0012603652        0.0011774365        1.0000000007
 37.0000        0.9787355902        0.0047812203        0.0041948817        0.0037103847        0.0033054363        0.0014619596        0.0013592868        0.0012671330        0.0011841081        1.0000000007
 37.5000        0.9786432214        0.0047949532        0.0042081448        0.0037232309        0.0033179094        0.0014722200        0.0013693766        0.0012770613        0.0011938829        1.0000000007
 38.0000        0.9785155009        0.0048140769        0.0042265999        0.0037410911        0.0033352355        0.0014863277        0.0013832305        0.0012906736        0.0012072646        1.0000000007
 38.5000        0.9783471898        0.0048394840        0.0042510968        0.0037647755        0.0033581886        0.0015047972        0.0014013381        0.0013084355        0.0012246951        1.0000000006
 39.0000        0.9781333679        0.0048720581        0.0042824721        0.0037950778        0.0033875215        0.0015280847        0.0014241270        0.0013307461        0.0012465453        1.0000000006
 39.5000        0.9778694787        0.0049126701        0.0043215459        0.0038327700        0.0034239614        0.0015565809        0.0014519548        0.0013579304        0.0012731083        1.0000000006
 40.0000        0.9775513695        0.0049621751        0.0043691170        0.0038785987        0.0034682053        0.0015906052        0.0014851033        0.0013902335        0.0013045931        1.0000000006
 40.5000        0.9771753210        0.0050214085        0.0044259603        0.0039332813        0.0035209158        0.0016304009        0.0015237745        0.0014278169        0.0013411214        1.0000000007
 41.0000        0.9767380714        0.0050911839        0.0044928231        0.0039975025        0.0035827182        0.0016761322        0.0015680877        0.0014707559        0.0013827257        1.0000000007
 41.5000        0.9762368300        0.0051722901        0.0045704230        0.0040719120        0.0036541968        0.0017278826        0.0016180781        0.0015190390        0.0014293492        1.0000000007
 42.0000        0.9756692839        0.0052654893        0.0046594449        0.0041571211        0.0037358928        0.0017856544        0.0016736973        0.0015725689        0.0014808480        1.0000000007
 42.5000        0.9750335970        0.0053715150        0.0047605395        0.0042537018        0.0038283021        0.0018493697        0.0017348150        0.0016311658        0.0015369949        1.0000000008
 43.0000        0.9743283999        0.0054910706        0.0048743217        0.0043621840        0.0039318736        0.0019188730        0.0018012227        0.0016945709        0.0015974844        1.0000000008
 43.5000        0.9735527743        0.0056248282        0.0050013692        0.0044830555        0.0040470085        0.0019939346        0.0018726379        0.0017624526        0.0016619400        1.0000000008
 44.0000        0.9727062298        0.0057734281        0.0051422220        0.0046167604        0.0041740595        0.0020742554        0.0019487098        0.0018344137        0.0017299221        1.0000000009
 44.5000        0.9717886748        0.0059374781        0.0052973819        0.0047636994        0.0043133304        0.0021594730        0.0020290269        0.0019099987        0.0018009376        1.0000000009
 45.0000        0.9708003827        0.0061175534        0.0054673124        0.0049242296        0.0044650771        0.0022491680        0.0021131242        0.0019887036        0.0018744500        1.0000000010
 45.5000        0.9697419532        0.0063141970        0.0056524390        0.0050986650        0.0046295079        0.0023428717        0.0022004921        0.0020699853        0.0019498900        1.0000000010
 46.0000        0.9686142703        0.0065279199        0.0058531500        0.0052872776        0.0048067847        0.0024400741        0.0022905853        0.0021532718        0.0020266674        1.0000000011
 46.5000        0.9674184570        0.0067592024        0.0060697974        0.0054902984        0.0049970248        0.0025402327        0.0023828329        0.0022379731        0.0021041824        1.0000000011
 47.0000        0.9661558292        0.0070084947        0.0063026982        0.0057079191        0.0052003027        0.0026427811        0.0024766478        0.0023234916        0.0021818367        1.0000000011
 47.5000        0.9648278476        0.0072762183        0.0065521358        0.0059402937        0.0054166523        0.0027471384        0.0025714367        0.0024092328        0.0022590454        1.0000000012
 48.0000        0.9634360695        0.0075627680        0.0068183620        0.0061875411        0.0056460694        0.0028527178        0.0026666100        0.0024946157        0.0023352476        1.0000000012
 48.5000        0.9619821019        0.0078685132        0.0071015989        0.0064497468        0.0058885144        0.0029589362        0.0027615911        0.0025790828        0.0024099160        1.0000000012
 49.0000        0.9604675549        0.0081937999        0.0074020410        0.0067269659        0.0061439156        0.0030652222        0.0028558255        0.0026621091        0.0024825670        1.0000000013
 49.5000        0.9588939982        0.0085389533        0.0077198580        0.0070192258        0.0064121721        0.0031710249        0.0029487896        0.0027432111        0.0025527684        1.0000000013
 50.0000        0.9572629190        0.0089042793        0.0080551967        0.0073265288        0.0066931569        0.0032758217        0.0030399981        0.0028219537        0.0026201470        1.0000000013
 50.5000        0.9555756842        0.0092900678        0.0084081844        0.0076488554        0.0069867208        0.0033791251        0.0031290114        0.0028979578        0.0026843943        1.0000000013
 51.0000        0.9455167667        0.0138260277        0.0115601857        0.0098089166        0.0084274316        0.0030663782        0.0028128842        0.0025895733        0.0023918373        1.0000000013
 51.5000        0.9455067372        0.0138276631        0.0115617241        0.0098103734        0.0084288186        0.0030674134        0.0028138968        0.0025905651        0.0023928098        1.0000000013
 52.0000        0.9454779301        0.0138323689        0.0115661500        0.0098145633        0.0084328069        0.0030703818        0.0028167990        0.0025934064        0.0023955948        1.0000000014
 52.5000        0.9454203599        0.0138417986        0.0115750161        0.0098229540        0.0084407909        0.0030762994        0.0028225815        0.0025990641        0.0024011369        1.0000000014
 53.0000        0.9453240683        0.0138576258        0.0115898913        0.0098370256        0.0084541747        0.0030861651        0.0028322144        0.0026084817        0.0024103545        1.0000000014
 53.5000        0.9451792011        0.0138815393        0.0116123559        0.0098582657        0.0084743652        0.0031009481        0.0028466349        0.0026225659        0.0024241253        1.0000000014
 54.0000        0.9449760791        0.0139152387        0.0116439959        0.0098881629        0.0085027668        0.0031215766        0.0028667348        0.0026421736        0.0024432729        1.0000000014
 54.5000        0.9447052646        0.0139604299        0.0116863985        0.0099282024        0.0085407747        0.0031489272        0.0028933491        0.0026681003        0.0024685546        1.0000000014
 55.0000        0.9443576212        0.0140188212        0.0117411477        0.0099798604        0.0085897706        0.0031838147        0.0029272461        0.0027010692        0.0025006503        1.0000000014
 55.5000        0.9439243676        0.0140921193        0.0118098200        0.0100445998        0.0086511165        0.0032269840        0.0029691185        0.0027417226        0.0025401530        1.0000000014
 56.0000        0.9433971236        0.0141820259        0.0118939806        0.0101238662        0.0087261515        0.0032791026        0.0030195757        0.0027906137        0.0025875617        1.0000000014
 56.5000        0.9427679496        0.0142902347        0.0119951801        0.0102190838        0.0088161863        0.0033407540        0.0030791375        0.0028482007        0.0026432746        1.0000000013
 57.0000        0.9420293779        0.0144184286        0.0121149513        0.0103316523        0.0089225007        0.0034124333        0.0031482297        0.0029148422        0.0027075854        1.0000000013
 57.5000        0.9411744368        0.0145682771        0.0122548064        0.0104629438        0.0090463396        0.0034945429        0.0032271803        0.0029907941        0.0027806803        1.0000000013
 58.0000        0.9401966672        0.0147414343        0.0124162350        0.0106143003        0.0091889107        0.0035873906        0.0033162173        0.0030762082        0.0028626377        1.0000000013
 58.5000        0.9390901317        0.0149395369        0.0126007017        0.0107870314        0.0093513820        0.0036911881        0.0034154687        0.0031711322        0.0029534286        1.0000000013
 59.0000        0.9378494166        0.0151642031        0.0128096448        0.0109824128        0.0095348799        0.0038060510        0.0035249629        0.0032755111        0.0030529191        1.0000000013
 59.5000        0.9364696269        0.0154170310        0.0130444749        0.0112016848        0.0097404879        0.0039320003        0.0036446304        0.0033891905        0.0031608746        1.0000000013
 60.0000        0.9349463756        0.0156995983        0.0133065741        0.0114460515        0.0099692457        0.0040689640        0.0037743073        0.0035119201        0.0032769648        1.0000000013
 60.5000        0.9332757661        0.0160134610        0.0135972953        0.0117166798        0.0102221482        0.0042167811        0.0039137394        0.0036433598        0.0034007706        1.0000000013
 61.0000        0.9314543703        0.0163601540        0.0139179622        0.0120146998        0.0105001459        0.0043752052        0.0040625874        0.0037830854        0.0035317911        1.0000000013
 61.5000        0.9294792005        0.0167411905        0.0142698691        0.0123412045        0.0108041447        0.0045439098        0.0042204330        0.0039305963        0.0036694527        1.0000000012
 62.0000        0.9273476786        0.0171580627        0.0146542813        0.0126972503        0.0111350069        0.0047224939        0.0043867859        0.0040853232        0.0038131184        1.0000000012
 62.5000        0.9250576007        0.0176122418        0.0150724359        0.0130838577        0.0114935512        0.0049104885        0.0045610910        0.0042466371        0.0039620972        1.0000000012
 63.0000        0.9226070990        0.0181051795        0.0155255424        0.0135020125        0.0118805551        0.0051073634        0.0047427364        0.0044138581        0.0041156548        1.0000000012
 63.5000        0.9199946016        0.0186383079        0.0160147840        0.0139526669        0.0122967554        0.0053125342        0.0049310621        0.0045862651        0.0042730240        1.0000000012
 64.0000        0.9172187907        0.0192130414        0.0165413187        0.0144367407        0.0127428502        0.0055253706        0.0051253682        0.0047631054        0.0044334153        1.0000000012
 64.5000        0.9142785590        0.0198307778        0.0171062809        0.0149551238        0.0132195010        0.0057452032        0.0053249237        0.0049436041        0.0045960278        1.0000000012
 65.0000        0.9111729671        0.0204928991        0.0177107827        0.0155086770        0.0137273347        0.0059713325        0.0055289755        0.0051269739        0.0047600587        1.0000000012
 65.5000        0.9079011996        0.0212007735        0.0183559162        0.0160982348        0.0142669459        0.0062030357        0.0057367568        0.0053124245        0.0049247143        1.0000000012
 66.0000        0.9044625230        0.0219557565        0.0190427546        0.0167246070        0.0148388991        0.0064395752        0.0059474958        0.0054991716        0.0050892186        1.0000000012
 66.5000        0.9008562441        0.0227591926        0.0197723542        0.0173885810        0.0154437316        0.0066802060        0.0061604234        0.0056864454        0.0052528228        1.0000000012
 67.0000        0.8970816708        0.0236124167        0.0205457568        0.0180909243        0.0160819556        0.0069241831        0.0063747818        0.0058734988        0.0054148131        1.0000000012
 67.5000        0.8931380744        0.0245167556        0.0213639910        0.0188323862        0.0167540613        0.0071707683        0.0065898309        0.0060596150        0.0055745184        1.0000000011
 68.0000        0.8890246548        0.0254735293        0.0222280740        0.0196137005        0.0174605188        0.0074192371        0.0068048559        0.0062441139        0.0057313168        1.0000000011
 68.5000        0.8847405083        0.0264840525        0.0231390139        0.0204355873        0.0182017815        0.0076688848        0.0070191731        0.0064263588        0.0058846411        1.0000000011
 69.0000        0.8802845987        0.0275496352        0.0240978110        0.0212987555        0.0189782880        0.0079190321        0.0072321356        0.0066057611        0.0060339838        1.0000000011
 69.5000        0.8756557320        0.0286715847        0.0251054594        0.0222039047        0.0197904650        0.0081690305        0.0074431384        0.0067817855        0.0061789009        1.0000000011
 70.0000        0.8708525341        0.0298512055        0.0261629486        0.0231517270        0.0206387291        0.0084182666        0.0076516225        0.0069539529        0.0063190148        1.0000000011
 70.5000        0.8658734325        0.0310898003        0.0272712646        0.0241429090        0.0215234895        0.0086661663        0.0078570788        0.0071218441        0.0064540161        1.0000000011
 71.0000        0.8607166423        0.0323886702        0.0284313910        0.0251781331        0.0224451500        0.0089121982        0.0080590505        0.0072851014        0.0065836646        1.0000000011
 71.5000        0.8553801551        0.0337491150        0.0296443098        0.0262580792        0.0234041106        0.0091558764        0.0082571356        0.0074434299        0.0067077896        1.0000000011
 72.0000        0.8498617329        0.0351724328        0.0309110019        0.0273834258        0.0244007694        0.0093967627        0.0084509885        0.0075965983        0.0068262888        1.0000000011
 72.5000        0.8441589050        0.0366599192        0.0322324478        0.0285548509        0.0254355242        0.0096344683        0.0086403202        0.0077444382        0.0069391272        1.0000000011
 73.0000        0.8382689698        0.0382128668        0.0336096268        0.0297730328        0.0265087732        0.0098686546        0.0088248993        0.0078868434        0.0070463343        1.0000000011
 73.5000        0.8321889990        0.0398325634        0.0350435175        0.0310386502        0.0276209168        0.0100990339        0.0090045507        0.0080237682        0.0071480014        1.0000000011
 74.0000        0.8259158473        0.0415202905        0.0365350964        0.0323523826        0.0287723574        0.0103253692        0.0091791550        0.0081552250        0.0072442776        1.0000000011
 74.5000        0.8194461641        0.0432773210        0.0380853373        0.0337149103        0.0299635005        0.0105474736        0.0093486468        0.0082812816        0.0073353660        1.0000000011
 75.0000        0.8127764098        0.0451049165        0.0396952094        0.0351269130        0.0311947545        0.0107652090        0.0095130123        0.0084020578        0.0074215188        1.0000000011
 75.5000        0.8059028752        0.0470043238        0.0413656757        0.0365890698        0.0324665306        0.0109784850        0.0096722871        0.0085177215        0.0075030323        1.0000000011
 76.0000        0.7988217037        0.0489767718        0.0430976908        0.0381020574        0.0337792419        0.0111872566        0.0098265528        0.0086284849        0.0075802412        1.0000000011
 76.5000        0.7915289173        0.0510234666        0.0448921975        0.0396665483        0.0351333033        0.0113915217        0.0099759339        0.0087345992        0.0076535134        1.0000000011
 77.0000        0.7840204446        0.0531455872        0.0467501241        0.0412832092        0.0365291295        0.0115913187        0.0101205938        0.0088363505        0.0077232435        1.0000000011
 77.5000        0.7762921525        0.0553442796        0.0486723805        0.0429526982        0.0379671338        0.0117867235        0.0102607310        0.0089340546        0.0077898474        1.0000000011
 78.0000        0.7683398799        0.0576206512        0.0506598538        0.0446756615        0.0394477261        0.0119778457        0.0103965748        0.0090280518        0.0078537562        1.0000000011
 78.5000        0.7601594735        0.0599757640        0.0527134037        0.0464527309        0.0409713105        0.0121648260        0.0105283812        0.0091187016        0.0079154097        1.0000000011
 79.0000        0.7517468267        0.0624106276        0.0548338570        0.0482845193        0.0425382826        0.0123478315        0.0106564278        0.0092063774        0.0079752511        1.0000000011
 79.5000        0.7430979197        0.0649261909        0.0570220020        0.0501716165        0.0441490266        0.0125270528        0.0107810100        0.0092914616        0.0080337210        1.0000000011
 80.0000        0.7342088618        0.0675233343        0.0592785821        0.0521145849        0.0458039115        0.0127026995        0.0109024356        0.0093743398        0.0080912516        1.0000000011
 80.5000        0.7250759357        0.0702028601        0.0616042887        0.0541139538        0.0475032876        0.0128749964        0.0110210208        0.0094553965        0.0081482617        1.0000000011
 81.0000        0.7156956425        0.0729654831        0.0639997539        0.0561702142        0.0492474819        0.0130441793        0.0111370854        0.0095350093        0.0082051515        1.0000000011
 81.5000        0.7060647494        0.0758118202        0.0664655427        0.0582838123        0.0510367937        0.0132104914        0.0112509485        0.0096135449        0.0082622980        1.0000000011
 82.0000        0.6961803372        0.0787423796        0.0690021440        0.0604551433        0.0528714895        0.0133741789        0.0113629240        0.0096913542        0.0083200503        1.0000000011
 82.5000        0.6860398500        0.0817575491        0.0716099622        0.0626845442        0.0547517977        0.0135354872        0.0114733163        0.0097687684        0.0083787260        1.0000000011
 83.0000        0.6756411451        0.0848575844        0.0742893068        0.0649722862        0.0566779025        0.0136946574        0.0115824167        0.0098460945        0.0084386074        1.0000000011
 83.5000        0.6649825439        0.0880425961        0.0770403834        0.0673185672        0.0586499382        0.0138519222        0.0116904995        0.0099236123        0.0084999382        1.0000000011
 84.0000        0.6540628836        0.0913125372        0.0798632822        0.0697235030        0.0606679822        0.0140075025        0.0117978183        0.0100015708        0.0085629212        1.0000000011
 84.5000        0.6428815689        0.0946671892        0.0827579677        0.0721871190        0.0627320486        0.0141616043        0.0119046027        0.0100801851        0.0086277156        1.0000000011
 85.0000        0.6314386243        0.0981061486        0.0857242669        0.0747093406        0.0648420807        0.0143144150        0.0120110557        0.0101596342        0.0086944353        1.0000000011
 85.5000        0.6197347459        0.1016288122        0.0887618577        0.0772899842        0.0669979437        0.0144661011        0.0121173504        0.0102400585        0.0087631474        1.0000000011
 86.0000        0.6077713542        0.1052343630        0.0918702568        0.0799287471        0.0691994167        0.0146168051        0.0122236283        0.0103215582        0.0088338718        1.0000000011
 86.5000        0.5955506450        0.1089217554        0.0950488075        0.0826251974        0.0714461848        0.0147666432        0.0123299965        0.0104041916        0.0089065798        1.0000000011
 87.0000        0.5830756408        0.1126897004        0.0982966666        0.0853787636        0.0737378306        0.0149157031        0.0124365266        0.0104879744        0.0089811950        1.0000000011
 87.5000        0.5703502410        0.1165366511        0.1016127919        0.0881887243        0.0760738260        0.0150640421        0.0125432530        0.0105728789        0.0090575929        1.0000000011
 88.0000        0.5573792713        0.1204607873        0.1049959296        0.0910541968        0.0784535230        0.0152116853        0.0126501719        0.0106588336        0.0091356024        1.0000000011
 88.5000        0.5441685310        0.1244600017        0.1084446009        0.0939741268        0.0808761453        0.0153586247        0.0127572405        0.0107457237        0.0092150064        1.0000000011
 89.0000        0.5307248394        0.1285318856        0.1119570894        0.0969472771        0.0833407790        0.0155048181        0.0128643771        0.0108333915        0.0092955439        1.0000000011
 89.5000        0.5170560796        0.1326737147        0.1155314285        0.0999722168        0.0858463640        0.0156501882        0.0129714605        0.0109216371        0.0093769118        1.0000000011
 90.0000        0.5031712401        0.1368824368        0.1191653891        0.1030473103        0.0883916842        0.0157946224        0.0130783309        0.0110102200        0.0094587672        1.0000000011
 90.5000        0.4890804537        0.1411546588        0.1228564674        0.1061707068        0.0909753596        0.0159379731        0.0131847906        0.0110988608        0.0095407302        1.0000000011
 91.0000        0.4747950332        0.1454866358        0.1266018734        0.1093403296        0.0935958365        0.0160800577        0.0132906048        0.0111872430        0.0096223871        1.0000000011
 91.5000        0.4603275029        0.1498742605        0.1303985205        0.1125538662        0.0962513794        0.0162206592        0.0133955034        0.0112750155        0.0097032934        1.0000000011
 92.0000        0.4456916266        0.1543130546        0.1342430148        0.1158087585        0.0989400624        0.0163595280        0.0134991829        0.0113617955        0.0097829779        1.0000000011
 92.5000        0.4309024306        0.1587981611        0.1381316466        0.1191021939        0.1016597609        0.0164963823        0.0136013082        0.0114471713        0.0098609464        1.0000000011
 93.0000        0.4159762219        0.1633243385        0.1420603819        0.1224310965        0.1044081444        0.0166309107        0.0137015156        0.0115307059        0.0099366857        1.0000000011
 93.5000        0.4009305997        0.1678859574        0.1460248562        0.1257921199        0.1071826690        0.0167627741        0.0137994155        0.0116119406        0.0100096687        1.0000000011
 94.0000        0.3857844620        0.1724769984        0.1500203684        0.1291816402        0.1099805709        0.0168916078        0.0138945957        0.0116903992        0.0100793586        1.0000000011
 94.5000        0.3705580039        0.1770910530        0.1540418777        0.1325957505        0.1127988605        0.0170170249        0.0139866248        0.0117655919        0.0101452138        1.0000000011
 95.0000        0.3552727091        0.1817213268        0.1580840016        0.1360302563        0.1156343176        0.0171386192        0.0140750565        0.0118370205        0.0102066934        1.0000000011
 95.5000        0.3399513332        0.1863606456        0.1621410156        0.1394806727        0.1184834869        0.0172559690        0.0141594335        0.0119041825        0.0102632621        1.0000000011
 96.0000        0.3246178781        0.1910014646        0.1662068556        0.1429422224        0.1213426749        0.0173686408        0.0142392921        0.0119665769        0.0103143957        1.0000000011
 96.5000        0.3092975566        0.1956358806        0.1702751228        0.1464098362        0.1242079483        0.0174761934        0.0143141670        0.0120237091        0.0103595871        1.0000000011
 97.0000        0.2940167479        0.2002556480        0.1743390903        0.1498781547        0.1270751328        0.0175781830        0.0143835968        0.0120750964        0.0103983512        1.0000000011
 97.5000        0.2788029414        0.2048521982        0.1783917132        0.1533415321        0.1299398141        0.0176741677        0.0144471288        0.0121202739        0.0104302318        1.0000000012
 98.0000        0.2636846698        0.2094166631        0.1824256417        0.1567940421        0.1327973398        0.0177637126        0.0145043250        0.0121588006        0.0104548064        1.0000000012
 98.5000        0.2486914308        0.2139399022        0.1864332364        0.1602294865        0.1356428234        0.0178463959        0.0145547681        0.0121902649        0.0104716930        1.0000000012
 99.0000        0.2338535959        0.2184125341        0.1904065881        0.1636414057        0.1384711499        0.0179218138        0.0145980670        0.0122142912        0.0104805555        1.0000000012
 99.5000        0.2192023067        0.2228249729        0.1943375397        0.1670230917        0.1412769829        0.0179895874        0.0146338637        0.0122305462        0.0104811100        1.0000000012
100.0000        0.2047693587        0.2271674673        0.1982177129        0.1703676046        0.1440547741        0.0180493683        0.0146618394        0.0122387450        0.0104731307        1.0000000012
100.5000        0.1905870713        0.2314301463        0.2020385374        0.1736677909        0.1467987752        0.0181008454        0.0146817211        0.0122386576        0.0104564558        1.0000000012
101.0000        0.1766881445        0.2356030673        0.2057912849        0.1769163057        0.1495030508        0.0181437513        0.0146932882        0.0122301154        0.0104309931        1.0000000012
101.5000        0.1631055019        0.2396762699        0.2094671058        0.1801056370        0.1521614951        0.0181778691        0.0146963790        0.0122130174        0.0103967260        1.0000000012
102.0000        0.1498721213        0.2436398335        0.2130570706        0.1832281337        0.1547678497        0.0182030392        0.0146908979        0.0121873364        0.0103537189        1.0000000012
102.5000        0.1370208505        0.2474839391        0.2165522148        0.1862760370        0.1573157245        0.0182191660        0.0146768214        0.0121531253        0.0103021224        1.0000000012
103.0000        0.1245842118        0.2511989351        0.2199435872        0.1892415139        0.1597986212        0.0182262253        0.0146542050        0.0121105232        0.0102421784        1.0000000012
103.5000        0.1125941934        0.2547754068        0.2232223023        0.1921166951        0.1622099588        0.0182242699        0.0146231894        0.0120597606        0.0101742249        1.0000000012
104.0000        0.1010820295        0.2582042491        0.2263795960        0.1948937151        0.1645431015        0.0182134376        0.0145840068        0.0120011653        0.0100987002        1.0000000012
104.5000        0.0900779705        0.2614767422        0.2294068846        0.1975647559        0.1667913905        0.0181939565        0.0145369867        0.0119351673        0.0100161471        1.0000000012
105.0000        0.0796110426        0.2645846301        0.2322958266        0.2001220933        0.1689481760        0.0181661516        0.0144825616        0.0118623034        0.0099272160        1.0000000012
105.5000        0.0697088006        0.2675202004        0.2350383879        0.2025581463        0.1710068539        0.0181304506        0.0144212717        0.0117832214        0.0098326683        1.0000000012
106.0000        0.0603970740        0.2702763660        0.2376269081        0.2048655285        0.1729609031        0.0180873893        0.0143537700        0.0116986839        0.0097333782        1.0000000012
106.5000        0.0516997082        0.2728467464        0.2400541703        0.2070371026        0.1748039262        0.0180376161        0.0142808258        0.0116095708        0.0096303348        1.0000000012
107.0000        0.0436383041        0.2752257499        0.2423134704        0.2090660363        0.1765296910        0.0179818965        0.0142033285        0.0115168817        0.0095246426        1.0000000012
107.5000        0.0362319569        0.2774086539        0.2443986890        0.2109458600        0.1781321752        0.0179211168        0.0141222898        0.0114217376        0.0094175219        1.0000000011
108.0000        0.0294969980        0.2793916831        0.2463043621        0.2126705258        0.1796056112        0.0178562863        0.0140388459        0.0113253811        0.0093103076        1.0000000011
108.5000        0.0234467423        0.2811720849        0.2480257518        0.2142344674        0.1809445338        0.0177885398        0.0139542577        0.0112291758        0.0092044477        1.0000000011
109.0000        0.0180912435        0.2827482004        0.2495589155        0.2156326602        0.1821438272        0.0177191378        0.0138699109        0.0111346053        0.0091015003        1.0000000011
109.5000        0.0134370615        0.2841195304        0.2509007733        0.2168606810        0.1831987739        0.0176494667        0.0137873145        0.0110432702        0.0090031297        1.0000000011
110.0000        0.0094870450        0.2852867942        0.2520491711        0.2179147667        0.1841051032        0.0175810374        0.0137080982        0.0109568842        0.0089111011        1.0000000011
110.5000        0.0062401323        0.2862519814        0.2530029414        0.2187918718        0.1848590398        0.0175154822        0.0136340085        0.0108772691        0.0088272745        1.0000000011
111.0000        0.0220269147        0.2858872700        0.2495572761        0.2129616743        0.1774448302        0.0159821682        0.0130623814        0.0115504294        0.0115270568        1.0000000011
111.5000        0.0186182287        0.2875008377        0.2509258180        0.2140197478        0.1781691137        0.0156214671        0.0127189622        0.0112205788        0.0112052472        1.0000000011
112.0000        0.0155252240        0.2889832059        0.2521750988        0.2149750444        0.1788099082        0.0152852411        0.0124032564        0.0109223631        0.0109206593        1.0000000011
112.5000        0.0127553708        0.2903322775        0.2533019928        0.2158242718        0.1793644167        0.0149749335        0.0121164545        0.0106566343        0.0106736491        1.0000000011
113.0000        0.0103158198        0.2915463945        0.2543036230        0.2165642444        0.1798298601        0.0146919287        0.0118596546        0.0104241061        0.0104643699        1.0000000011
113.5000        0.0082132259        0.2926243898        0.2551774057        0.2171919160        0.1802034987        0.0144375547        0.0116338666        0.0102253604        0.0102927834        1.0000000011
114.0000        0.0064535651        0.2935656399        0.2559210953        0.2177044147        0.1804826568        0.0142130865        0.0114400163        0.0100608548        0.0101586717        1.0000000011
114.5000        0.0050419437        0.2943701168        0.2565328321        0.2180990798        0.1806647481        0.0140197488        0.0112789506        0.0099309306        0.0100616507        1.0000000011
115.0000        0.0039824034        0.2950384390        0.2570111893        0.2183735012        0.1807473037        0.0138587190        0.0111514426        0.0098358201        0.0100011829        1.0000000011
115.5000        0.0032777250        0.2955719204        0.2573552216        0.2185255585        0.1807280017        0.0137311302        0.0110581958        0.0097756558        0.0099765921        1.0000000011
116.0000        0.0029292324        0.2959726167        0.2575645126        0.2185534633        0.1806046978        0.0136380735        0.0109998498        0.0097504780        0.0099870771        1.0000000011
116.5000        0.0029366006        0.2962433670        0.2576392214        0.2184557996        0.1803754581        0.0135806009        0.0109769843        0.0097602432        0.0100317260        1.0000000011
117.0000        0.0032976705        0.2963878319        0.2575801271        0.2182315665        0.1800385915        0.0135597263        0.0109901238        0.0098048327        0.0101095308        1.0000000011
117.5000        0.0040082740        0.2964105245        0.2573886708        0.2178802188        0.1795926837        0.0135764276        0.0110397411        0.0098840594        0.0102194012        1.0000000011
118.0000        0.0050620721        0.2963168349        0.2570669944        0.2174017071        0.1790366310        0.0136316469        0.0111262608        0.0099976760        0.0103601779        1.0000000011
118.5000        0.0064504113        0.2961130467        0.2566179741        0.2167965160        0.1783696741        0.0137262904        0.0112500618        0.0101453808        0.0105306460        1.0000000011
119.0000        0.0081621991        0.2958063445        0.2560452493        0.2160657000        0.1775914305        0.0138612276        0.0114114792        0.0103268240        0.0107295469        1.0000000011
119.5000        0.0101838054        0.2954048108        0.2553532451        0.2152109159        0.1767019269        0.0140372894        0.0116108051        0.0105416129        0.0109555897        1.0000000011
120.0000        0.0124989901        0.2949174129        0.2545471874        0.2142344514        0.1757016290        0.0142552648        0.0118482883        0.0107893155        0.0112074615        1.0000000011
120.5000        0.0150888635        0.2943539768        0.2536331103        0.2131392494        0.1745914694        0.0145158973        0.0121241337        0.0110694639        0.0114838367        1.0000000011
121.0000        0.0179318796        0.2937251496        0.2526178541        0.2119289258        0.1733728725        0.0148198793        0.0124384996        0.0113815561        0.0117833844        1.0000000011
121.5000        0.0210038677        0.2930423480        0.2515090541        0.2106077827        0.1720477766        0.0151678460        0.0127914942        0.0117250565        0.0121047753        1.0000000011
122.0000        0.0242781034        0.2923176940        0.2503151187        0.2091808135        0.1706186514        0.0155603673        0.0131831710        0.0120993953        0.0124466864        1.0000000011
122.5000        0.0277254220        0.2915639359        0.2490451967        0.2076537004        0.1690885117        0.0159979394        0.0136135232        0.0125039669        0.0128078049        1.0000000011
123.0000        0.0313143754        0.2907943565        0.2477091330        0.2060328047        0.1674609250        0.0164809747        0.0140824759        0.0129381263        0.0131868297        1.0000000011
123.5000        0.0350114340        0.2900226672        0.2463174123        0.2043251477        0.1657400150        0.0170097900        0.0145898781        0.0134011848        0.0135824720        1.0000000011
124.0000        0.0271752114        0.2927039431        0.2466669159        0.2026237873        0.1625459311        0.0185601359        0.0167207021        0.0161022112        0.0169011631        1.0000000011
124.5000        0.0295662743        0.2923570148        0.2456463090        0.2011998224        0.1610106360        0.0190842664        0.0172339954        0.0165805790        0.0173211036        1.0000000011
125.0000        0.0320476542        0.2920061065        0.2445820211        0.1997108140        0.1594091351        0.0196474777        0.0177764195        0.0170762746        0.0177440984        1.0000000011
125.5000        0.0346041290        0.2916596565        0.2434802554        0.1981607008        0.1577436432        0.0202492069        0.0183468425        0.0175876100        0.0181679568        1.0000000011
126.0000        0.0372192022        0.2913263861        0.2423476039        0.1965537924        0.1560166575        0.0208888161        0.0189440862        0.0181128967        0.0185905601        1.0000000011
126.5000        0.0374737344        0.2916565499        0.2416192319        0.1950613329        0.1541404960        0.0217176398        0.0198262109        0.0190163084        0.0194884968        1.0000000011
127.0000        0.0399755382        0.2914139835        0.2405051387        0.1934223315        0.1523613725        0.0224111600        0.0204580237        0.0195541519        0.0198983011        1.0000000011
127.5000        0.0425070480        0.2912018345        0.2393752387        0.1917384373        0.1505298551        0.0231386917        0.0211110732        0.0200989383        0.0202988842        1.0000000011
128.0000        0.0450508905        0.2910287322        0.2382365039        0.1900144732        0.1486488669        0.0238992613        0.0217839570        0.0206489377        0.0206883782        1.0000000011
128.5000        0.0475886621        0.2909033848        0.2370961840        0.1882555924        0.1467216104        0.0246918260        0.0224752476        0.0212024567        0.0210650371        1.0000000011
129.0000        0.0501010670        0.2908345015        0.2359617620        0.1864672609        0.1447515666        0.0255152703        0.0231834926        0.0217578399        0.0214272403        1.0000000011
129.5000        0.0525680849        0.2908307088        0.2348409018        0.1846552332        0.1427424903        0.0263684027        0.0239072129        0.0223134716        0.0217734949        1.0000000011
130.0000        0.0549691652        0.2909004595        0.2337413885        0.1828255227        0.1406984012        0.0272499502        0.0246449013        0.0228677759        0.0221024367        1.0000000011
130.5000        0.0572834484        0.2910519369        0.2326710621        0.1809843651        0.1386235703        0.0281585541        0.0253950193        0.0234192156        0.0224128292        1.0000000011
131.0000        0.0594900108        0.2912929555        0.2316377452        0.1791381769        0.1365225024        0.0290927638        0.0261559939        0.0239662906        0.0227035619        1.0000000011
131.5000        0.0615681308        0.2916308587        0.2306491646        0.1772935064        0.1343999135        0.0300510313        0.0269262140        0.0245075352        0.0229736466        1.0000000011
132.0000        0.0634975734        0.2920724163        0.2297128687        0.1754569805        0.1322607039        0.0310317054        0.0277040258        0.0250415144        0.0232222126        1.0000000011
132.5000        0.0652588880        0.2926237227        0.2288361415        0.1736352462        0.1301099269        0.0320330253        0.0284877281        0.0255668205        0.0234485019        1.0000000011
133.0000        0.0668337151        0.2932900986        0.2280259140        0.1718349069        0.1279527527        0.0330531156        0.0292755684        0.0260820681        0.0236518618        1.0000000011
133.5000        0.0682050974        0.2940759980        0.2272886752        0.1700624556        0.1257944287        0.0340899802        0.0300657379        0.0265858900        0.0238317382        1.0000000011
134.0000        0.0693577882        0.2949849222        0.2266303837        0.1683242055        0.1236402357        0.0351414989        0.0308563672        0.0270769319        0.0239876680        1.0000000011
134.5000        0.0702785517        0.2960193439        0.2260563817        0.1666262177        0.1214954415        0.0362054226        0.0316455232        0.0275538482        0.0241192707        1.0000000011
135.0000        0.0709564485        0.2971806434        0.2255713135        0.1649742298        0.1193652510        0.0372793714        0.0324312057        0.0280152973        0.0242262404        1.0000000011
135.5000        0.0713830991        0.2984690580        0.2251790501        0.1633735836        0.1172547548        0.0383608334        0.0332113458        0.0284599384        0.0243083381        1.0000000011
136.0000        0.0715529188        0.2998836485        0.2248826218        0.1618291555        0.1151688762        0.0394471647        0.0339838046        0.0288864277        0.0243653834        1.0000000011
136.5000        0.0714633176        0.3014222832        0.2246841603        0.1603452906        0.1131123183        0.0405355921        0.0347463745        0.0292934166        0.0243972479        1.0000000011
137.0000        0.0711148577        0.3030816412        0.2245848540        0.1589257406        0.1110895106        0.0416232173        0.0354967803        0.0296795508        0.0244038486        1.0000000011
137.5000        0.0705113631        0.3048572371        0.2245849147        0.1575736090        0.1091045579        0.0427070228        0.0362326842        0.0300434705        0.0243851418        1.0000000011
138.0000        0.0696599754        0.3067434665        0.2246835611        0.1562913035        0.1071611910        0.0437838815        0.0369516908        0.0303838116        0.0243411197        1.0000000011
138.5000        0.0685711509        0.3087336747        0.2248790177        0.1550804981        0.1052627213        0.0448505678        0.0376513549        0.0306992097        0.0242718059        1.0000000011
139.0000        0.0672585959        0.3108202468        0.2251685316        0.1539421052        0.1034119993        0.0459037710        0.0383291920        0.0309883044        0.0241772547        1.0000000011
139.5000        0.0657391367        0.3129947199        0.2255484074        0.1528762600        0.1016113790        0.0469401128        0.0389826898        0.0312497462        0.0240575494        1.0000000011
140.0000        0.0640325228        0.3152479148        0.2260140605        0.1518823172        0.0998626885        0.0479561659        0.0396093226        0.0314822047        0.0239128040        1.0000000011
140.5000        0.0621611649        0.3175700880        0.2265600896        0.1509588619        0.0981672085        0.0489484757        0.0402065682        0.0316843788        0.0237431656        1.0000000011
141.0000        0.0601498067        0.3199510985        0.2271803671        0.1501037342        0.0965256581        0.0499135851        0.0407719256        0.0318550085        0.0235488174        1.0000000011
141.5000        0.0580251369        0.3223805892        0.2278681465        0.1493140687        0.0949381901        0.0508480604        0.0413029361        0.0319928883        0.0233299850        1.0000000011
142.0000        0.0558153434        0.3248481782        0.2286161862        0.1485863484        0.0934043960        0.0517485205        0.0417972053        0.0320968815        0.0230869416        1.0000000011
142.5000        0.0535496192        0.3273436555        0.2294168869        0.1479164728        0.0919233200        0.0526116668        0.0422524267        0.0321659368        0.0228200165        1.0000000011
143.0000        0.0512576256        0.3298571818        0.2302624408        0.1472998398        0.0904934842        0.0534343150        0.0426664069        0.0321991046        0.0225296025        1.0000000011
143.5000        0.0489689256        0.3323794846        0.2311449896        0.1467314391        0.0891129227        0.0542134281        0.0430370910        0.0321955550        0.0222161654        1.0000000011
144.0000        0.0467123971        0.3349020445        0.2320567872        0.1462059582        0.0877792266        0.0549461496        0.0433625893        0.0321545956        0.0218802529        1.0000000011
144.5000        0.0445156395        0.3374172695        0.2329903653        0.1457178956        0.0864895980        0.0556298364        0.0436412032        0.0320756895        0.0215225042        1.0000000011
145.0000        0.0424043868        0.3399186489        0.2339386956        0.1452616828        0.0852409122        0.0562620920        0.0438714516        0.0319584727        0.0211436586        1.0000000011
145.5000        0.0404019435        0.3424008846        0.2348953463        0.1448318094        0.0840297888        0.0568407976        0.0440520956        0.0318027710        0.0207445642        1.0000000011
146.0000        0.0385286567        0.3448599926        0.2358546270        0.1444229506        0.0828526685        0.0573641425        0.0441821624        0.0316086154        0.0203261852        1.0000000011
146.5000        0.0368014397        0.3472933712        0.2368117191        0.1440300935        0.0817058952        0.0578306511        0.0442609667        0.0313762565        0.0198896080        1.0000000011
147.0000        0.0352333628        0.3496998331        0.2377627862        0.1436486579        0.0805858021        0.0582392076        0.0442881304        0.0311061754        0.0194360456        1.0000000011
147.5000        0.0338333241        0.3520795965        0.2387050606        0.1432746104        0.0794887991        0.0585890768        0.0442635990        0.0307990945        0.0189668401        1.0000000011
148.0000        0.0326058134        0.3544342352        0.2396369036        0.1429045667        0.0784114602        0.0588799213        0.0441876545        0.0304559831        0.0184834631        1.0000000011
148.5000        0.0315507793        0.3567665856        0.2405578340        0.1425358795        0.0773506088        0.0591118136        0.0440609248        0.0300780618        0.0179875138        1.0000000011
149.0000        0.0306636088        0.3590806111        0.2414685251        0.1421667093        0.0763033984        0.0592852431        0.0438843893        0.0296668023        0.0174807137        1.0000000011
149.5000        0.0299352247        0.3613812270        0.2423707658        0.1417960745        0.0752673868        0.0594011181        0.0436593793        0.0292239250        0.0169649000        1.0000000011
150.0000        0.0293523044        0.3636740861        0.2432673874        0.1414238791        0.0742406016        0.0594607618        0.0433875746        0.0287513913        0.0164420149        1.0000000011
150.5000        0.0288976181        0.3659653331        0.2441621544        0.1410509157        0.0732215955        0.0594659026        0.0430709949        0.0282513939        0.0159140928        1.0000000011
151.0000        0.0285504847        0.3682613306        0.2450596218        0.1406788428        0.0722094886        0.0594186582        0.0427119865        0.0277263424        0.0153832455        1.0000000011
151.5000        0.0282873354        0.3705683651        0.2459649603        0.1403101350        0.0712039970        0.0593215144        0.0423132045        0.0271788456        0.0148516438        1.0000000011
152.0000        0.0280823754        0.3728923422        0.2468837545        0.1399480069        0.0702054455        0.0591772973        0.0418775905        0.0266116911        0.0143214977        1.0000000011
152.5000        0.0279083274        0.3752384781        0.2478217765        0.1395963112        0.0692147648        0.0589891412        0.0414083454        0.0260278211        0.0137950354        1.0000000011
153.0000        0.0277372390        0.3776109999        0.2487847430        0.1392594123        0.0682334708        0.0587604507        0.0409088996        0.0254303061        0.0132744797        1.0000000011
153.5000        0.0275413331        0.3800128628        0.2497780607        0.1389420388        0.0672636270        0.0584948592        0.0403828784        0.0248223162        0.0127620249        1.0000000011
154.0000        0.0272938757        0.3824454972        0.2508065689        0.1386491171        0.0663077903        0.0581961828        0.0398340655        0.0242070915        0.0122598122        1.0000000011
154.5000        0.0269700366        0.3849085939        0.2518742865        0.1383855910        0.0653689406        0.0578683720        0.0392663639        0.0235879102        0.0117699064        1.0000000011
155.0000        0.0265477150        0.3873999396        0.2529841726        0.1381562314        0.0644503955        0.0575154613        0.0386837555        0.0229680573        0.0112942728        1.0000000011
155.5000        0.0260083025        0.3899153092        0.2541379088        0.1379654430        0.0635557120        0.0571415173        0.0380902590        0.0223507933        0.0108347560        1.0000000011
156.0000        0.0203906691        0.3940865429        0.2570015051        0.1388501560        0.0628404705        0.0574386010        0.0377405558        0.0216146934        0.0100368074        1.0000000011
156.5000        0.0192813527        0.3964042981        0.2582052469        0.1388471948        0.0621359107        0.0571338799        0.0372388221        0.0210935115        0.0096597845        1.0000000011
157.0000        0.0181753221        0.3986796168        0.2594013789        0.1388601137        0.0614577132        0.0568073523        0.0367316205        0.0205825408        0.0093043428        1.0000000011
157.5000        0.0170732363        0.4009086154        0.2605870546        0.1388877367        0.0608058236        0.0564613010        0.0362213786        0.0200836731        0.0089711818        1.0000000011
158.0000        0.0159766416        0.4030872488        0.2617591623        0.1389286958        0.0601801364        0.0560980323        0.0357105016        0.0195987155        0.0086608668        1.0000000011
158.5000        0.0148879886        0.4052113641        0.2629143326        0.1389814119        0.0595804733        0.0557198624        0.0352013589        0.0191293818        0.0083738275        1.0000000011
159.0000        0.0138106155        0.4072767664        0.2640489567        0.1390440814        0.0590065639        0.0553291038        0.0346962714        0.0186772838        0.0081103582        1.0000000011
159.5000        0.0127486940        0.4092792968        0.2651592169        0.1391146688        0.0584580272        0.0549280531        0.0341975005        0.0182439249        0.0078706190        1.0000000011
160.0000        0.0117071412        0.4112149195        0.2662411282        0.1391909085        0.0579343552        0.0545189797        0.0337072372        0.0178306939        0.0076546376        1.0000000011
160.5000        0.0106914969        0.4130798168        0.2672905917        0.1392703142        0.0574349009        0.0541041156        0.0332275918        0.0174388596        0.0074623136        1.0000000011
161.0000        0.0097077707        0.4148704869        0.2683034572        0.1393501966        0.0569588684        0.0536856459        0.0327605856        0.0170695672        0.0072934224        1.0000000011
161.5000        0.0087622627        0.4165838442        0.2692755950        0.1394276902        0.0565053086        0.0532657015        0.0323081426        0.0167238351        0.0071476213        1.0000000011
162.0000        0.0078613639        0.4182173151        0.2702029732        0.1394997878        0.0560731183        0.0528463521        0.0318720829        0.0164025525        0.0070244555        1.0000000011
162.5000        0.0071915636        0.4192565427        0.2707419435        0.1394948384        0.0557878852        0.0526091086        0.0316586372        0.0162685014        0.0069909805        1.0000000011
163.0000        0.0065523143        0.4207346052        0.2715260102        0.1394912288        0.0553626941        0.0521673899        0.0312471872        0.0159989133        0.0069196579        1.0000000011
163.5000        0.0059492213        0.4221479051        0.2722681886        0.1394770730        0.0549519678        0.0517297104        0.0308541157        0.0157535510        0.0068682681        1.0000000011
164.0000        0.0053827508        0.4234958798        0.2729668572        0.1394510686        0.0545551864        0.0512984389        0.0304810564        0.0155328339        0.0068359291        1.0000000011
164.5000        0.0048536789        0.4247780816        0.2736203795        0.1394118571        0.0541718104        0.0508759002        0.0301295504        0.0153370670        0.0068216760        1.0000000011
165.0000        0.0043630543        0.4259942175        0.2742271216        0.1393580223        0.0538012720        0.0504643648        0.0298010396        0.0151664406        0.0068244683        1.0000000011
165.5000        0.0039121449        0.4271441912        0.2747854769        0.1392880928        0.0534429673        0.0500660384        0.0294968606        0.0150210310        0.0068431979        1.0000000011
166.0000        0.0035023676        0.4282281490        0.2752938954        0.1392005491        0.0530962500        0.0496830522        0.0292182386        0.0149008017        0.0068766975        1.0000000011
166.5000        0.0031352058        0.4292465236        0.2757509178        0.1390938349        0.0527604269        0.0493174541        0.0289662833        0.0148056053        0.0069237494        1.0000000011
167.0000        0.0028121159        0.4302000782        0.2761552135        0.1389663734        0.0524347559        0.0489712003        0.0287419833        0.0147351860        0.0069830945        1.0000000011
167.5000        0.0025344287        0.4310899445        0.2765056202        0.1388165871        0.0521184463        0.0486461475        0.0285462033        0.0146891819        0.0070534415        1.0000000011
168.0000        0.0023032480        0.4319176554        0.2768011843        0.1386429214        0.0518106615        0.0483440459        0.0283796796        0.0146671287        0.0071334762        1.0000000011
168.5000        0.0021193523        0.4326851689        0.2770412005        0.1384438714        0.0515105241        0.0480665330        0.0282430184        0.0146684625        0.0072218701        1.0000000011
169.0000        0.0019831034        0.4333948822        0.2772252483        0.1382180099        0.0512171239        0.0478151282        0.0281366922        0.0146925237        0.0073172893        1.0000000011
169.5000        0.0018943676        0.4340496332        0.2773532240        0.1379640176        0.0509295278        0.0475912278        0.0280610391        0.0147385608        0.0074184032        1.0000000011
170.0000        0.0018524526        0.4346526901        0.2774253671        0.1376807120        0.0506467923        0.0473961014        0.0280162604        0.0148057338        0.0075238914        1.0000000011
170.5000        0.0018560648        0.4352077266        0.2774422779        0.1373670761        0.0503679768        0.0472308883        0.0280024204        0.0148931182        0.0076324520        1.0000000011
171.0000        0.0019032900        0.4357187844        0.2774049267        0.1370222837        0.0500921596        0.0470965953        0.0280194454        0.0149997089        0.0077428071        1.0000000011
171.5000        0.0019915989        0.4361902215        0.2773146536        0.1366457217        0.0498184530        0.0469940951        0.0280671242        0.0151244237        0.0078537093        1.0000000011
172.0000        0.0021178798        0.4366266503        0.2771731559        0.1362370080        0.0495460203        0.0469241250        0.0281451084        0.0152661069        0.0079639464        1.0000000011
172.5000        0.0022784975        0.4370328637        0.2769824668        0.1357960023        0.0492740910        0.0468872870        0.0282529138        0.0154235337        0.0080723454        1.0000000011
173.0000        0.0024693768        0.4374137547        0.2767449214        0.1353228125        0.0490019761        0.0468840484        0.0283899219        0.0155954129        0.0081777764        1.0000000011
173.5000        0.0026861092        0.4377742309        0.2764631146        0.1348177921        0.0487290815        0.0469147432        0.0285553825        0.0157803919        0.0082791553        1.0000000011
174.0000        0.0029240776        0.4381191266        0.2761398492        0.1342815318        0.0484549186        0.0469795740        0.0287484173        0.0159770603        0.0083754458        1.0000000011
174.5000        0.0031785950        0.4384531175        0.2757780778        0.1337148433        0.0481791133        0.0470786151        0.0289680237        0.0161839542        0.0084656612        1.0000000011
175.0000        0.0034450505        0.4387806407        0.2753808390        0.1331187356        0.0479014111        0.0472118164        0.0292130799        0.0163995618        0.0085488661        1.0000000011
175.5000        0.0037190568        0.4391058230        0.2749511924        0.1324943864        0.0476216792        0.0473790073        0.0294823511        0.0166223281        0.0086241767        1.0000000011
176.0000        0.0039965913        0.4394324228        0.2744921526        0.1318431067        0.0473399047        0.0475799020        0.0297744964        0.0168506619        0.0086907627        1.0000000011
176.5000        0.0042741242        0.4397637860        0.2740066271        0.1311663021        0.0470561890        0.0478141054        0.0300880771        0.0170829420        0.0087478480        1.0000000011
177.0000        0.0045487270        0.4401028209        0.2734973598        0.1304654318        0.0467707390        0.0480811192        0.0304215660        0.0173175254        0.0087947119        1.0000000011
177.5000        0.0048181544        0.4404519907        0.2729668830        0.1297419657        0.0464838542        0.0483803486        0.0307733574        0.0175527558        0.0088306911        1.0000000011
178.0000        0.0050808950        0.4408133277        0.2724174806        0.1289973432        0.0461959114        0.0487111096        0.0311417786        0.0177869735        0.0088551814        1.0000000011
178.5000        0.0051179033        0.4412678051        0.2720426664        0.1283752742        0.0459179760        0.0489520962        0.0314377352        0.0179923100        0.0088962346        1.0000000011
179.0000        0.0054491354        0.4415990657        0.2714341716        0.1276000798        0.0456475461        0.0493472759        0.0318268209        0.0182079655        0.0088879401        1.0000000011
179.5000        0.0057848648        0.4419454373        0.2708041316        0.1268006919        0.0453761872        0.0497745094        0.0322295111        0.0184184931        0.0088661748        1.0000000011
180.0000        0.0061217067        0.4423107759        0.2701553902        0.1259780346        0.0451036748        0.0502327262        0.0326441964        0.0186226502        0.0088308461        1.0000000011
180.5000        0.0064561733        0.4426987806        0.2694909025        0.1251331891        0.0448298371        0.0507207210        0.0330692093        0.0188192335        0.0087819546        1.0000000011
181.0000        0.0067847747        0.4431129277        0.2688136928        0.1242673858        0.0445545628        0.0512371581        0.0335028282        0.0190070811        0.0087195900        1.0000000011
181.5000        0.0071041273        0.4435564094        0.2681268070        0.1233819906        0.0442778080        0.0517805767        0.0339432821        0.0191850739        0.0086439262        1.0000000011
182.0000        0.0074110645        0.4440320786        0.2674332622        0.1224784866        0.0439996015        0.0523493988        0.0343887563        0.0193521365        0.0085552161        1.0000000011
182.5000        0.0077027433        0.4445424040        0.2667359955        0.1215584500        0.0437200474        0.0529419368        0.0348373986        0.0195072392        0.0084537863        1.0000000011
183.0000        0.0079767415        0.4450894364        0.2660378146        0.1206235230        0.0434393244        0.0535564038        0.0352873270        0.0196493996        0.0083400308        1.0000000011
183.5000        0.0082311396        0.4456747900        0.2653413521        0.1196753836        0.0431576838        0.0541909239        0.0357366381        0.0197776848        0.0082144051        1.0000000011
184.0000        0.0084645817        0.4462996391        0.2646490263        0.1187157136        0.0428754440        0.0548435449        0.0361834165        0.0198912140        0.0080774211        1.0000000011
184.5000        0.0086763120        0.4469647312        0.2639630102        0.1177461669        0.0425929818        0.0555122508        0.0366257456        0.0199891618        0.0079296409        1.0000000011
185.0000        0.0088661832        0.4476704154        0.2632852107        0.1167683390        0.0423107229        0.0561949762        0.0370617194        0.0200707623        0.0077716720        1.0000000011
185.5000        0.0090346352        0.4484166871        0.2626172588        0.1157837391        0.0420291286        0.0568896208        0.0374894547        0.0201353138        0.0076041630        1.0000000011
186.0000        0.0091826435        0.4492032438        0.2619605127        0.1147937669        0.0417486822        0.0575940641        0.0379071051        0.0201821841        0.0074277988        1.0000000011
186.5000        0.0093116406        0.4500295521        0.2613160720        0.1137996940        0.0414698741        0.0583061805        0.0383128738        0.0202108163        0.0072432977        1.0000000011
187.0000        0.0094460729        0.4508008266        0.2607457597        0.1129084946        0.0412255180        0.0589259586        0.0386493099        0.0202185578        0.0070795029        1.0000000011
187.5000        0.0096455335        0.4516635190        0.2600916060        0.1119009651        0.0409631155        0.0596452689        0.0390157926        0.0201983451        0.0068758555        1.0000000011
188.0000        0.0098271840        0.4525716356        0.2594505556        0.1108872255        0.0407015682        0.0603693017        0.0393675315        0.0201591716        0.0066658273        1.0000000011
188.5000        0.0099876573        0.4535264843        0.2588251891        0.1098687262        0.0404407855        0.0610960850        0.0397034035        0.0201012180        0.0064504522        1.0000000011
189.0000        0.0101238120        0.4545289285        0.2582180216        0.1088470468        0.0401807375        0.0618235861        0.0400223259        0.0200247489        0.0062307939        1.0000000011
189.5000        0.0102329006        0.4555793236        0.2576314320        0.1078238712        0.0399214663        0.0625497161        0.0403232524        0.0199301040        0.0060079349        1.0000000011
190.0000        0.0103127272        0.4566774729        0.2570675915        0.1068009531        0.0396630940        0.0632723360        0.0406051713        0.0198176890        0.0057829661        1.0000000011
190.5000        0.0103617808        0.4578226052        0.2565283984        0.1057800783        0.0394058268        0.0639892662        0.0408671035        0.0196879661        0.0055569758        1.0000000011
191.0000        0.0103793376        0.4590133790        0.2560154209        0.1047630208        0.0391499555        0.0646982974        0.0411081039        0.0195414460        0.0053310401        1.0000000011
191.5000        0.0101633628        0.4602363015        0.2556272210        0.1038334480        0.0388894710        0.0653590549        0.0413420325        0.0194180190        0.0051310904        1.0000000011
192.0000        0.0102044033        0.4614700067        0.2551452010        0.1028321729        0.0386495803        0.0660314625        0.0415252338        0.0192331570        0.0049087835        1.0000000011
192.5000        0.0102234596        0.4627456617        0.2546873972        0.1018346448        0.0384120639        0.0666911202        0.0416847727        0.0190321212        0.0046887599        1.0000000011
193.0000        0.0102179692        0.4640626945        0.2542555422        0.1008422786        0.0381768642        0.0673363879        0.0418203987        0.0188158454        0.0044720204        1.0000000011
193.5000        0.0101858410        0.4654200111        0.2538511810        0.0998565691        0.0379439913        0.0679656162        0.0419319265        0.0185853234        0.0042595417        1.0000000011
194.0000        0.0101256103        0.4668159672        0.2534756003        0.0988790538        0.0377135325        0.0685771473        0.0420192269        0.0183415953        0.0040522675        1.0000000011
194.5000        0.0100365622        0.4682483677        0.2531297658        0.0979112723        0.0374856579        0.0691693201        0.0420822200        0.0180857355        0.0038510996        1.0000000011
195.0000        0.0099188155        0.4697144942        0.2528142728        0.0969547210        0.0372606209        0.0697404770        0.0421208690        0.0178188402        0.0036568905        1.0000000011
195.5000        0.0097733588        0.4712111618        0.2525293118        0.0960108081        0.0370387552        0.0702889759        0.0421351771        0.0175420167        0.0034704356        1.0000000011
196.0000        0.0096020360        0.4727348018        0.2522746546        0.0950808107        0.0368204658        0.0708132038        0.0421251866        0.0172563738        0.0032924679        1.0000000011
196.5000        0.0094074791        0.4742815675        0.2520496602        0.0941658363        0.0366062163        0.0713115943        0.0420909808        0.0169630141        0.0031236525        1.0000000011
197.0000        0.0091929913        0.4758474554        0.2518533024        0.0932667928        0.0363965128        0.0717826481        0.0420326877        0.0166630272        0.0029645834        1.0000000011
197.5000        0.0089623868        0.4774284378        0.2516842184        0.0923843662        0.0361918833        0.0722249543        0.0419504873        0.0163574864        0.0028157806        1.0000000011
198.0000        0.0087197951        0.4790205943        0.2515407750        0.0915190118        0.0359928564        0.0726372143        0.0418446204        0.0160474451        0.0026776887        1.0000000011
198.5000        0.0084694428        0.4806202383        0.2514211490        0.0906709549        0.0357999385        0.0730182655        0.0417153987        0.0157339366        0.0025506769        1.0000000011
199.0000        0.0082154264        0.4822240252        0.2513234181        0.0898402060        0.0356135907        0.0733671037        0.0415632174        0.0154179745        0.0024350389        1.0000000011
199.5000        0.0079614901        0.4838290389        0.2512456555        0.0890265868        0.0354342089        0.0736829055        0.0413885665        0.0151005544        0.0023309945        1.0000000011
200.0000        0.0077108257        0.4854328461        0.2511860216        0.0882297663        0.0352621046        0.0739650461        0.0411920433        0.0147826565        0.0022386908        1.0000000011
200.5000        0.0074659063        0.4870335171        0.2511428483        0.0874493055        0.0350974921        0.0742131149        0.0409743634        0.0144652488        0.0021582047        1.0000000011
201.0000        0.0072283677        0.4886296086        0.2511147081        0.0866847085        0.0349404788        0.0744269260        0.0407363695        0.0141492897        0.0020895441        1.0000000011
201.5000        0.0069989465        0.4902201100        0.2511004635        0.0859354743        0.0347910624        0.0746065236        0.0404790388        0.0138357316        0.0020326505        1.0000000011
202.0000        0.0067774794        0.4918043557        0.2510992928        0.0852011490        0.0346491340        0.0747521812        0.0402034865        0.0135255220        0.0019874005        1.0000000011
202.5000        0.0065629664        0.4933819096        0.2511106900        0.0844813729        0.0345144873        0.0748643962        0.0399109657        0.0132196053        0.0019536077        1.0000000011
203.0000        0.0063536928        0.4949524299        0.2511344372        0.0837759190        0.0343868345        0.0749438769        0.0396028646        0.0129189223        0.0019310239        1.0000000011
203.5000        0.0061474043        0.4965155234        0.2511705519        0.0830847220        0.0342658261        0.0749915258        0.0392806980        0.0126244092        0.0019193406        1.0000000011
204.0000        0.0059415213        0.4980706017        0.2512192117        0.0824078931        0.0341510765        0.0750084164        0.0389460964        0.0123369938        0.0019181904        1.0000000011
204.5000        0.0057333785        0.4996167502        0.2512806620        0.0817457206        0.0340421914        0.0749957673        0.0386007904        0.0120575919        0.0019271488        1.0000000011
205.0000        0.0055204720        0.5011526209        0.2513551129        0.0810986565        0.0339387967        0.0749549127        0.0382465921        0.0117871015        0.0019457357        1.0000000011
205.5000        0.0053006948        0.5026763593        0.2514426327        0.0804672875        0.0338405674        0.0748872720        0.0378853738        0.0115263954        0.0019734184        1.0000000011
206.0000        0.0050725433        0.5041855723        0.2515430468        0.0798522943        0.0337472527        0.0747943183        0.0375190447        0.0112763140        0.0020096146        1.0000000011
206.5000        0.0048352783        0.5056773430        0.2516558507        0.0792544014        0.0336586988        0.0746775496        0.0371495261        0.0110376567        0.0020536966        1.0000000011
207.0000        0.0045890261        0.5071482908        0.2517801425        0.0786743192        0.0335748642        0.0745384620        0.0367787271        0.0108111728        0.0021049963        1.0000000011
207.5000        0.0043348132        0.5085946781        0.2519145835        0.0781126855        0.0334958295        0.0743785270        0.0364085199        0.0105975531        0.0021628114        1.0000000011
208.0000        0.0040745277        0.5100125533        0.2520573905        0.0775700074        0.0334217977        0.0741991740        0.0360407175        0.0103974208        0.0022264122        1.0000000011
208.5000        0.0038108121        0.5113979235        0.2522063606        0.0770466112        0.0333530873        0.0740017798        0.0356770536        0.0102113235        0.0022950496        1.0000000011
209.0000        0.0035468933        0.5127469422        0.2523589300        0.0765426019        0.0332901170        0.0737876630        0.0353191648        0.0100397259        0.0023679630        1.0000000011
209.5000        0.0032863635        0.5140560995        0.2525122623        0.0760578371        0.0332333824        0.0735580867        0.0349685778        0.0098830029        0.0024443891        1.0000000011
210.0000        0.0030329286        0.5153223969        0.2526633613        0.0755919171        0.0331834274        0.0733142667        0.0346266991        0.0097414343        0.0025235698        1.0000000011
210.5000        0.0027901453        0.5165434956        0.2528091994        0.0751441934        0.0331408102        0.0730573862        0.0342948101        0.0096152002        0.0026047606        1.0000000011
211.0000        0.0025611675        0.5177178217        0.2529468538        0.0747137939        0.0331060679        0.0727886148        0.0339740659        0.0095043781        0.0026872374        1.0000000011
211.5000        0.0023485240        0.5188446199        0.2530736380        0.0742996658        0.0330796813        0.0725091318        0.0336654977        0.0094089405        0.0027703021        1.0000000011
212.0000        0.0021539474        0.5199239499        0.2531872194        0.0739006306        0.0330620419        0.0722201508        0.0333700198        0.0093287544        0.0028532870        1.0000000011
212.5000        0.0019782674        0.5209566223        0.2532857122        0.0735154503        0.0330534249        0.0719229454        0.0330884388        0.0092635818        0.0029355579        1.0000000011
213.0000        0.0018213807        0.5219440786        0.2533677385        0.0731428978        0.0330539698        0.0716188734        0.0328214657        0.0092130819        0.0030165147        1.0000000011
213.5000        0.0016823001        0.5228882236        0.2534324497        0.0727818267        0.0330636695        0.0713093973        0.0325697295        0.0091768140        0.0030955907        1.0000000011
214.0000        0.0015592781        0.5237912225        0.2534795075        0.0724312359        0.0330823715        0.0709961006        0.0323337917        0.0091542421        0.0031722513        1.0000000011
214.5000        0.0014499966        0.5246552800        0.2535090236        0.0720903223        0.0331097886        0.0706806983        0.0321141607        0.0091447411        0.0032459900        1.0000000011
215.0000        0.0013518051        0.5254824194        0.2535214624        0.0717585186        0.0331455213        0.0703650392        0.0319113052        0.0091476044        0.0033163255        1.0000000011
215.5000        0.0012619863        0.5262742819        0.2535175148        0.0714355115        0.0331890890        0.0700511016        0.0317256665        0.0091620524        0.0033827972        1.0000000011
216.0000        0.0011780246        0.5270319640        0.2534979513        0.0711212394        0.0332399692        0.0697409799        0.0315576677        0.0091872428        0.0034449623        1.0000000011
216.5000        0.0010978526        0.5277559099        0.2534634698        0.0708158686        0.0332976411        0.0694368637        0.0314077206        0.0092222821        0.0035023928        1.0000000011
217.0000        0.0010200526        0.5284458685        0.2534145483        0.0705197498        0.0333616307        0.0691410098        0.0312762285        0.0092662379        0.0035546750        1.0000000011
217.5000        0.0009439916        0.5291009239        0.2533513173        0.0702333585        0.0334315541        0.0688557077        0.0311635862        0.0093181519        0.0036014097        1.0000000011
218.0000        0.0008698774        0.5297195956        0.2532734648        0.0699572228        0.0335071554        0.0685832410        0.0310701750        0.0093770534        0.0036422156        1.0000000011
218.5000        0.0007987285        0.5303000049        0.2531801816        0.0696918459        0.0335883351        0.0683258447        0.0309963549        0.0094419720        0.0036767337        1.0000000011
219.0000        0.0007322592        0.5308400908        0.2530701549        0.0694376284        0.0336751675        0.0680856630        0.0309424523        0.0095119505        0.0037046345        1.0000000011
219.5000        0.0006726907        0.5313378600        0.2529416117        0.0691947989        0.0337679046        0.0678647074        0.0309087453        0.0095860555        0.0037256268        1.0000000011
220.0000        0.0006225052        0.5317916454        0.2527924098        0.0689633570        0.0338669653        0.0676648180        0.0308954461        0.0096633871        0.0037394672        1.0000000011
220.5000        0.0005841671        0.5322003512        0.2526201699        0.0687430360        0.0339729100        0.0674876303        0.0309026810        0.0097430848        0.0037459708        1.0000000011
221.0000        0.0005598399        0.5325636590        0.2524224380        0.0685332877        0.0340864034        0.0673345490        0.0309304706        0.0098243320        0.0037450214        1.0000000011
221.5000        0.0005511280        0.5328821740        0.2521968638        0.0683332928        0.0342081663        0.0672067302        0.0309787092        0.0099063563        0.0037365806        1.0000000011
222.0000        0.0005588698        0.5331574948        0.2519413790        0.0681419948        0.0343389211        0.0671050724        0.0310471459        0.0099884270        0.0037206963        1.0000000011
222.5000        0.0005830079        0.5333921976        0.2516543595        0.0679581573        0.0344793353        0.0670302182        0.0311353685        0.0100698496        0.0036975071        1.0000000011
223.0000        0.0006225497        0.5335897319        0.2513347552        0.0677804382        0.0346299674        0.0669825655        0.0312427904        0.0101499574        0.0036672454        1.0000000011
223.5000        0.0006756281        0.5337542357        0.2509821734        0.0676074759        0.0347912203        0.0669622875        0.0313686424        0.0102281011        0.0036302368        1.0000000011
224.0000        0.0007396563        0.5338902845        0.2505969080        0.0674379799        0.0349633066        0.0669693620        0.0315119708        0.0103036372        0.0035868957        1.0000000011
224.5000        0.0008115655        0.5340025969        0.2501799089        0.0672708175        0.0351462296        0.0670036064        0.0316716414        0.0103759166        0.0035377183        1.0000000011
225.0000        0.0008881013        0.5340957235        0.2497326926        0.0671050884        0.0353397814        0.0670647171        0.0318463500        0.0104442739        0.0034832729        1.0000000011
225.5000        0.0009661491        0.5341737501        0.2492572020        0.0669401806        0.0355435609        0.0671523122        0.0320346403        0.0105080188        0.0034241871        1.0000000011
226.0000        0.0010430533        0.5342400448        0.2487556261        0.0667758016        0.0357570085        0.0672659726        0.0322349287        0.0105664310        0.0033611344        1.0000000011
226.5000        0.0011168963        0.5342970756        0.2482301972        0.0666119819        0.0359794572        0.0674052803        0.0324455336        0.0106187595        0.0032948195        1.0000000011
227.0000        0.0011867030        0.5343463184        0.2476829845        0.0664490481        0.0362101947        0.0675698518        0.0326647102        0.0106642263        0.0032259640        1.0000000011
227.5000        0.0012525465        0.5343882687        0.2471157045        0.0662875705        0.0364485320        0.0677593626        0.0328906881        0.0107020353        0.0031552929        1.0000000011
228.0000        0.0013155386        0.5344225563        0.2465295674        0.0661282857        0.0366938711        0.0679735621        0.0331217096        0.0107313869        0.0030835233        1.0000000011
228.5000        0.0013777015        0.5344481564        0.2459251766        0.0659720040        0.0369457677        0.0682122774        0.0333560666        0.0107514963        0.0030113545        1.0000000011
229.0000        0.0014417294        0.5344636754        0.2453024917        0.0658195090        0.0372039795        0.0684754047        0.0335921343        0.0107616157        0.0029394612        1.0000000011
229.5000        0.0015106630        0.5344676842        0.2446608620        0.0656714579        0.0374684978        0.0687628887        0.0338283994        0.0107610586        0.0028684895        1.0000000011
230.0000        0.0015875089        0.5344590636        0.2439991275        0.0655282938        0.0377395561        0.0690746912        0.0340634799        0.0107492248        0.0027990551        1.0000000011
230.5000        0.0016748459        0.5344373269        0.2433157794        0.0653901784        0.0380176162        0.0694107503        0.0342961363        0.0107256240        0.0027317437        1.0000000011
231.0000        0.0017744607        0.5344028809        0.2426091653        0.0652569510        0.0383033298        0.0697709317        0.0345252720        0.0106898965        0.0026671133        1.0000000011
231.5000        0.0018870583        0.5343571965        0.2418777177        0.0651281207        0.0385974799        0.0701549776        0.0347499239        0.0106418289        0.0026056975        1.0000000011
232.0000        0.0020120819        0.5343028673        0.2411201832        0.0650028917        0.0389009067        0.0705624548        0.0349692421        0.0105813641        0.0025480094        1.0000000011
232.5000        0.0021476697        0.5342435441        0.2403358275        0.0648802203        0.0392144232        0.0709927062        0.0351824617        0.0105086034        0.0024945449        1.0000000011
233.0000        0.0022907596        0.5341837496        0.2395245938        0.0647588998        0.0395387315        0.0714448110        0.0353888676        0.0104238021        0.0024457859        1.0000000011
233.5000        0.0024100596        0.5341491469        0.2386403759        0.0646223207        0.0398977601        0.0719517201        0.0356082486        0.0103230611        0.0023973081        1.0000000010
234.0000        0.0025245917        0.5341288537        0.2377903749        0.0644929227        0.0402441713        0.0724388312        0.0358026088        0.0102193192        0.0023583276        1.0000000010
234.5000        0.0026381977        0.5341186987        0.2369216623        0.0643636364        0.0405998067        0.0729410061        0.0359861493        0.0101050660        0.0023257778        1.0000000010
235.0000        0.0027496513        0.5341209730        0.2360353394        0.0642341703        0.0409646179        0.0734566266        0.0361578038        0.0099807007        0.0023001181        1.0000000010
235.5000        0.0028577869        0.5341378259        0.2351326455        0.0641042873        0.0413384897        0.0739839741        0.0363165358        0.0098466845        0.0022817713        1.0000000010
236.0000        0.0029615945        0.5341711919        0.2342149188        0.0639738206        0.0417212415        0.0745212407        0.0364613380        0.0097035333        0.0022711217        1.0000000010
236.5000        0.0030603020        0.5342227340        0.2332835483        0.0638426833        0.0421126355        0.0750665437        0.0365912326        0.0095518098        0.0022685119        1.0000000010
237.0000        0.0031534350        0.5342938105        0.2323399205        0.0637108706        0.0425123889        0.0756179439        0.0367052755        0.0093921159        0.0022742403        1.0000000010
237.5000        0.0032408461        0.5343854681        0.2313853684        0.0635784551        0.0429201912        0.0761734655        0.0368025615        0.0092250855        0.0022885597        1.0000000010
238.0000        0.0033227087        0.5344984638        0.2304211268        0.0634455744        0.0433357234        0.0767311177        0.0368822332        0.0090513785        0.0023116746        1.0000000010
238.5000        0.0033994750        0.5346333127        0.2294482986        0.0633124130        0.0437586776        0.0772889164        0.0369434916        0.0088716761        0.0023437401        1.0000000010
239.0000        0.0034718008        0.5347903569        0.2284678379        0.0631791792        0.0441887752        0.0778449050        0.0369856085        0.0086866771        0.0023848604        1.0000000010
239.5000        0.0035404455        0.5349698473        0.2274805500        0.0630460809        0.0446257805        0.0783971730        0.0370079403        0.0084970961        0.0024350875        1.0000000010
240.0000        0.0036061578        0.5351720286        0.2264871093        0.0629133008        0.0450695096        0.0789438708        0.0370099411        0.0083036623        0.0024944207        1.0000000010
240.5000        0.0036695598        0.5353972180        0.2254880935        0.0627809763        0.0455198322        0.0794832209        0.0369911756        0.0081071195        0.0025628053        1.0000000010
241.0000        0.0037310438        0.5356458662        0.2244840297        0.0626491832        0.0459766660        0.0800135242        0.0369513296        0.0079082265        0.0026401319        1.0000000010
241.5000        0.0037906950        0.5359185934        0.2234754470        0.0625179284        0.0464399643        0.0805331606        0.0368902183        0.0077077581        0.0027262359        1.0000000010
242.0000        0.0038482493        0.5362161957        0.2224629304        0.0623871499        0.0469096978        0.0810405859        0.0368077905        0.0075065051        0.0028208964        1.0000000010
242.5000        0.0039030937        0.5365396179        0.2214471674        0.0622567257        0.0473858324        0.0815343240        0.0367041296        0.0073052741        0.0029238362        1.0000000010
243.0000        0.0039543114        0.5368898973        0.2204289833        0.0621264907        0.0478683055        0.0820129560        0.0365794495        0.0071048862        0.0030347211        1.0000000010
243.5000        0.0040007660        0.5372680833        0.2194093593        0.0619962593        0.0483570026        0.0824751083        0.0364340877        0.0069061741        0.0031531605        1.0000000010
244.0000        0.0040412176        0.5376751415        0.2183894307        0.0618658520        0.0488517389        0.0829194399        0.0362684942        0.0067099784        0.0032787079        1.0000000010
244.5000        0.0040744579        0.5381118548        0.2173704650        0.0617351223        0.0493522459        0.0833446321        0.0360832180        0.0065171420        0.0034108630        1.0000000010
245.0000        0.0040994466        0.5385787336        0.2163538214        0.0616039814        0.0498581663        0.0837493810        0.0358788926        0.0063285037        0.0035490744        1.0000000011
245.5000        0.0041154345        0.5390759465        0.2153408964        0.0614724177        0.0503690580        0.0841323943        0.0356562201        0.0061448904        0.0036927432        1.0000000011
246.0000        0.0041220561        0.5396032800        0.2143330613        0.0613405081        0.0508844063        0.0844923947        0.0354159567        0.0059671093        0.0038412285        1.0000000011
246.5000        0.0041193802        0.5401601359        0.2133315991        0.0612084205        0.0514036440        0.0848281279        0.0351589007        0.0057959393        0.0039938535        1.0000000011
247.0000        0.0041079094        0.5407455643        0.2123376483        0.0610764061        0.0519261775        0.0851383779        0.0348858822        0.0056321227        0.0041499126        1.0000000011
247.5000        0.0040885295        0.5413583326        0.2113521608        0.0609447831        0.0524514145        0.0854219862        0.0345977571        0.0054763581        0.0043086792        1.0000000011
248.0000        0.0040624105        0.5419970195        0.2103758790        0.0608139116        0.0529787923        0.0856778758        0.0342954052        0.0053292928        0.0044694143        1.0000000011
248.5000        0.0040308731        0.5426601254        0.2094093352        0.0606841655        0.0535078015        0.0859050769        0.0339797316        0.0051915178        0.0046313741        1.0000000011
249.0000        0.0039952352        0.5433461834        0.2084528744        0.0605559010        0.0540380028        0.0861027522        0.0336516714        0.0050635632        0.0047938175        1.0000000011
249.5000        0.0039566571        0.5440538573        0.2075066972        0.0604294288        0.0545690348        0.0862702211        0.0333121972        0.0049458948        0.0049560128        1.0000000011
250.0000        0.0039160069        0.5447820136        0.2065709173        0.0603049913        0.0551006108        0.0864069786        0.0329623277        0.0048389124        0.0051172425        1.0000000011
250.5000        0.0038737622        0.5455297575        0.2056456279        0.0601827477        0.0556325056        0.0865127081        0.0326031367        0.0047429491        0.0052768065        1.0000000011
251.0000        0.0038299620        0.5462964265        0.2047309659        0.0600627707        0.0561645329        0.0865872875        0.0322357604        0.0046582711        0.0054340242        1.0000000011
251.5000        0.0037842176        0.5470815431        0.2038271681        0.0599450535        0.0566965159        0.0866307864        0.0318614027        0.0045850794        0.0055882345        1.0000000011
252.0000        0.0037357796        0.5478847313        0.2029346094        0.0598295281        0.0572282553        0.0866434554        0.0314813367        0.0045235107        0.0057387946        1.0000000011
252.5000        0.0036836564        0.5487056080        0.2020538185        0.0597160915        0.0577594979        0.0866257086        0.0310969023        0.0044736399        0.0058850781        1.0000000011
253.0000        0.0036267671        0.5495436636        0.2011854685        0.0596046380        0.0582899100        0.0865780997        0.0307094986        0.0044354823        0.0060264732        1.0000000011
253.5000        0.0035641103        0.5503981494        0.2003303421        0.0594950928        0.0588190605        0.0865012955        0.0303205733        0.0044089962        0.0061623808        1.0000000011
254.0000        0.0034949259        0.5512679866        0.1994892766        0.0593874431        0.0593464146        0.0863960483        0.0299316063        0.0043940852        0.0062922144        1.0000000011
254.5000        0.0034188282        0.5521517124        0.1986630943        0.0592817624        0.0598713400        0.0862631699        0.0295440924        0.0043906007        0.0064154008        1.0000000011
255.0000        0.0033358916        0.5530474706        0.1978525283        0.0591782253        0.0603931266        0.0861035098        0.0291595205        0.0043983447        0.0065313837        1.0000000011
255.5000        0.0032466761        0.5539530517        0.1970581535        0.0590771099        0.0609110152        0.0859179410        0.0287793537        0.0044170712        0.0066396288        1.0000000011
256.0000        0.0031521891        0.5548659769        0.1962803314        0.0589787873        0.0614242347        0.0857073522        0.0284050097        0.0044464884        0.0067396314        1.0000000011
256.5000        0.0030537857        0.5557836176        0.1955191781        0.0588837000        0.0619320406        0.0854726499        0.0280378440        0.0044862598        0.0068309254        1.0000000011
257.0000        0.0029530227        0.5567033344        0.1947745592        0.0587923301        0.0624337518        0.0852147679        0.0276791362        0.0045360051        0.0069130938        1.0000000011
257.5000        0.0028514846        0.5576226161        0.1940461131        0.0587051636        0.0629287799        0.0849346846        0.0273300807        0.0045953002        0.0069857783        1.0000000011
258.0000        0.0027506056        0.5585392014        0.1933333009        0.0586226525        0.0634166469        0.0846334443        0.0269917824        0.0046636772        0.0070486899        1.0000000011
258.5000        0.0026515126        0.5594511639        0.1926354752        0.0585451822        0.0638969893        0.0843121821        0.0266652560        0.0047406232        0.0071016166        1.0000000011
259.0000        0.0025549128        0.5603569493        0.1919519597        0.0584730468        0.0643695462        0.0839721468        0.0263514305        0.0048255797        0.0071444293        1.0000000011
259.5000        0.0024610399        0.5612553578        0.1912821279        0.0584064377        0.0648341351        0.0836147209        0.0260511560        0.0049179412        0.0071770846        1.0000000012
260.0000        0.0023696695        0.5621454749        0.1906254700        0.0583454451        0.0652906153        0.0832414334        0.0257652133        0.0050170552        0.0071996244        1.0000000012
260.5000        0.0022802005        0.5630265588        0.1899816382        0.0582900746        0.0657388463        0.0828539648        0.0254943239        0.0051222216        0.0072121725        1.0000000012
261.0000        0.0021917914        0.5638979017        0.1893504635        0.0582402758        0.0661786457        0.0824541410        0.0252391597        0.0052326951        0.0072149273        1.0000000012
261.5000        0.0021035313        0.5647586855        0.1887319413        0.0581959797        0.0666097528        0.0820439182        0.0250003508        0.0053476876        0.0072081540        1.0000000012
262.0000        0.0020146217        0.5656078543        0.1881261865        0.0581571399        0.0670318030        0.0816253576        0.0247784905        0.0054663740        0.0071921735        1.0000000012
262.5000        0.0019245394        0.5664440240        0.1875333655        0.0581237724        0.0674443180        0.0812005933        0.0245741368        0.0055878987        0.0071673530        1.0000000012
263.0000        0.0018331588        0.5672654438        0.1869536137        0.0580959871        0.0678467126        0.0807717949        0.0243878096        0.0057113851        0.0071340956        1.0000000012
263.5000        0.0017408119        0.5680700196        0.1863869508        0.0580740082        0.0682383190        0.0803411289        0.0242199839        0.0058359459        0.0070928328        1.0000000011
264.0000        0.0016482782        0.5688553956        0.1858332070        0.0580581788        0.0686184250        0.0799107226        0.0240710802        0.0059606950        0.0070440189        1.0000000011
264.5000        0.0015567040        0.5696190857        0.1852919705        0.0580489490        0.0689863213        0.0794826319        0.0239414506        0.0060847596        0.0069881285        1.0000000011
265.0000        0.0014674654        0.5703586360        0.1847625668        0.0580468491        0.0693413520        0.0790588192        0.0238313647        0.0062072912        0.0069256568        1.0000000011
265.5000        0.0013819926        0.5710717949        0.1842440708        0.0580524510        0.0696829606        0.0786411390        0.0237409943        0.0063274759        0.0068571220        1.0000000011
266.0000        0.0013015863        0.5717566647        0.1837353542        0.0580663230        0.0700107249        0.0782313365        0.0236703993        0.0064445417        0.0067830705        1.0000000011
266.5000        0.0012272529        0.5724118123        0.1832351596        0.0580889838        0.0703243755        0.0778310551        0.0236195161        0.0065577638        0.0067040821        1.0000000011
267.0000        0.0011595852        0.5730363211        0.1827421914        0.0581208636        0.0706237953        0.0774418531        0.0235881497        0.0066664659        0.0066207760        1.0000000011
267.5000        0.0010987096        0.5736297736        0.1822552111        0.0581622769        0.0709089987        0.0770652276        0.0235759701        0.0067700187        0.0065338148        1.0000000011
268.0000        0.0010443059        0.5741921693        0.1817731216        0.0582134121        0.0711800933        0.0767026407        0.0235825146        0.0068678364        0.0064439073        1.0000000011
268.5000        0.0009956998        0.5747237864        0.1812950280        0.0582743390        0.0714372304        0.0763555450        0.0236071945        0.0069593702        0.0063518079        1.0000000011
269.0000        0.0009520108        0.5752250118        0.1808202658        0.0583450345        0.0716805499        0.0760254052        0.0236493079        0.0070441021        0.0062583131        1.0000000011
269.5000        0.0009123334        0.5756961639        0.1803483904        0.0584254228        0.0719101294        0.0757137122        0.0237080553        0.0071215386        0.0061642551        1.0000000011
270.0000        0.0008759186        0.5761373394        0.1798791312        0.0585154237        0.0721259436        0.0754219874        0.0237825590        0.0071912061        0.0060704920        1.0000000011
270.5000        0.0008423285        0.5765483071        0.1794123144        0.0586150029        0.0723278433        0.0751517754        0.0238718839        0.0072526496        0.0059778961        1.0000000011
271.0000        0.0008115331        0.5769284711        0.1789477694        0.0587242163        0.0725155543        0.0749046256        0.0239750566        0.0073054338        0.0058873409        1.0000000011
271.5000        0.0007839356        0.5772769081        0.1784852311        0.0588432408        0.0726887006        0.0746820647        0.0240910830        0.0073491490        0.0057996881        1.0000000011
272.0000        0.0007603180        0.5775924774        0.1780242559        0.0589723871        0.0728468460        0.0744855606        0.0242189620        0.0073834201        0.0057157739        1.0000000011
272.5000        0.0007417165        0.5778739852        0.1775641641        0.0591120916        0.0729895505        0.0743164832        0.0243576932        0.0074079181        0.0056363987        1.0000000011
273.0000        0.0007292468        0.5781203802        0.1771040200        0.0592628884        0.0731164315        0.0741760647        0.0245062791        0.0074223733        0.0055623170        1.0000000011
273.5000        0.0007239100        0.5783309454        0.1766426533        0.0594253637        0.0732272219        0.0740653648        0.0246637212        0.0074265889        0.0054942318        1.0000000011
274.0000        0.0007264118        0.5785054578        0.1761787196        0.0596001013        0.0733218142        0.0739852425        0.0248290108        0.0074204528        0.0054327902        1.0000000010
274.5000        0.0007370294        0.5786442846        0.1757107921        0.0597876259        0.0734002846        0.0739363403        0.0250011152        0.0074039464        0.0053785825        1.0000000010
275.0000        0.0007555495        0.5787484014        0.1752374687        0.0599883530        0.0734628923        0.0739190805        0.0251789634        0.0073771489        0.0053321434        1.0000000010
275.5000        0.0007812916        0.5788193246        0.1747574800        0.0602025547        0.0735100534        0.0739336742        0.0253614303        0.0073402377        0.0052939546        1.0000000010
276.0000        0.0008132144        0.5788589697        0.1742697785        0.0604303458        0.0735422925        0.0739801433        0.0255473251        0.0072934827        0.0052644491        1.0000000010
276.5000        0.0008500879        0.5788694556        0.1737735952        0.0606716937        0.0735601803        0.0740583519        0.0257353845        0.0072372367        0.0052440152        1.0000000010
277.0000        0.0008907024        0.5788528884        0.1732684540        0.0609264512        0.0735642661        0.0741680431        0.0259242728        0.0071719223        0.0052330006        1.0000000010
277.5000        0.0009340760        0.5788111608        0.1727541406        0.0611944073        0.0735550155        0.0743088779        0.0261125903        0.0070980172        0.0052317154        1.0000000010
278.0000        0.0009796237        0.5787458015        0.1722306311        0.0614753471        0.0735327651        0.0744804704        0.0262988896        0.0070160387        0.0052404339        1.0000000010
278.5000        0.0010272539        0.5786579016        0.1716979912        0.0617691137        0.0734977006        0.0746824156        0.0264816992        0.0069265309        0.0052593943        1.0000000010
279.0000        0.0010773731        0.5785481329        0.1711562632        0.0620756591        0.0734498630        0.0749143057        0.0266595525        0.0068300545        0.0052887970        1.0000000010
279.5000        0.0011307934        0.5784168548        0.1706053613        0.0623950764        0.0733891827        0.0751757323        0.0268310192        0.0067271803        0.0053288006        1.0000000010
280.0000        0.0011885571        0.5782642940        0.1700449908        0.0627276082        0.0733155356        0.0754662753        0.0269947355        0.0066184886        0.0053795161        1.0000000010
280.5000        0.0012517079        0.5780907648        0.1694746087        0.0630736271        0.0732288131        0.0757854772        0.0271494304        0.0065045719        0.0054409999        1.0000000010
281.0000        0.0013210494        0.5778968914        0.1688934325        0.0634335919        0.0731289941        0.0761328092        0.0272939449        0.0063860416        0.0055132460        1.0000000010
281.5000        0.0013969364        0.5776837914        0.1683004954        0.0638079860        0.0730162067        0.0765076299        0.0274272413        0.0062635365        0.0055961774        1.0000000010
282.0000        0.0014791392        0.5774531862        0.1676947422        0.0641972472        0.0728907685        0.0769091444        0.0275484022        0.0061377324        0.0056896387        1.0000000010
282.5000        0.0015668107        0.5772074147        0.1670751473        0.0646017009        0.0727531990        0.0773363695        0.0276566197        0.0060093492        0.0057933900        1.0000000010
283.0000        0.0016585667        0.5769493456        0.1664408369        0.0650215084        0.0726041998        0.0777881086        0.0277511755        0.0058791566        0.0059071028        1.0000000010
283.5000        0.0017526701        0.5766822004        0.1657911925        0.0654566391        0.0724446060        0.0782629426        0.0278314163        0.0057479744        0.0060303598        1.0000000010
284.0000        0.0018472876        0.5764093161        0.1651259182        0.0659068719        0.0722753163        0.0787592378        0.0278967269        0.0056166692        0.0061626570        1.0000000010
284.5000        0.0019407756        0.5761338898        0.1644450589        0.0663718276        0.0720972134        0.0792751719        0.0279465068        0.0054861457        0.0063034113        1.0000000010
285.0000        0.0020319409        0.5758587488        0.1637489656        0.0668510255        0.0719110869        0.0798087754        0.0279801526        0.0053573351        0.0064519703        1.0000000010
285.5000        0.0021202266        0.5755861901        0.1630382130        0.0673439567        0.0717175739        0.0803579844        0.0279970505        0.0052311794        0.0066076264        1.0000000010
286.0000        0.0022057844        0.5753179180        0.1623134833        0.0678501611        0.0715171273        0.0809206988        0.0279965808        0.0051086159        0.0067696314        1.0000000010
286.5000        0.0022894143        0.5750550932        0.1615754378        0.0683692938        0.0713100164        0.0814948387        0.0279781334        0.0049905605        0.0069372129        1.0000000010
287.0000        0.0023723780        0.5747984848        0.1608245972        0.0689011696        0.0710963627        0.0820783921        0.0279411338        0.0048778943        0.0071095885        1.0000000010
287.5000        0.0024561159        0.5745486980        0.1600612555        0.0694457769        0.0708762024        0.0826694472        0.0278850762        0.0047714512        0.0072859776        1.0000000010
288.0000        0.0025419179        0.5743064341        0.1592854407        0.0700032562        0.0706495671        0.0832662058        0.0278095588        0.0046720112        0.0074656091        1.0000000010
288.5000        0.0026306088        0.5740727335        0.1584969331        0.0705738482        0.0704165664        0.0838669754        0.0277143165        0.0045802958        0.0076477234        1.0000000010
289.0000        0.0027223110        0.5738491523        0.1576953363        0.0711578175        0.0701774587        0.0844701417        0.0275992465        0.0044969677        0.0078315695        1.0000000011
289.5000        0.0028163308        0.5736378377        0.1568801907        0.0717553671        0.0699326960        0.0850741251        0.0274644224        0.0044226339        0.0080163973        1.0000000011
290.0000        0.0029111991        0.5734414823        0.1560511072        0.0723665576        0.0696829340        0.0856773293        0.0273100953        0.0043578496        0.0082014466        1.0000000011
290.5000        0.0030048621        0.5732631632        0.1552078972        0.0729912465        0.0694290050        0.0862780884        0.0271366799        0.0043031244        0.0083859346        1.0000000011
291.0000        0.0030949934        0.5731060930        0.1543506741        0.0736290600        0.0691718572        0.0868746229        0.0269447285        0.0042589273        0.0085690446        1.0000000011
291.5000        0.0031793724        0.5729733288        0.1534799069        0.0742794028        0.0689124711        0.0874650123        0.0267348966        0.0042256917        0.0087499185        1.0000000011
292.0000        0.0032562568        0.5728674923        0.1525964139        0.0749415053        0.0686517671        0.0880471892        0.0265079037        0.0042038177        0.0089276551        1.0000000011
292.5000        0.0033246790        0.5727905571        0.1517012974        0.0756145014        0.0683905222        0.0886189593        0.0262644959        0.0041936734        0.0091013154        1.0000000011
293.0000        0.0033846051        0.5727437442        0.1507958302        0.0762975223        0.0681293101        0.0891780448        0.0260054157        0.0041955927        0.0092699359        1.0000000011
293.5000        0.0034369209        0.5727275481        0.1498813148        0.0769897896        0.0678684773        0.0897221479        0.0257313827        0.0042098717        0.0094325481        1.0000000011
294.0000        0.0034832411        0.5727418900        0.1489589415        0.0776906905        0.0676081592        0.0902490248        0.0254430885        0.0042367623        0.0095882033        1.0000000011
294.5000        0.0035255747        0.5727863688        0.1480296725        0.0783998194        0.0673483345        0.0907565621        0.0251412056        0.0042764642        0.0097359992        1.0000000011
295.0000        0.0035659051        0.5728605614        0.1470941748        0.0791169780        0.0670889077        0.0912428432        0.0248264095        0.0043291161        0.0098751053        1.0000000012
295.5000        0.0036057668        0.5729643114        0.1461528148        0.0798421320        0.0668298034        0.0917061956        0.0244994084        0.0043947859        0.0100047830        1.0000000012
296.0000        0.0036459007        0.5730979462        0.1452057166        0.0805753314        0.0665710567        0.0921452127        0.0241609772        0.0044734614        0.0101243983        1.0000000012
296.5000        0.0036860594        0.5732623778        0.1442528735        0.0813166103        0.0663128788        0.0925587446        0.0238119886        0.0045650427        0.0102334253        1.0000000012
297.0000        0.0037250056        0.5734590615        0.1432942900        0.0820658830        0.0660556874        0.0929458622        0.0234534361        0.0046693363        0.0103314391        1.0000000012
297.5000        0.0037607088        0.5736898184        0.1423301272        0.0828228581        0.0658000931        0.0933057977        0.0230864442        0.0047860529        0.0104181008        1.0000000012
298.0000        0.0037907082        0.5739565555        0.1413608229        0.0835869880        0.0655468446        0.0936378724        0.0227122643        0.0049148092        0.0104931361        1.0000000012
298.5000        0.0038125725        0.5742609368        0.1403871591        0.0843574650        0.0652967424        0.0939414243        0.0223322555        0.0050551340        0.0105563115        1.0000000012
299.0000        0.0038243685        0.5746040744        0.1394102663        0.0851332658        0.0650505362        0.0942157461        0.0219478522        0.0052064785        0.0106074130        1.0000000012
299.5000        0.0038250433        0.5749863021        0.1384315576        0.0859132380        0.0648088283        0.0944600476        0.0215605241        0.0053682303        0.0106462299        1.0000000012
300.0000        0.0038146422        0.5754070821        0.1374526088        0.0866962128        0.0645719988        0.0946734464        0.0211717326        0.0055397296        0.0106725480        1.0000000012
