       t         state 0 pop         state 1 pop         state 2 pop         state 3 pop         state 4 pop         state 5 pop         state 6 pop         state 7 pop         state 8 pop              poptot
  0.0000        1.0000000000        0.0000000000        0.0000000000        0.0000000000        0.0000000000        0.0000000000        0.0000000000        0.0000000000        0.0000000000        1.0000000000
  0.5000        0.9999384301        0.0000077068        0.0000077056        0.0000077043        0.0000077030        0.0000076900        0.0000076884        0.0000076868        0.0000076851        1.0000000002
  1.0000        0.9997585569        0.0000303458        0.0000303266        0.0000303069        0.0000302867        0.0000300827        0.0000300575        0.0000300319        0.0000300059        1.0000000008
  1.5000        0.9994719922        0.0000668179        0.0000667226        0.0000666249        0.0000665247        0.0000655175        0.0000653939        0.0000652681        0.0000651400        1.0000000017
  2.0000        0.9990955049        0.0001155647        0.0001152709        0.0001149700        0.0001146619        0.0001115784        0.0001112022        0.0001108195        0.0001104304        1.0000000028
  2.5000        0.9986499969        0.0001746350        0.0001739389        0.0001732266        0.0001724983        0.0001652569        0.0001643795        0.0001634883        0.0001625836        1.0000000040
  3.0000        0.9981592842        0.0002417632        0.0002403689        0.0002389443        0.0002374899        0.0002231467        0.0002214238        0.0002196771        0.0002179072        1.0000000052
  3.5000        0.9976487596        0.0003144555        0.0003119728        0.0003094405        0.0003068597        0.0002816575        0.0002786614        0.0002756311        0.0002725679        1.0000000061
  4.0000        0.9971440163        0.0003900832        0.0003860326        0.0003819092        0.0003777154        0.0003372335        0.0003324798        0.0003276850        0.0003228518        1.0000000068
  4.5000        0.9966695100        0.0004659753        0.0004598014        0.0004535308        0.0004471682        0.0003865647        0.0003795497        0.0003724966        0.0003654103        1.0000000071
  5.0000        0.9962473336        0.0005395122        0.0005306038        0.0005215795        0.0005124474        0.0004267773        0.0004170240        0.0004072539        0.0003974753        1.0000000070
  5.5000        0.9958961684        0.0006082126        0.0005959297        0.0005835235        0.0005710071        0.0004555927        0.0004427010        0.0004298424        0.0004170292        1.0000000066
  6.0000        0.9956304618        0.0006698139        0.0006535191        0.0006371146        0.0006206208        0.0004714474        0.0004551445        0.0004389632        0.0004229205        1.0000000058
  6.5000        0.9954598675        0.0007223424        0.0007014354        0.0006804649        0.0006594603        0.0004735672        0.0004537521        0.0004341955        0.0004149197        1.0000000048
  7.0000        0.9953889674        0.0007641711        0.0007381251        0.0007121064        0.0006861559        0.0004619928        0.0004387717        0.0004160022        0.0003937113        1.0000000038
  7.5000        0.9954172771        0.0007940640        0.0007624612        0.0007310342        0.0006998373        0.0004375569        0.0004112654        0.0003856791        0.0003608276        1.0000000027
  8.0000        0.9955395201        0.0008112061        0.0007737705        0.0007367300        0.0007001536        0.0004018165        0.0003730251        0.0003452524        0.0003185273        1.0000000017
  8.5000        0.9957461429        0.0008152175        0.0007718443        0.0007291677        0.0006872719        0.0003569441        0.0003264467        0.0002973347        0.0002696312        1.0000000009
  9.0000        0.9960240290        0.0008061533        0.0007569316        0.0007087999        0.0006618564        0.0003055876        0.0002743709        0.0002449468        0.0002173251        1.0000000005
  9.5000        0.9963573619        0.0007844888        0.0007297174        0.0006765276        0.0006250288        0.0002507060        0.0002199031        0.0001913207        0.0001649460        1.0000000004
 10.0000        0.9967285816        0.0007510916        0.0006912862        0.0006336548        0.0005783129        0.0001953933        0.0001662222        0.0001396943        0.0001157636        1.0000000006
 10.5000        0.9971193757        0.0007071813        0.0006430734        0.0005818301        0.0005235649        0.0001426991        0.0001163906        0.0000931125        0.0000727734        1.0000000011
 11.0000        0.9975116503        0.0006542802        0.0005868058        0.0005229770        0.0004628945        0.0000954577        0.0000731779        0.0000542459        0.0000385126        1.0000000019
 11.5000        0.9978884262        0.0005941547        0.0005244348        0.0004592181        0.0003985784        0.0000561348        0.0000389059        0.0000252376        0.0000149123        1.0000000028
 12.0000        0.9982346183        0.0005287525        0.0004580645        0.0003927942        0.0003329710        0.0000266994        0.0000153256        0.0000075879        0.0000031906        1.0000000039
 12.5000        0.9985376611        0.0004601349        0.0003898764        0.0003259816        0.0002684152        0.0000085277        0.0000035314        0.0000020804        0.0000037960        1.0000000048
 13.0000        0.9987879581        0.0003904092        0.0003220557        0.0002610126        0.0002071569        0.0000023434        0.0000039153        0.0000087549        0.0000163996        1.0000000057
 13.5000        0.9989791395        0.0003216614        0.0002567189        0.0001999990        0.0001512658        0.0000081959        0.0000161644        0.0000269248        0.0000399366        1.0000000063
 14.0000        0.9991081314        0.0002558924        0.0001958469        0.0001448632        0.0001025664        0.0000254767        0.0000392978        0.0000552386        0.0000726932        1.0000000067
 14.5000        0.9991750424        0.0001949597        0.0001412256        0.0000972788        0.0000625795        0.0000529710        0.0000717421        0.0000917783        0.0001124293        1.0000000067
 15.0000        0.9990492324        0.0001652212        0.0001560472        0.0001476166        0.0001398512        0.0000909655        0.0000871767        0.0000836197        0.0000802760        1.0000000065
 15.5000        0.9990494800        0.0001651930        0.0001560185        0.0001475874        0.0001398216        0.0000909328        0.0000871437        0.0000835865        0.0000802425        1.0000000060
 16.0000        0.9990503955        0.0001650884        0.0001559121        0.0001474793        0.0001397119        0.0000908123        0.0000870222        0.0000834641        0.0000801194        1.0000000052
 16.5000        0.9990523754        0.0001648608        0.0001556807        0.0001472445        0.0001394738        0.0000905526        0.0000867608        0.0000832010        0.0000798548        1.0000000044
 17.0000        0.9990557560        0.0001644687        0.0001552826        0.0001468407        0.0001390648        0.0000901112        0.0000863171        0.0000827552        0.0000794071        1.0000000034
 17.5000        0.9990608010        0.0001638767        0.0001546823        0.0001462327        0.0001384498        0.0000894566        0.0000856603        0.0000820965        0.0000787467        1.0000000026
 18.0000        0.9990676921        0.0001630565        0.0001538516        0.0001453928        0.0001376016        0.0000885696        0.0000847721        0.0000812077        0.0000778578        1.0000000018
 18.5000        0.9990765241        0.0001619870        0.0001527707        0.0001443018        0.0001365020        0.0000874436        0.0000836477        0.0000800856        0.0000767388        1.0000000012
 19.0000        0.9990873043        0.0001606552        0.0001514275        0.0001429494        0.0001351421        0.0000860850        0.0000822953        0.0000787404        0.0000754017        1.0000000008
 19.5000        0.9990999563        0.0001590561        0.0001498188        0.0001413337        0.0001335219        0.0000845122        0.0000807355        0.0000771948        0.0000738715        1.0000000008
 20.0000        0.9991143271        0.0001571925        0.0001479493        0.0001394616        0.0001316504        0.0000827543        0.0000789996        0.0000754824        0.0000721837        1.0000000009
 20.5000        0.9991301973        0.0001550744        0.0001458314        0.0001373479        0.0001295447        0.0000808496        0.0000771280        0.0000736453        0.0000703827        1.0000000013
 21.0000        0.9991472946        0.0001527191        0.0001434848        0.0001350148        0.0001272294        0.0000788426        0.0000751669        0.0000717318        0.0000685180        1.0000000019
 21.5000        0.9991653080        0.0001501498        0.0001409352        0.0001324903        0.0001247352        0.0000767822        0.0000731667        0.0000697932        0.0000666421        1.0000000027
 22.0000        0.9991839037        0.0001473951        0.0001382136        0.0001298082        0.0001220980        0.0000747189        0.0000711785        0.0000678809        0.0000648065        1.0000000035
 22.5000        0.9992027411        0.0001444876        0.0001353554        0.0001270057        0.0001193573        0.0000727020        0.0000692514        0.0000660440        0.0000630597        1.0000000043
 23.0000        0.9992214875        0.0001414636        0.0001323984        0.0001241230        0.0001165548        0.0000707775        0.0000674305        0.0000643261        0.0000614438        1.0000000050
 23.5000        0.9992398322        0.0001383610        0.0001293827        0.0001212012        0.0001137331        0.0000689854        0.0000657541        0.0000627634        0.0000599925        1.0000000056
 24.0000        0.9992574988        0.0001352189        0.0001263485        0.0001182818        0.0001109342        0.0000673586        0.0000642522        0.0000613831        0.0000587299        1.0000000061
 24.5000        0.9992742541        0.0001320764        0.0001233356        0.0001154049        0.0001081982        0.0000659209        0.0000629454        0.0000602020        0.0000576688        1.0000000063
 25.0000        0.9992899157        0.0001289712        0.0001203818        0.0001126081        0.0001055621        0.0000646867        0.0000618438        0.0000592260        0.0000568109        1.0000000062
 25.5000        0.9993043560        0.0001259390        0.0001175224        0.0001099255        0.0001030586        0.0000636599        0.0000609473        0.0000584505        0.0000561469        1.0000000060
 26.0000        0.9993175036        0.0001230125        0.0001147888        0.0001073871        0.0001007157        0.0000628349        0.0000602453        0.0000578604        0.0000556572        1.0000000056
 26.5000        0.9993293420        0.0001202207        0.0001122082        0.0001050178        0.0000985555        0.0000621967        0.0000597185        0.0000574318        0.0000553139        1.0000000050
 27.0000        0.9993399062        0.0001175882        0.0001098028        0.0001028368        0.0000965939        0.0000617221        0.0000593393        0.0000571333        0.0000550817        1.0000000043
 27.5000        0.9993492768        0.0001151350        0.0001075895        0.0001008576        0.0000948406        0.0000613809        0.0000590740        0.0000569280        0.0000549211        1.0000000036
 28.0000        0.9993575728        0.0001128758        0.0001055795        0.0000990876        0.0000932988        0.0000611381        0.0000588847        0.0000567755        0.0000547900        1.0000000029
 28.5000        0.9993649434        0.0001108203        0.0001037785        0.0000975281        0.0000919654        0.0000609553        0.0000587310        0.0000566343        0.0000546461        1.0000000023
 29.0000        0.9993715584        0.0001089727        0.0001021865        0.0000961748        0.0000908314        0.0000607925        0.0000585722        0.0000564636        0.0000544496        1.0000000018
 29.5000        0.9993775998        0.0001073322        0.0001007982        0.0000950178        0.0000898826        0.0000606106        0.0000583696        0.0000562259        0.0000541647        1.0000000014
 30.0000        0.9993832522        0.0001058929        0.0000996035        0.0000940425        0.0000890998        0.0000603726        0.0000580878        0.0000558882        0.0000537617        1.0000000013
 30.5000        0.9993886949        0.0001046448        0.0000985876        0.0000932298        0.0000884600        0.0000600456        0.0000576966        0.0000554238        0.0000532182        1.0000000013
 31.0000        0.9993940946        0.0001035732        0.0000977319        0.0000925571        0.0000879369        0.0000596020        0.0000571724        0.0000548135        0.0000525198        1.0000000014
 31.5000        0.9993995998        0.0001026605        0.0000970146        0.0000919991        0.0000875022        0.0000590203        0.0000564983        0.0000540460        0.0000516611        1.0000000018
 32.0000        0.9994053359        0.0001018856        0.0000964112        0.0000915284        0.0000871260        0.0000582864        0.0000556657        0.0000531182        0.0000506449        1.0000000023
 32.5000        0.9994114029        0.0001012254        0.0000958957        0.0000911163        0.0000867782        0.0000573935        0.0000546736        0.0000520351        0.0000494822        1.0000000028
 33.0000        0.9994178733        0.0001006550        0.0000954407        0.0000907341        0.0000864290        0.0000563422        0.0000535285        0.0000508092        0.0000481914        1.0000000034
 33.5000        0.9994247930        0.0001001486        0.0000950186        0.0000903533        0.0000860501        0.0000551401        0.0000522440        0.0000494597        0.0000467966        1.0000000040
 34.0000        0.9994321819        0.0000996800        0.0000946024        0.0000899465        0.0000856150        0.0000538014        0.0000508397        0.0000480112        0.0000453266        1.0000000046
 34.5000        0.9994400370        0.0000992232        0.0000941658        0.0000894883        0.0000850998        0.0000523458        0.0000493400        0.0000464921        0.0000438130        1.0000000051
 35.0000        0.9994483354        0.0000987532        0.0000936842        0.0000889556        0.0000844839        0.0000507975        0.0000477732        0.0000449336        0.0000422888        1.0000000054
 35.5000        0.9994570385        0.0000982462        0.0000931352        0.0000883282        0.0000837503        0.0000491840        0.0000461694        0.0000433675        0.0000407864        1.0000000057
 36.0000        0.9994660960        0.0000976806        0.0000924990        0.0000875892        0.0000828859        0.0000475344        0.0000445596        0.0000418251        0.0000393361        1.0000000058
 36.5000        0.9994754506        0.0000970367        0.0000917586        0.0000867251        0.0000818814        0.0000458788        0.0000429739        0.0000403358        0.0000379649        1.0000000057
 37.0000        0.9994850421        0.0000962975        0.0000909002        0.0000857262        0.0000807320        0.0000442463        0.0000414408        0.0000389254        0.0000366951        1.0000000055
 37.5000        0.9994948112        0.0000954489        0.0000899135        0.0000845865        0.0000794365        0.0000426643        0.0000399851        0.0000376155        0.0000355437        1.0000000052
 38.0000        0.9995047031        0.0000944798        0.0000887913        0.0000833037        0.0000779979        0.0000411571        0.0000386279        0.0000364225        0.0000345216        1.0000000048
 38.5000        0.9995146697        0.0000933819        0.0000875301        0.0000818792        0.0000764225        0.0000397452        0.0000373852        0.0000353571        0.0000336333        1.0000000044
 39.0000        0.9995246720        0.0000921504        0.0000861295        0.0000803176        0.0000747201        0.0000384446        0.0000362679        0.0000344242        0.0000328775        1.0000000039
 39.5000        0.9995346810        0.0000907833        0.0000845924        0.0000786267        0.0000729030        0.0000372665        0.0000352813        0.0000336227        0.0000322465        1.0000000034
 40.0000        0.9995446780        0.0000892815        0.0000829245        0.0000768168        0.0000709863        0.0000362167        0.0000344250        0.0000329461        0.0000317280        1.0000000029
 40.5000        0.9995546546        0.0000876487        0.0000811342        0.0000749009        0.0000689865        0.0000352960        0.0000336938        0.0000323831        0.0000313047        1.0000000025
 41.0000        0.9995646115        0.0000858910        0.0000792321        0.0000728936        0.0000669217        0.0000345005        0.0000330776        0.0000319178        0.0000309565        1.0000000022
 41.5000        0.9995745568        0.0000840170        0.0000772308        0.0000708111        0.0000648108        0.0000338213        0.0000325620        0.0000315314        0.0000306607        1.0000000019
 42.0000        0.9995845048        0.0000820371        0.0000751444        0.0000686706        0.0000626730        0.0000332461        0.0000321297        0.0000312026        0.0000303935        1.0000000018
 42.5000        0.9995944733        0.0000799631        0.0000729884        0.0000664898        0.0000605273        0.0000327590        0.0000317609        0.0000309088        0.0000301312        1.0000000018
 43.0000        0.9996044813        0.0000778085        0.0000707788        0.0000642867        0.0000583922        0.0000323418        0.0000314344        0.0000306272        0.0000298511        1.0000000019
 43.5000        0.9996145474        0.0000755874        0.0000685321        0.0000620787        0.0000562850        0.0000319747        0.0000311283        0.0000303358        0.0000295326        1.0000000021
 44.0000        0.9996246873        0.0000733149        0.0000662647        0.0000598828        0.0000542218        0.0000316372        0.0000308215        0.0000300142        0.0000291580        1.0000000024
 44.5000        0.9996349121        0.0000710059        0.0000639929        0.0000577150        0.0000522168        0.0000313088        0.0000304938        0.0000296445        0.0000287129        1.0000000027
 45.0000        0.9996452269        0.0000686756        0.0000617321        0.0000555897        0.0000502825        0.0000309700        0.0000301272        0.0000292119        0.0000281871        1.0000000031
 45.5000        0.9996556296        0.0000663390        0.0000594970        0.0000535202        0.0000484292        0.0000306026        0.0000297063        0.0000287050        0.0000275745        1.0000000035
 46.0000        0.9996661108        0.0000640101        0.0000573010        0.0000515177        0.0000466651        0.0000301910        0.0000292188        0.0000281162        0.0000268732        1.0000000038
 46.5000        0.9996766530        0.0000617024        0.0000551561        0.0000495918        0.0000449960        0.0000297218        0.0000286558        0.0000274420        0.0000260853        1.0000000042
 47.0000        0.9996872314        0.0000594283        0.0000530729        0.0000477500        0.0000434256        0.0000291848        0.0000280120        0.0000266825        0.0000252168        1.0000000045
 47.5000        0.9996978145        0.0000571991        0.0000510603        0.0000459979        0.0000419554        0.0000285732        0.0000272855        0.0000258417        0.0000242771        1.0000000048
 48.0000        0.9997083650        0.0000550247        0.0000491256        0.0000443391        0.0000405847        0.0000278831        0.0000264781        0.0000249266        0.0000232781        1.0000000050
 48.5000        0.9997188414        0.0000529136        0.0000472741        0.0000427753        0.0000393111        0.0000271141        0.0000255946        0.0000239471        0.0000222339        1.0000000051
 49.0000        0.9997291993        0.0000508728        0.0000455098        0.0000413063        0.0000381302        0.0000262687        0.0000246427        0.0000229154        0.0000211600        1.0000000052
 49.5000        0.9997393933        0.0000489080        0.0000438346        0.0000399303        0.0000370364        0.0000253524        0.0000236325        0.0000218452        0.0000200725        1.0000000051
 50.0000        0.9997493787        0.0000470232        0.0000422492        0.0000386440        0.0000360226        0.0000243729        0.0000225757        0.0000207514        0.0000189874        1.0000000050
 50.5000        0.9997591131        0.0000452210        0.0000407525        0.0000374427        0.0000350808        0.0000233400        0.0000214857        0.0000196490        0.0000179201        1.0000000049
 51.0000        0.9997685579        0.0000435027        0.0000393422        0.0000363206        0.0000342020        0.0000222651        0.0000203764        0.0000185530        0.0000168847        1.0000000047
 51.5000        0.9997776801        0.0000418684        0.0000380147        0.0000352708        0.0000333770        0.0000211607        0.0000192617        0.0000174775        0.0000158936        1.0000000044
 52.0000        0.9997864527        0.0000403166        0.0000367655        0.0000342859        0.0000325961        0.0000200395        0.0000181556        0.0000164352        0.0000149570        1.0000000041
 52.5000        0.9997948565        0.0000388451        0.0000355892        0.0000333578        0.0000318497        0.0000189148        0.0000170708        0.0000154374        0.0000140826        1.0000000039
 53.0000        0.9998028797        0.0000374506        0.0000344796        0.0000324783        0.0000311283        0.0000177991        0.0000160192        0.0000144931        0.0000132758        1.0000000036
 53.5000        0.9998105188        0.0000361291        0.0000334300        0.0000316389        0.0000304229        0.0000167044        0.0000150108        0.0000136093        0.0000125393        1.0000000033
 54.0000        0.9998177783        0.0000348757        0.0000324335        0.0000308313        0.0000297250        0.0000156413        0.0000140540        0.0000127906        0.0000118733        1.0000000031
 54.5000        0.9998246705        0.0000336853        0.0000314829        0.0000300474        0.0000290269        0.0000146194        0.0000131552        0.0000120396        0.0000112757        1.0000000028
 55.0000        0.9998312143        0.0000325521        0.0000305711        0.0000292798        0.0000283216        0.0000136463        0.0000123188        0.0000113562        0.0000107424        1.0000000027
 55.5000        0.9998374351        0.0000314705        0.0000296911        0.0000285212        0.0000276033        0.0000127281        0.0000115469        0.0000107387        0.0000102675        1.0000000025
 56.0000        0.9998433631        0.0000304344        0.0000288362        0.0000277654        0.0000268671        0.0000118690        0.0000108400        0.0000101834        0.0000098438        1.0000000025
 56.5000        0.9998490322        0.0000294379        0.0000280001        0.0000270068        0.0000261092        0.0000110714        0.0000101966        0.0000096850        0.0000094631        1.0000000024
 57.0000        0.9998544789        0.0000284755        0.0000271772        0.0000262407        0.0000253268        0.0000103359        0.0000096137        0.0000092372        0.0000091167        1.0000000024
 57.5000        0.9998597405        0.0000275416        0.0000263621        0.0000254632        0.0000245183        0.0000096618        0.0000090866        0.0000088326        0.0000087957        1.0000000025
 58.0000        0.9998648544        0.0000266312        0.0000255506        0.0000246715        0.0000236833        0.0000090465        0.0000086101        0.0000084636        0.0000084914        1.0000000026
 58.5000        0.9998698560        0.0000257399        0.0000247389        0.0000238637        0.0000228221        0.0000084865        0.0000081777        0.0000081222        0.0000081957        1.0000000027
 59.0000        0.9998747781        0.0000248634        0.0000239241        0.0000230387        0.0000219363        0.0000079773        0.0000077828        0.0000078008        0.0000079013        1.0000000029
 59.5000        0.9998796497        0.0000239985        0.0000231042        0.0000221965        0.0000210282        0.0000075135        0.0000074184        0.0000074919        0.0000076021        1.0000000031
 60.0000        0.9998844948        0.0000231424        0.0000222777        0.0000213380        0.0000201008        0.0000070895        0.0000070776        0.0000071892        0.0000072932        1.0000000032
 60.5000        0.9998893320        0.0000222930        0.0000214444        0.0000204648        0.0000191581        0.0000066992        0.0000067540        0.0000068869        0.0000069710        1.0000000034
 61.0000        0.9998941740        0.0000214488        0.0000206045        0.0000195793        0.0000182046        0.0000063366        0.0000064418        0.0000065806        0.0000066334        1.0000000036
 61.5000        0.9998990270        0.0000206093        0.0000197592        0.0000186846        0.0000172451        0.0000059963        0.0000061358        0.0000062669        0.0000062796        1.0000000038
 62.0000        0.9999038908        0.0000197746        0.0000189103        0.0000177845        0.0000162850        0.0000056728        0.0000058319        0.0000059437        0.0000059103        1.0000000040
 62.5000        0.9999087591        0.0000189453        0.0000180603        0.0000168833        0.0000153300        0.0000053617        0.0000055270        0.0000056102        0.0000055272        1.0000000041
 63.0000        0.9999136190        0.0000181230        0.0000172126        0.0000159859        0.0000143859        0.0000050591        0.0000052189        0.0000052667        0.0000051332        1.0000000042
 63.5000        0.9999184522        0.0000173098        0.0000163708        0.0000150973        0.0000134588        0.0000047622        0.0000049067        0.0000049145        0.0000047321        1.0000000043
 64.0000        0.9999232353        0.0000165085        0.0000155393        0.0000142231        0.0000125545        0.0000044688        0.0000045905        0.0000045562        0.0000043284        1.0000000044
 64.5000        0.9999279402        0.0000157225        0.0000147228        0.0000133689        0.0000116790        0.0000041780        0.0000042714        0.0000041949        0.0000039268        1.0000000044
 65.0000        0.9999325349        0.0000149558        0.0000139266        0.0000125408        0.0000108382        0.0000038896        0.0000039513        0.0000038346        0.0000035326        1.0000000045
 65.5000        0.9999369846        0.0000142130        0.0000131562        0.0000117446        0.0000100376        0.0000036045        0.0000036332        0.0000034797        0.0000031510        1.0000000045
 66.0000        0.9999412519        0.0000134990        0.0000124175        0.0000109865        0.0000092829        0.0000033244        0.0000033204        0.0000031349        0.0000027870        1.0000000045
 66.5000        0.9999452982        0.0000128194        0.0000117166        0.0000102724        0.0000085790        0.0000030516        0.0000030169        0.0000028049        0.0000024454        1.0000000044
 67.0000        0.9999490838        0.0000121800        0.0000110598        0.0000096084        0.0000079311        0.0000027893        0.0000027271        0.0000024946        0.0000021304        1.0000000044
 67.5000        0.9999525690        0.0000115871        0.0000104535        0.0000090004        0.0000073436        0.0000025411        0.0000024554        0.0000022085        0.0000018458        1.0000000043
 68.0000        0.9999557144        0.0000110473        0.0000099044        0.0000084541        0.0000068210        0.0000023110        0.0000022064        0.0000019508        0.0000015947        1.0000000042
 68.5000        0.9999584817        0.0000105677        0.0000094191        0.0000079753        0.0000063674        0.0000021034        0.0000019847        0.0000017254        0.0000013794        1.0000000041
 69.0000        0.9999608338        0.0000101554        0.0000090044        0.0000075695        0.0000059866        0.0000019228        0.0000017945        0.0000015355        0.0000012016        1.0000000040
 69.5000        0.9999627351        0.0000098179        0.0000086670        0.0000072421        0.0000056823        0.0000017736        0.0000016398        0.0000013839        0.0000010624        1.0000000039
 70.0000        0.9999641520        0.0000095630        0.0000084137        0.0000069983        0.0000054578        0.0000016603        0.0000015241        0.0000012725        0.0000009621        1.0000000038
 70.5000        0.9999650525        0.0000093988        0.0000082516        0.0000068435        0.0000053163        0.0000015871        0.0000014505        0.0000012030        0.0000009006        1.0000000037
 71.0000        0.9999654064        0.0000093333        0.0000081873        0.0000067826        0.0000052611        0.0000015579        0.0000014216        0.0000011762        0.0000008772        1.0000000037
 71.5000        0.9999651853        0.0000093750        0.0000082279        0.0000068207        0.0000052953        0.0000015764        0.0000014395        0.0000011924        0.0000008911        1.0000000036
 72.0000        0.9999643618        0.0000095327        0.0000083804        0.0000069627        0.0000054218        0.0000016457        0.0000015057        0.0000012517        0.0000009409        1.0000000035
 72.5000        0.9999629097        0.0000098152        0.0000086518        0.0000072138        0.0000056440        0.0000017688        0.0000016213        0.0000013534        0.0000010254        1.0000000034
 73.0000        0.9999608035        0.0000102316        0.0000090494        0.0000075789        0.0000059649        0.0000019478        0.0000017868        0.0000014971        0.0000011434        1.0000000034
 73.5000        0.9999580176        0.0000107914        0.0000095805        0.0000080633        0.0000063881        0.0000021846        0.0000020025        0.0000016816        0.0000012937        1.0000000033
 74.0000        0.9999545261        0.0000115043        0.0000102526        0.0000086722        0.0000069173        0.0000024809        0.0000022682        0.0000019061        0.0000014756        1.0000000033
 74.5000        0.9999503023        0.0000123804        0.0000110734        0.0000094113        0.0000075563        0.0000028375        0.0000025836        0.0000021697        0.0000016887        1.0000000032
 75.0000        0.9999453180        0.0000134300        0.0000120510        0.0000102863        0.0000083096        0.0000032554        0.0000029483        0.0000024717        0.0000019329        1.0000000032
 75.5000        0.9999395428        0.0000146640        0.0000131937        0.0000113035        0.0000091818        0.0000037349        0.0000033617        0.0000028117        0.0000022090        1.0000000032
 76.0000        0.9999329440        0.0000160936        0.0000145102        0.0000124694        0.0000101784        0.0000042764        0.0000038234        0.0000031896        0.0000025183        1.0000000032
 76.5000        0.9999254856        0.0000177305        0.0000160096        0.0000137911        0.0000113049        0.0000048801        0.0000043331        0.0000036058        0.0000028625        1.0000000032
 77.0000        0.9999171278        0.0000195872        0.0000177016        0.0000152760        0.0000125680        0.0000055460        0.0000048909        0.0000040614        0.0000032444        1.0000000032
 77.5000        0.9999078269        0.0000216766        0.0000195964        0.0000169323        0.0000139745        0.0000062744        0.0000054970        0.0000045578        0.0000036672        1.0000000032
 78.0000        0.9998975346        0.0000240121        0.0000217048        0.0000187688        0.0000155324        0.0000070656        0.0000061524        0.0000050974        0.0000041350        1.0000000032
 78.5000        0.9998861973        0.0000266084        0.0000240385        0.0000207950        0.0000172502        0.0000079203        0.0000068582        0.0000056831        0.0000046523        1.0000000032
 79.0000        0.9998737561        0.0000294804        0.0000266096        0.0000230213        0.0000191373        0.0000088393        0.0000076163        0.0000063184        0.0000052244        1.0000000033
 79.5000        0.9998601465        0.0000326443        0.0000294314        0.0000254587        0.0000212040        0.0000098239        0.0000084294        0.0000070078        0.0000058571        1.0000000033
 80.0000        0.9998452978        0.0000361172        0.0000325180        0.0000281195        0.0000234615        0.0000108760        0.0000093005        0.0000077560        0.0000065567        1.0000000033
 80.5000        0.9998291326        0.0000399172        0.0000358845        0.0000310167        0.0000259220        0.0000119979        0.0000102337        0.0000085690        0.0000073297        1.0000000033
 81.0000        0.9998115674        0.0000440635        0.0000395470        0.0000341644        0.0000285988        0.0000131925        0.0000112335        0.0000094529        0.0000081832        1.0000000034
 81.5000        0.9997925115        0.0000485768        0.0000435230        0.0000375780        0.0000315063        0.0000144635        0.0000123053        0.0000104146        0.0000091244        1.0000000034
 82.0000        0.9997718671        0.0000534788        0.0000478311        0.0000412740        0.0000346598        0.0000158152        0.0000134551        0.0000114616        0.0000101608        1.0000000034
 82.5000        0.9997495292        0.0000587929        0.0000524913        0.0000452702        0.0000380762        0.0000172525        0.0000146898        0.0000126017        0.0000112997        1.0000000034
 83.0000        0.9997253852        0.0000645439        0.0000575250        0.0000495858        0.0000417733        0.0000187815        0.0000160168        0.0000138432        0.0000125487        1.0000000035
 83.5000        0.9996993149        0.0000707584        0.0000629553        0.0000542414        0.0000457705        0.0000204086        0.0000174444        0.0000151947        0.0000139152        1.0000000035
 84.0000        0.9996711902        0.0000774646        0.0000688067        0.0000592593        0.0000500885        0.0000221413        0.0000189813        0.0000166653        0.0000154065        1.0000000035
 84.5000        0.9996408747        0.0000846926        0.0000751057        0.0000646630        0.0000547492        0.0000239877        0.0000206368        0.0000182640        0.0000170299        1.0000000035
 85.0000        0.9996082236        0.0000924746        0.0000818804        0.0000704782        0.0000597764        0.0000259570        0.0000224210        0.0000200001        0.0000187923        1.0000000035
 85.5000        0.9995730835        0.0001008449        0.0000891611        0.0000767321        0.0000651952        0.0000280588        0.0000243442        0.0000218833        0.0000207004        1.0000000036
 86.0000        0.9995352921        0.0001098401        0.0000969801        0.0000834538        0.0000710326        0.0000303038        0.0000264175        0.0000239229        0.0000227607        1.0000000036
 86.5000        0.9994946776        0.0001194989        0.0001053718        0.0000906745        0.0000773170        0.0000327033        0.0000286521        0.0000261287        0.0000249797        1.0000000036
 87.0000        0.9994510585        0.0001298630        0.0001143731        0.0000984274        0.0000840789        0.0000352693        0.0000310599        0.0000285101        0.0000273633        1.0000000036
 87.5000        0.9994042431        0.0001409764        0.0001240232        0.0001067480        0.0000913508        0.0000380148        0.0000336530        0.0000310769        0.0000299174        1.0000000036
 88.0000        0.9993540291        0.0001528861        0.0001343639        0.0001156740        0.0000991668        0.0000409533        0.0000364439        0.0000338386        0.0000326478        1.0000000036
 88.5000        0.9993002031        0.0001656419        0.0001454399        0.0001252456        0.0001075636        0.0000440991        0.0000394454        0.0000368049        0.0000355600        1.0000000036
 89.0000        0.9992425399        0.0001792970        0.0001572985        0.0001355056        0.0001165798        0.0000474671        0.0000426707        0.0000399853        0.0000386597        1.0000000036
 89.5000        0.9991808017        0.0001939077        0.0001699902        0.0001464995        0.0001262565        0.0000510730        0.0000461331        0.0000433896        0.0000419523        1.0000000036
 90.0000        0.9991147379        0.0002095337        0.0001835686        0.0001582755        0.0001366373        0.0000549332        0.0000498465        0.0000470275        0.0000454435        1.0000000036
 90.5000        0.9990440838        0.0002262384        0.0001980907        0.0001708849        0.0001477682        0.0000590646        0.0000538249        0.0000509088        0.0000491392        1.0000000036
 91.0000        0.9989685605        0.0002440892        0.0002136169        0.0001843822        0.0001596982        0.0000634851        0.0000580828        0.0000550435        0.0000530453        1.0000000036
 91.5000        0.9988878732        0.0002631571        0.0002302112        0.0001988251        0.0001724791        0.0000682131        0.0000626349        0.0000594419        0.0000571682        1.0000000036
 92.0000        0.9988017109        0.0002835174        0.0002479417        0.0002142746        0.0001861656        0.0000732678        0.0000674965        0.0000641144        0.0000615147        1.0000000036
 92.5000        0.9987097454        0.0003052499        0.0002668803        0.0002307957        0.0002008158        0.0000786691        0.0000726832        0.0000690720        0.0000660921        1.0000000036
 93.0000        0.9986116303        0.0003284387        0.0002871030        0.0002484570        0.0002164911        0.0000844379        0.0000782113        0.0000743260        0.0000709084        1.0000000037
 93.5000        0.9985069998        0.0003531726        0.0003086906        0.0002673309        0.0002332564        0.0000905957        0.0000840974        0.0000798881        0.0000759722        1.0000000037
 94.0000        0.9983954676        0.0003795453        0.0003317280        0.0002874943        0.0002511805        0.0000971652        0.0000903590        0.0000857710        0.0000812929        1.0000000037
 94.5000        0.9982766265        0.0004076556        0.0003563051        0.0003090282        0.0002703358        0.0001041696        0.0000970142        0.0000919877        0.0000868809        1.0000000037
 95.0000        0.9981500463        0.0004376074        0.0003825168        0.0003320185        0.0002907993        0.0001116337        0.0001040819        0.0000985523        0.0000927475        1.0000000037
 95.5000        0.9980152735        0.0004695100        0.0004104629        0.0003565555        0.0003126519        0.0001195829        0.0001115820        0.0001054797        0.0000989052        1.0000000037
 96.0000        0.9978718295        0.0005034783        0.0004402488        0.0003827346        0.0003359793        0.0001280441        0.0001195354        0.0001127859        0.0001053676        1.0000000037
 96.5000        0.9977192101        0.0005396328        0.0004719853        0.0004106565        0.0003608718        0.0001370455        0.0001279640        0.0001204880        0.0001121496        1.0000000037
 97.0000        0.9975568838        0.0005780998        0.0005057887        0.0004404271        0.0003874247        0.0001466166        0.0001368910        0.0001286044        0.0001192676        1.0000000037
 97.5000        0.9973842910        0.0006190116        0.0005417815        0.0004721580        0.0004157385        0.0001567883        0.0001463409        0.0001371547        0.0001267391        1.0000000037
 98.0000        0.9972008426        0.0006625063        0.0005800920        0.0005059665        0.0004459192        0.0001675934        0.0001563398        0.0001461603        0.0001345835        1.0000000037
 98.5000        0.9970059191        0.0007087284        0.0006208547        0.0005419759        0.0004780782        0.0001790664        0.0001669152        0.0001556438        0.0001428218        1.0000000037
 99.0000        0.9967988696        0.0007578283        0.0006642104        0.0005803157        0.0005123331        0.0001912435        0.0001780966        0.0001656299        0.0001514765        1.0000000037
 99.5000        0.9965790104        0.0008099626        0.0007103063        0.0006211216        0.0005488073        0.0002041632        0.0001899152        0.0001761450        0.0001605721        1.0000000037
100.0000        0.9963456244        0.0008652940        0.0007592961        0.0006645359        0.0005876305        0.0002178662        0.0002024042        0.0001872174        0.0001701350        1.0000000037
100.5000        0.9960979602        0.0009239913        0.0008113401        0.0007107075        0.0006289391        0.0002323953        0.0002155992        0.0001988776        0.0001801933        1.0000000037
101.0000        0.9958352311        0.0009862292        0.0008666050        0.0007597922        0.0006728759        0.0002477962        0.0002295380        0.0002111584        0.0001907777        1.0000000037
101.5000        0.9955566145        0.0010521883        0.0009252643        0.0008119525        0.0007195907        0.0002641171        0.0002442609        0.0002240948        0.0002019206        1.0000000037
102.0000        0.9952612512        0.0011220546        0.0009874978        0.0008673580        0.0007692403        0.0002814094        0.0002598110        0.0002377245        0.0002136569        1.0000000037
102.5000        0.9949482455        0.0011960193        0.0010534919        0.0009261850        0.0008219888        0.0002997273        0.0002762342        0.0002520879        0.0002260239        1.0000000037
103.0000        0.9946166641        0.0012742787        0.0011234391        0.0009886171        0.0008780074        0.0003191285        0.0002935795        0.0002672279        0.0002390613        1.0000000037
103.5000        0.9942655369        0.0013570334        0.0011975380        0.0010548448        0.0009374748        0.0003396743        0.0003118991        0.0002831908        0.0002528115        1.0000000037
104.0000        0.9938938564        0.0014444880        0.0012759930        0.0011250653        0.0010005769        0.0003614298        0.0003312489        0.0003000258        0.0002673195        1.0000000037
104.5000        0.9935005787        0.0015368502        0.0013590137        0.0011994826        0.0010675075        0.0003844641        0.0003516881        0.0003177855        0.0002826333        1.0000000037
105.0000        0.9930846238        0.0016343303        0.0014468149        0.0012783071        0.0011384673        0.0004088505        0.0003732800        0.0003365258        0.0002988039        1.0000000037
105.5000        0.9926448767        0.0017371402        0.0015396154        0.0013617556        0.0012136646        0.0004346670        0.0003960921        0.0003563067        0.0003158854        1.0000000037
106.0000        0.9921801886        0.0018454925        0.0016376380        0.0014500505        0.0012933148        0.0004619963        0.0004201961        0.0003771916        0.0003339352        1.0000000037
106.5000        0.9916893789        0.0019595992        0.0017411084        0.0015434197        0.0013776403        0.0004909262        0.0004456684        0.0003992483        0.0003530142        1.0000000037
107.0000        0.9911712367        0.0020796706        0.0018502543        0.0016420958        0.0014668702        0.0005215499        0.0004725902        0.0004225489        0.0003731871        1.0000000037
107.5000        0.4474107133        0.0110609138        0.0170154383        0.0392965709        0.4841610068        0.0003381486        0.0002830944        0.0002361776        0.0001979398        1.0000000037
108.0000        0.4470545770        0.0111740926        0.0171114105        0.0393673129        0.4841227097        0.0003731853        0.0003136062        0.0002624490        0.0002206604        1.0000000037
108.5000        0.4466772434        0.0112930399        0.0172126540        0.0394423876        0.4840843676        0.0004100649        0.0003456740        0.0002900418        0.0002445305        1.0000000037
109.0000        0.4462753482        0.0114180965        0.0173196133        0.0395224410        0.4840479553        0.0004487851        0.0003792893        0.0003189425        0.0002695325        1.0000000037
109.5000        0.4458454191        0.0115496015        0.0174327400        0.0396081378        0.4840155238        0.0004893461        0.0004144458        0.0003491396        0.0002956498        1.0000000037
110.0000        0.4453838794        0.0116878908        0.0175524907        0.0397001603        0.4839891996        0.0005317509        0.0004511399        0.0003806240        0.0003228680        1.0000000037
110.5000        0.4448870525        0.0118332938        0.0176793256        0.0397992067        0.4839711841        0.0005760061        0.0004893711        0.0004133889        0.0003511748        1.0000000037
111.0000        0.4443511670        0.0119861320        0.0178137063        0.0399059901        0.4839637522        0.0006221219        0.0005291423        0.0004474312        0.0003805606        1.0000000037
111.5000        0.4437723637        0.0121467155        0.0179560936        0.0400212365        0.4839692514        0.0006701125        0.0005704604        0.0004827510        0.0004110190        1.0000000037
112.0000        0.4431467033        0.0123153402        0.0181069449        0.0401456827        0.4839900998        0.0007199968        0.0006133366        0.0005193523        0.0004425470        1.0000000037
112.5000        0.4424701762        0.0124922849        0.0182667115        0.0402800742        0.4840287838        0.0007717981        0.0006577863        0.0005572434        0.0004751454        1.0000000036
113.0000        0.4417387128        0.0126778073        0.0184358355        0.0404251621        0.4840878552        0.0008255449        0.0007038301        0.0005964368        0.0005088191        1.0000000036
113.5000        0.4409481968        0.0128721407        0.0186147465        0.0405817005        0.4841699278        0.0008812708        0.0007514933        0.0006369501        0.0005435773        1.0000000036
114.0000        0.4400944799        0.0130754897        0.0188038576        0.0407504429        0.4842776727        0.0009390148        0.0008008067        0.0006788055        0.0005794339        1.0000000036
114.5000        0.4391733982        0.0132880261        0.0190035618        0.0409321383        0.4844138132        0.0009988213        0.0008518064        0.0007220308        0.0006164076        1.0000000036
115.0000        0.4381807913        0.0135098843        0.0192142272        0.0411275271        0.4845811180        0.0010607407        0.0009045343        0.0007666587        0.0006545222        1.0000000036
115.5000        0.4371125235        0.0137411566        0.0194361925        0.0413373360        0.4847823941        0.0011248289        0.0009590378        0.0008127277        0.0006938065        1.0000000036
116.0000        0.4359645075        0.0139818883        0.0196697621        0.0415622731        0.4850204777        0.0011911475        0.0010153704        0.0008602820        0.0007342950        1.0000000036
116.5000        0.4347327305        0.0142320726        0.0199152002        0.0418030219        0.4852982240        0.0012597643        0.0010735915        0.0009093714        0.0007760273        1.0000000036
117.0000        0.4334132831        0.0144916449        0.0201727255        0.0420602352        0.4856184953        0.0013307526        0.0011337662        0.0009600516        0.0008190490        1.0000000036
117.5000        0.4320023911        0.0147604781        0.0204425052        0.0423345278        0.4859841480        0.0014041917        0.0011959662        0.0010123844        0.0008634112        1.0000000036
118.0000        0.4304964494        0.0150383764        0.0207246482        0.0426264695        0.4863980172        0.0014801664        0.0012602686        0.0010664373        0.0009091708        1.0000000036
118.5000        0.4288920595        0.0153250701        0.0210191989        0.0429365770        0.4868628997        0.0015587671        0.0013267568        0.0011222840        0.0009563905        1.0000000036
119.0000        0.4271860694        0.0156202102        0.0213261301        0.0432653054        0.4873815355        0.0016400896        0.0013955202        0.0011800042        0.0010051391        1.0000000036
119.5000        0.4253756159        0.0159233626        0.0216453364        0.0436130388        0.4879565864        0.0017242350        0.0014666538        0.0012396835        0.0010554912        1.0000000036
120.0000        0.4234581703        0.0162340035        0.0219766263        0.0439800814        0.4885906135        0.0018113093        0.0015402585        0.0013014136        0.0011075272        1.0000000036
120.5000        0.4214315860        0.0165515139        0.0223197157        0.0443666467        0.4892860520        0.0019014229        0.0016164406        0.0013652921        0.0011613337        1.0000000036
121.0000        0.4192941489        0.0168751754        0.0226742204        0.0447728476        0.4900451838        0.0019946906        0.0016953117        0.0014314222        0.0012170031        1.0000000036
121.5000        0.4170446290        0.0172041657        0.0230396490        0.0451986852        0.4908701082        0.0020912312        0.0017769888        0.0014999129        0.0012746336        1.0000000036
122.0000        0.4146823350        0.0175375558        0.0234153959        0.0456440380        0.4917627105        0.0021911667        0.0018615934        0.0015708790        0.0013343294        1.0000000035
122.5000        0.4122071696        0.0178743063        0.0238007348        0.0461086501        0.4927246283        0.0022946220        0.0019492517        0.0016444403        0.0013962003        1.0000000035
123.0000        0.4096196855        0.0182132665        0.0241948128        0.0465921201        0.4937572160        0.0024017243        0.0020400941        0.0017207221        0.0014603621        1.0000000035
123.5000        0.4069211425        0.0185531725        0.0245966442        0.0470938898        0.4948615073        0.0025126025        0.0021342546        0.0017998544        0.0015269356        1.0000000035
124.0000        0.4041135637        0.0188926479        0.0250051062        0.0476132327        0.4960381763        0.0026273862        0.0022318705        0.0018819722        0.0015960477        1.0000000035
124.5000        0.4011997916        0.0192302053        0.0254189347        0.0481492430        0.4972874969        0.0027462051        0.0023330819        0.0019672147        0.0016678302        1.0000000035
125.0000        0.3981835418        0.0195642490        0.0258367213        0.0487008258        0.4986093014        0.0028691882        0.0024380311        0.0020557250        0.0017424199        1.0000000035
125.5000        0.3950694547        0.0198930797        0.0262569117        0.0492666868        0.5000029377        0.0029964624        0.0025468615        0.0021476500        0.0018199589        1.0000000035
126.0000        0.3918631431        0.0202149005        0.0266778053        0.0498453240        0.5014672273        0.0031281520        0.0026597178        0.0022431398        0.0019005936        1.0000000034
126.5000        0.3885712364        0.0205278253        0.0270975567        0.0504350200        0.5030004220        0.0032643770        0.0027767443        0.0023423470        0.0019844748        1.0000000034
127.0000        0.3852014177        0.0208298886        0.0275141787        0.0510338358        0.5046001624        0.0034052521        0.0028980843        0.0024454263        0.0020717575        1.0000000034
127.5000        0.3817624549        0.0211190583        0.0279255475        0.0516396068        0.5062634369        0.0035508855        0.0030238794        0.0025525339        0.0021626002        1.0000000034
128.0000        0.3782642240        0.0213932495        0.0283294101        0.0522499399        0.5079865437        0.0037013768        0.0031542680        0.0026638268        0.0022571647        1.0000000034
128.5000        0.3747177219        0.0216503419        0.0287233940        0.0528622139        0.5097650542        0.0038568161        0.0032893843        0.0027794617        0.0023556154        1.0000000034
129.0000        0.3711350692        0.0218881988        0.0291050194        0.0534735817        0.5115937815        0.0040172818        0.0034293572        0.0028995947        0.0024581192        1.0000000035
129.5000        0.3675295005        0.0221046887        0.0294717146        0.0540809759        0.5134667523        0.0041828390        0.0035743087        0.0030243796        0.0025648442        1.0000000035
130.0000        0.3639153409        0.0222977092        0.0298208337        0.0546811175        0.5153771850        0.0043535376        0.0037243524        0.0031539676        0.0026759598        1.0000000035
130.5000        0.3603079680        0.0224652132        0.0301496774        0.0552705281        0.5173174741        0.0045294100        0.0038795919        0.0032885055        0.0027916352        1.0000000035
131.0000        0.3567237568        0.0226052380        0.0304555175        0.0558455462        0.5192791825        0.0047104691        0.0040401193        0.0034281349        0.0029120392        1.0000000035
131.5000        0.3531800073        0.0227159348        0.0307356235        0.0564023473        0.5212530425        0.0048967061        0.0042060130        0.0035729906        0.0030373386        1.0000000036
132.0000        0.3496948536        0.0227956018        0.0309872928        0.0569369682        0.5232289667        0.0050880879        0.0043773360        0.0037231989        0.0031676977        1.0000000036
132.5000        0.3462871525        0.0228427180        0.0312078845        0.0574453367        0.5251960706        0.0052845547        0.0045541334        0.0038788764        0.0033032769        1.0000000037
133.0000        0.3429763518        0.0228559779        0.0313948548        0.0579233051        0.5271427068        0.0054860174        0.0047364308        0.0040401280        0.0034442311        1.0000000037
133.5000        0.3397823375        0.0228343274        0.0315457961        0.0583666892        0.5290565136        0.0056923549        0.0049242313        0.0042070447        0.0035907090        1.0000000038
134.0000        0.3367252587        0.0227769996        0.0316584785        0.0587713118        0.5309244771        0.0059034116        0.0051175134        0.0043797023        0.0037428509        1.0000000038
134.5000        0.3338253320        0.0226835507        0.0317308924        0.0591330509        0.5327330102        0.0061189941        0.0053162281        0.0045581584        0.0039007871        1.0000000039
135.0000        0.3311026236        0.0225538941        0.0317612940        0.0594478931        0.5344680465        0.0063388691        0.0055202966        0.0047424506        0.0040646363        1.0000000039
135.5000        0.3285768114        0.0223883338        0.0317482507        0.0597119910        0.5361151529        0.0065627601        0.0057296071        0.0049325936        0.0042345035        1.0000000040
136.0000        0.3262669286        0.0221875935        0.0316906875        0.0599217247        0.5376596582        0.0067903445        0.0059440121        0.0051285772        0.0044104776        1.0000000040
136.5000        0.3241910892        0.0219528447        0.0315879331        0.0600737671        0.5390868011        0.0070212514        0.0061633254        0.0053303628        0.0045926293        1.0000000040
137.0000        0.3223661988        0.0216857277        0.0314397641        0.0601651514        0.5403818950        0.0072550586        0.0063873193        0.0055378809        0.0047810082        1.0000000040
137.5000        0.3208076542        0.0213883698        0.0312464479        0.0601933418        0.5415305103        0.0074912902        0.0066157210        0.0057510281        0.0049756407        1.0000000040
138.0000        0.3195290338        0.0210633953        0.0310087817        0.0601563044        0.5425186741        0.0077294143        0.0068482101        0.0059696637        0.0051765265        1.0000000040
138.5000        0.3185417850        0.0207139292        0.0307281276        0.0600525788        0.5433330841        0.0079688409        0.0070844157        0.0061936068        0.0053836359        1.0000000040
139.0000        0.3178549116        0.0203435927        0.0304064418        0.0598813478        0.5439613379        0.0082089201        0.0073239129        0.0064226328        0.0055969064        1.0000000039
139.5000        0.3174746693        0.0199564890        0.0300462976        0.0596425055        0.5443921721        0.0084489409        0.0075662205        0.0066564698        0.0058162393        1.0000000039
140.0000        0.3174042727        0.0195571794        0.0296508994        0.0593367205        0.5446157117        0.0086881299        0.0078107983        0.0068947957        0.0060414963        1.0000000038
140.5000        0.3176436225        0.0191506490        0.0292240888        0.0589654928        0.5446237244        0.0089256512        0.0080570446        0.0071372347        0.0062724957        1.0000000037
141.0000        0.3181890607        0.0187422607        0.0287703386        0.0585312044        0.5444098767        0.0091606060        0.0083042943        0.0073833535        0.0065090089        1.0000000036
141.5000        0.3190331587        0.0183376976        0.0282947364        0.0580371588        0.5439699866        0.0093920338        0.0085518167        0.0076326590        0.0067507560        1.0000000035
142.0000        0.3201645504        0.0179428938        0.0278029543        0.0574876099        0.5433022694        0.0096189137        0.0087988151        0.0078845944        0.0069974026        1.0000000034
142.5000        0.3215678147        0.0175639532        0.0273012059        0.0568877767        0.5424075692        0.0098401665        0.0090444249        0.0081385369        0.0072485553        1.0000000033
143.0000        0.3232234185        0.0172070571        0.0267961878        0.0562438431        0.5412895705        0.0100546583        0.0092877144        0.0083937953        0.0075037583        1.0000000032
143.5000        0.3251077255        0.0168783607        0.0262950067        0.0555629395        0.5399549843        0.0102612046        0.0095276847        0.0086496073        0.0077624898        1.0000000032
144.0000        0.3271930814        0.0165838808        0.0258050915        0.0548531061        0.5384137004        0.0104585755        0.0097632711        0.0089051385        0.0080241578        1.0000000031
144.5000        0.3294479785        0.0163293744        0.0253340895        0.0541232346        0.5366788997        0.0106455024        0.0099933456        0.0091594809        0.0082880975        1.0000000031
145.0000        0.3318373085        0.0161202117        0.0248897489        0.0533829894        0.5347671187        0.0108206852        0.0102167197        0.0094116526        0.0085535683        1.0000000031
145.5000        0.3343227067        0.0159612451        0.0244797874        0.0526427039        0.5326982600        0.0109828023        0.0104321487        0.0096605980        0.0088197510        1.0000000031
146.0000        0.3368629895        0.0158566761        0.0241117484        0.0519132560        0.5304955407        0.0111305199        0.0106383373        0.0099051892        0.0090857460        1.0000000032
146.5000        0.3394146876        0.0158099245        0.0237928472        0.0512059183        0.5281853744        0.0112625046        0.0108339462        0.0101442281        0.0093505723        1.0000000033
147.0000        0.3419326725        0.0158235031        0.0235298094        0.0505321871        0.5257971785        0.0113774363        0.0110176003        0.0103764495        0.0096131665        1.0000000034
147.5000        0.3443708730        0.0158988998        0.0233287045        0.0499035898        0.5233631063        0.0114740228        0.0111878977        0.0106005260        0.0098723837        1.0000000035
148.0000        0.3466830739        0.0160364736        0.0231947776        0.0493314726        0.5209176963        0.0115510160        0.0113434218        0.0108150735        0.0101269984        1.0000000037
148.5000        0.3488237896        0.0162353671        0.0231322846        0.0488267729        0.5184974414        0.0116072294        0.0114827527        0.0110186586        0.0103757076        1.0000000039
149.0000        0.3507491973        0.0164934393        0.0231443334        0.0483997777        0.5161402756        0.0116415566        0.0116044821        0.0112098077        0.0106171343        1.0000000040
149.5000        0.3524181162        0.0168072240        0.0232327375        0.0480598742        0.5138849816        0.0116529913        0.0117072293        0.0113870170        0.0108498331        1.0000000042
150.0000        0.3537930125        0.0171719161        0.0233978860        0.0478152968        0.5117705246        0.0116406482        0.0117896577        0.0115487654        0.0110722970        1.0000000043
150.5000        0.3548410096        0.0175813906        0.0236386357        0.0476728768        0.5098353187        0.0116037846        0.0118504948        0.0116935278        0.0112829659        1.0000000044
151.0000        0.3555348772        0.0180282556        0.0239522298        0.0476378009        0.5081164375        0.0115418229        0.0118885518        0.0118197916        0.0114802372        1.0000000044
151.5000        0.3558539749        0.0185039435        0.0243342494        0.0477133863        0.5066487799        0.0114543728        0.0119027458        0.0119260738        0.0116624779        1.0000000044
152.0000        0.3557851192        0.0189988395        0.0247786013        0.0479008791        0.5054642085        0.0113412543        0.0118921224        0.0120109408        0.0118280392        1.0000000043
152.5000        0.3553233455        0.0195024490        0.0252775467        0.0481992846        0.5045906777        0.0112025196        0.0118558797        0.0120730292        0.0119752722        1.0000000042
153.0000        0.3544725337        0.0200036033        0.0258217747        0.0486052361        0.5040513729        0.0110384745        0.0117933929        0.0121110691        0.0121025468        1.0000000040
153.5000        0.3532458679        0.0204907000        0.0264005223        0.0491129117        0.5038638845        0.0108496983        0.0117042388        0.0121239082        0.0122082721        1.0000000038
154.0000        0.3516661017        0.0209519759        0.0270017434        0.0497140039        0.5040394401        0.0106370621        0.0115882213        0.0121105369        0.0122909181        1.0000000035
154.5000        0.3497656012        0.0213758071        0.0276123254        0.0503977505        0.5045822226        0.0104017448        0.0114453952        0.0120701156        0.0123490408        1.0000000033
155.0000        0.3475861453        0.0217510287        0.0282183533        0.0511510306        0.5054888005        0.0101452456        0.0112760902        0.0120020014        0.0123813074        1.0000000031
155.5000        0.3451784623        0.0220672691        0.0288054177        0.0519585305        0.5067476969        0.0098693937        0.0110809328        0.0119057757        0.0123865242        1.0000000029
156.0000        0.9937195629        0.0003856887        0.0004106298        0.0004380707        0.0004683572        0.0009721849        0.0010748838        0.0011947590        0.0013358658        1.0000000027
156.5000        0.9937198111        0.0003856726        0.0004106125        0.0004380521        0.0004683371        0.0009721459        0.0010748417        0.0011947134        0.0013358162        1.0000000026
157.0000        0.9937215615        0.0003855595        0.0004104906        0.0004379209        0.0004681960        0.0009718714        0.0010745447        0.0011943915        0.0013354665        1.0000000026
157.5000        0.9940186823        0.0003776538        0.0004014185        0.0004274990        0.0004562064        0.0009238255        0.0010172023        0.0011254864        0.0012520286        1.0000000030
158.0000        0.9940198063        0.0003775800        0.0004013391        0.0004274136        0.0004561146        0.0009236497        0.0010170126        0.0011252813        0.0012518063        1.0000000035
158.5000        0.9940234501        0.0003773413        0.0004010822        0.0004271374        0.0004558178        0.0009230792        0.0010163966        0.0011246151        0.0012510845        1.0000000043
159.0000        0.9940310945        0.0003768436        0.0004005462        0.0004265606        0.0004551974        0.0009218806        0.0010151019        0.0011232144        0.0012495661        1.0000000052
159.5000        0.9940441876        0.0003759984        0.0003996349        0.0004255789        0.0004541406        0.0009198238        0.0010128788        0.0011208076        0.0012469556        1.0000000062
160.0000        0.9940641164        0.0003747261        0.0003982615        0.0004240975        0.0004525437        0.0009166858        0.0010094840        0.0011171294        0.0012429628        1.0000000072
160.5000        0.9940921762        0.0003729596        0.0003963513        0.0004220338        0.0004503158        0.0009122548        0.0010046852        0.0011119244        0.0012373069        1.0000000080
161.0000        0.9941295395        0.0003706471        0.0003938456        0.0004193214        0.0004473818        0.0009063345        0.0009982650        0.0011049520        0.0012297217        1.0000000086
161.5000        0.9941772243        0.0003677548        0.0003907041        0.0004159127        0.0004436864        0.0008987490        0.0009900264        0.0010959915        0.0012199596        1.0000000088
162.0000        0.9942360638        0.0003642694        0.0003869077        0.0004117823        0.0004391968        0.0008893476        0.0009797969        0.0010848465        0.0012077976        1.0000000087
162.5000        0.9943066775        0.0003602000        0.0003824607        0.0004069287        0.0004339049        0.0008780091        0.0009674341        0.0010713507        0.0011930424        1.0000000082
163.0000        0.9951279155        0.0003436027        0.0003626830        0.0003833978        0.0004059394        0.0007429042        0.0008047621        0.0008746803        0.0009541225        1.0000000073
163.5000        0.9951286659        0.0003435498        0.0003626264        0.0003833374        0.0004058748        0.0007427877        0.0008046376        0.0008745470        0.0009539795        1.0000000061
164.0000        0.9951315036        0.0003433510        0.0003624135        0.0003831097        0.0004056315        0.0007423476        0.0008041666        0.0008740426        0.0009534388        1.0000000048
164.5000        0.9951378071        0.0003429121        0.0003619434        0.0003826065        0.0004050932        0.0007413687        0.0008031187        0.0008729197        0.0009522342        1.0000000035
165.0000        0.9951489069        0.0003421464        0.0003611222        0.0003817266        0.0004041511        0.0007396415        0.0008012682        0.0008709353        0.0009501041        1.0000000024
165.5000        0.9951660506        0.0003409781        0.0003598675        0.0003803802        0.0004027075        0.0007369665        0.0007983994        0.0008678561        0.0009467957        1.0000000016
166.0000        0.9951903663        0.0003393462        0.0003581116        0.0003784928        0.0004006804        0.0007331594        0.0007943114        0.0008634630        0.0009420701        1.0000000012
166.5000        0.9952228267        0.0003372080        0.0003558059        0.0003760090        0.0003980070        0.0007280564        0.0007888235        0.0008575569        0.0009357080        1.0000000014
167.0000        0.9952642148        0.0003345420        0.0003529234        0.0003728958        0.0003946478        0.0007215189        0.0007817804        0.0008499639        0.0009275152        1.0000000021
167.5000        0.9953150920        0.0003313500        0.0003494613        0.0003691453        0.0003905890        0.0007134392        0.0007730574        0.0008405409        0.0009173282        1.0000000033
168.0000        0.9953757702        0.0003276585        0.0003454429        0.0003647767        0.0003858451        0.0007037448        0.0007625658        0.0008291810        0.0009050197        1.0000000049
168.5000        0.9954462897        0.0003235191        0.0003409178        0.0003598369        0.0003804596        0.0006924030        0.0007502574        0.0008158185        0.0008905045        1.0000000066
169.0000        0.9955264034        0.0003190072        0.0003359611        0.0003544005        0.0003745054        0.0006794245        0.0007361286        0.0008004334        0.0008737441        1.0000000082
169.5000        0.9956155692        0.0003142202        0.0003306723        0.0003485678        0.0003680835        0.0006648662        0.0007202237        0.0007830555        0.0008547509        1.0000000094
170.0000        0.9957129509        0.0003092741        0.0003251714        0.0003424626        0.0003613206        0.0006488333        0.0007026377        0.0007637671        0.0008335925        1.0000000101
170.5000        0.9958174288        0.0003042988        0.0003195950        0.0003362278        0.0003543650        0.0006314794        0.0006835168        0.0007427050        0.0008103935        1.0000000101
171.0000        0.9959276199        0.0002994325        0.0003140907        0.0003300198        0.0003473819        0.0006130061        0.0006630593        0.0007200615        0.0007853377        1.0000000093
171.5000        0.9960419088        0.0002948155        0.0003088105        0.0003240025        0.0003405468        0.0005936605        0.0006415129        0.0006960829        0.0007586674        1.0000000079
172.0000        0.9961584872        0.0002905828        0.0003039039        0.0003183399        0.0003340385        0.0005737315        0.0006191723        0.0006710676        0.0007306822        1.0000000059
172.5000        0.9962754031        0.0002868568        0.0002995098        0.0003131882        0.0003280307        0.0005535436        0.0005963741        0.0006453619        0.0007017356        1.0000000038
173.0000        0.9963906171        0.0002837403        0.0002957493        0.0003086878        0.0003226839        0.0005334501        0.0005734897        0.0006193538        0.0006722300        1.0000000019
173.5000        0.9965020650        0.0002813096        0.0002927181        0.0003049552        0.0003181371        0.0005138239        0.0005509172        0.0005934651        0.0006426093        1.0000000004
174.0000        0.9966077248        0.0002796088        0.0002904800        0.0003020760        0.0003144993        0.0004950470        0.0005290713        0.0005681422        0.0006133504        0.9999999998
174.5000        0.9967056847        0.0002786455        0.0002890618        0.0003000984        0.0003118429        0.0004774990        0.0005083713        0.0005438446        0.0005849520        1.0000000001
175.0000        0.9967942111        0.0002783885        0.0002884493        0.0002990285        0.0003101971        0.0004615439        0.0004892289        0.0005210319        0.0005579223        1.0000000014
175.5000        0.9968718127        0.0002787667        0.0002885861        0.0002988278        0.0003095448        0.0004475172        0.0004720336        0.0005001499        0.0005327647        1.0000000035
176.0000        0.9969372987        0.0002796719        0.0002893739        0.0002994119        0.0003098198        0.0004357119        0.0004571392        0.0004816160        0.0005099627        1.0000000061
176.5000        0.9965643440        0.0002856796        0.0002979443        0.0003110161        0.0003249674        0.0005073108        0.0005366461        0.0005686016        0.0006034987        1.0000000085
177.0000        0.9965654919        0.0002855896        0.0002978490        0.0003109152        0.0003248608        0.0005071373        0.0005364632        0.0005684085        0.0006032949        1.0000000105
177.5000        0.9965689466        0.0002853201        0.0002975633        0.0003106127        0.0003245406        0.0005066138        0.0005359106        0.0005678251        0.0006026788        1.0000000116
178.0000        0.9965759122        0.0002847814        0.0002969917        0.0003100067        0.0003238987        0.0005055552        0.0005347922        0.0005666434        0.0006014298        1.0000000114
178.5000        0.9965874689        0.0002838992        0.0002960542        0.0003090113        0.0003228425        0.0005037924        0.0005329276        0.0005646710        0.0005993429        1.0000000100
179.0000        0.9966045195        0.0002826195        0.0002946915        0.0003075615        0.0003213014        0.0005011797        0.0005301598        0.0005617387        0.0005962359        1.0000000076
179.5000        0.9966277411        0.0002809136        0.0002928703        0.0003056192        0.0003192316        0.0004976015        0.0005263621        0.0005577079        0.0005919573        1.0000000046
180.0000        0.9966575429        0.0002787811        0.0002905866        0.0003031760        0.0003166204        0.0004929792        0.0005214450        0.0005524773        0.0005863932        1.0000000016
180.5000        0.9966940348        0.0002762513        0.0002878672        0.0003002561        0.0003134884        0.0004872763        0.0005153619        0.0005459895        0.0005794739        0.9999999994
181.0000        0.9967370084        0.0002733830        0.0002847700        0.0002969160        0.0003098904        0.0004805029        0.0005081137        0.0005382350        0.0005711790        0.9999999983
181.5000        0.9967859329        0.0002702615        0.0002813814        0.0002932425        0.0003059134        0.0004727173        0.0004997516        0.0005292567        0.0005615415        0.9999999989
182.0000        0.9968399663        0.0002669944        0.0002778120        0.0002893492        0.0003016731        0.0004640274        0.0004903780        0.0005191506        0.0005506499        1.0000000009
182.5000        0.9968979843        0.0002637047        0.0002741903        0.0002853695        0.0002973077        0.0004545880        0.0004801455        0.0005080656        0.0005386483        1.0000000040
183.0000        0.9969586246        0.0002605228        0.0002706545        0.0002814494        0.0002929707        0.0004445975        0.0004692532        0.0004962008        0.0005257341        1.0000000076
183.5000        0.9970203465        0.0002575772        0.0002673431        0.0002777374        0.0002888207        0.0004342907        0.0004579412        0.0004837999        0.0005121540        1.0000000108
184.0000        0.9970815029        0.0002549848        0.0002643852        0.0002743750        0.0002850118        0.0004239305        0.0004464819        0.0004711442        0.0004981964        1.0000000128
184.5000        0.9971404223        0.0002528412        0.0002618900        0.0002714858        0.0002816824        0.0004137972        0.0004351700        0.0004585419        0.0004841824        1.0000000130
185.0000        0.9971954947        0.0002512126        0.0002599381        0.0002691657        0.0002789446        0.0004041751        0.0004243096        0.0004463166        0.0004704543        1.0000000113
185.5000        0.9972452588        0.0002501288        0.0002585740        0.0002674748        0.0002768757        0.0003953396        0.0004142012        0.0004347935        0.0004573618        1.0000000081
186.0000        0.9972884841        0.0002495794        0.0002578002        0.0002664308        0.0002755098        0.0003875426        0.0004051260        0.0004242842        0.0004452471        1.0000000040
186.5000        0.9973242433        0.0002495119        0.0002575755        0.0002660055        0.0002748340        0.0003809976        0.0003973318        0.0004150714        0.0004344291        1.0000000001
187.0000        0.9973519696        0.0002498347        0.0002578159        0.0002661246        0.0002747862        0.0003758671        0.0003910180        0.0004073939        0.0004251874        0.9999999975
187.5000        0.9973714953        0.0002504222        0.0002583988        0.0002666713        0.0002752577        0.0003722504        0.0003863230        0.0004014317        0.0004177465        0.9999999969
188.0000        0.9973830690        0.0002511236        0.0002591715        0.0002674929        0.0002760985        0.0003701748        0.0003833128        0.0003972936        0.0004122620        0.9999999985
188.5000        0.9972505963        0.0002497836        0.0002585814        0.0002678523        0.0002776309        0.0003961143        0.0004138042        0.0004327061        0.0004529333        1.0000000022
189.0000        0.9972512913        0.0002497254        0.0002585202        0.0002677880        0.0002775634        0.0003960118        0.0004136969        0.0004325938        0.0004528159        1.0000000068
189.5000        0.9972538730        0.0002495095        0.0002582931        0.0002675493        0.0002773126        0.0003956285        0.0004132956        0.0004321737        0.0004523760        1.0000000112
190.0000        0.9972594911        0.0002490437        0.0002578025        0.0002670330        0.0002767697        0.0003947908        0.0004124177        0.0004312537        0.0004514119        1.0000000141
190.5000        0.9972691173        0.0002482569        0.0002569724        0.0002661579        0.0002758477        0.0003933484        0.0004109039        0.0004296651        0.0004497450        1.0000000145
191.0000        0.9972834723        0.0002471060        0.0002557553        0.0002648718        0.0002744898        0.0003911844        0.0004086286        0.0004272732        0.0004472308        1.0000000122
191.5000        0.9973029664        0.0002455816        0.0002541384        0.0002631582        0.0002726752        0.0003882244        0.0004055091        0.0004239864        0.0004437681        1.0000000077
192.0000        0.9973276578        0.0002437102        0.0002521460        0.0002610391        0.0002704232        0.0003844429        0.0004015125        0.0004197635        0.0004393072        1.0000000024
192.5000        0.9973572343        0.0002415534        0.0002498392        0.0002585745        0.0002677925        0.0003798679        0.0003966606        0.0004146197        0.0004338557        0.9999999978
193.0000        0.9973910208        0.0002392034        0.0002473117        0.0002558592        0.0002648788        0.0003745817        0.0003910313        0.0004086278        0.0004274806        0.9999999954
193.5000        0.9974280140        0.0002367757        0.0002446825        0.0002530157        0.0002618074        0.0003687183        0.0003847568        0.0004019176        0.0004203082        0.9999999961
194.0000        0.9974669440        0.0002343979        0.0002420852        0.0002501833        0.0002587235        0.0003624576        0.0003780182        0.0003946704        0.0004125197        0.9999999998
194.5000        0.9975063589        0.0002321982        0.0002396561        0.0002475065        0.0002557796        0.0003560154        0.0003710362        0.0003871112        0.0004043435        1.0000000055
195.0000        0.9975447281        0.0002302917        0.0002375204        0.0002451208        0.0002531217        0.0003496304        0.0003640585        0.0003794961        0.0003960436        1.0000000113
195.5000        0.9975805561        0.0002287680        0.0002357793        0.0002431394        0.0002508753        0.0003435492        0.0003573449        0.0003720979        0.0003879050        1.0000000153
196.0000        0.9976124987        0.0002276809        0.0002344985        0.0002416406        0.0002491323        0.0003380090        0.0003511501        0.0003651888        0.0003802174        1.0000000161
196.5000        0.9976394706        0.0002270405        0.0002336995        0.0002406586        0.0002479402        0.0003332198        0.0003457057        0.0003590221        0.0003732562        1.0000000131
197.0000        0.9976607375        0.0002268108        0.0002333561        0.0002401779        0.0002472959        0.0003293482        0.0003412027        0.0003538143        0.0003672639        1.0000000074
197.5000        0.9976759807        0.0002269109        0.0002333940        0.0002401326        0.0002471434        0.0003265025        0.0003377760        0.0003497281        0.0003624325        1.0000000007
198.0000        0.9976853299        0.0002272226        0.0002336974        0.0002404111        0.0002473770        0.0003247214        0.0003354909        0.0003468579        0.0003588873        0.9999999955
198.5000        0.9976893598        0.0002276014        0.0002341194        0.0002408655        0.0002478497        0.0003239676        0.0003343357        0.0003452197        0.0003566749        0.9999999937
199.0000        0.9976890479        0.0002278920        0.0002344970        0.0002413263        0.0002483869        0.0003241269        0.0003342174        0.0003447457        0.0003557561        0.9999999961
199.5000        0.9976856985        0.0002279458        0.0002346682        0.0002416193        0.0002488034        0.0003250132        0.0003349656        0.0003452849        0.0003560034        1.0000000021
200.0000        0.9976808367        0.0002276383        0.0002344908        0.0002415847        0.0002489226        0.0003263794        0.0003363410        0.0003466100        0.0003572060        1.0000000095
200.5000        0.9976760820        0.0002268848        0.0002338594        0.0002410958        0.0002485960        0.0003279351        0.0003380510        0.0003484307        0.0003590807        1.0000000156
201.0000        0.9976730118        0.0002256525        0.0002327191        0.0002400744        0.0002477207        0.0003293675        0.0003397701        0.0003504126        0.0003612891        1.0000000179
201.5000        0.9976730267        0.0002239665        0.0002310745        0.0002385018        0.0002462531        0.0003303671        0.0003411643        0.0003522013        0.0003634601        1.0000000153
202.0000        0.9976772309        0.0002219089        0.0002289911        0.0002364239        0.0002442158        0.0003306537        0.0003419188        0.0003534490        0.0003652165        1.0000000087
202.5000        0.9976863371        0.0002196118        0.0002265908        0.0002339484        0.0002416986        0.0003300019        0.0003417641        0.0003538434        0.0003662044        1.0000000005
203.0000        0.9977006069        0.0002172419        0.0002240386        0.0002312347        0.0002388504        0.0003282639        0.0003405018        0.0003531341        0.0003661218        0.9999999941
203.5000        0.9977198320        0.0002149814        0.0002215246        0.0002284765        0.0002358649        0.0003253855        0.0003380246        0.0003511572        0.0003647455        0.9999999921
204.0000        0.9977433590        0.0002130049        0.0002192408        0.0002258805        0.0002329589        0.0003214159        0.0003343298        0.0003478527        0.0003619531        0.9999999956
204.5000        0.9977701560        0.0002114563        0.0002173571        0.0002236405        0.0002303479        0.0003165079        0.0003295249        0.0003432747        0.0003577380        1.0000000033
205.0000        0.9977989137        0.0002104285        0.0002159982        0.0002219131        0.0002282192        0.0003109085        0.0003238231        0.0003375924        0.0003522155        1.0000000122
205.5000        0.9978281730        0.0002099489        0.0002152257        0.0002207961        0.0002267079        0.0003049398        0.0003175281        0.0003310801        0.0003456188        1.0000000183
206.0000        0.9978564627        0.0002099730        0.0002150272        0.0002203135        0.0002258778        0.0002989717        0.0003110109        0.0003240979        0.0003382844        1.0000000190
206.5000        0.9978824362        0.0002103873        0.0002153149        0.0002204092        0.0002257101        0.0002933883        0.0003046776        0.0003170628        0.0003306272        1.0000000136
207.0000        0.9979049913        0.0002110224        0.0002159344        0.0002209510        0.0002261025        0.0002885504        0.0002989324        0.0003104128        0.0003231073        1.0000000044
207.5000        0.9979233609        0.0002116746        0.0002166828        0.0002217452        0.0002268787        0.0002847583        0.0002941382        0.0003045666        0.0003161899        0.9999999953
208.0000        0.9979371697        0.0002121329        0.0002173351        0.0002225600        0.0002278089        0.0002822191        0.0002905788        0.0002998829        0.0003103031        0.9999999905
208.5000        0.9979464491        0.0002122096        0.0002176745        0.0002231555        0.0002286373        0.0002810204        0.0002884275        0.0002966230        0.0003057957        0.9999999926
209.0000        0.9979516155        0.0002117679        0.0002175235        0.0002233164        0.0002291164        0.0002811162        0.0002877238        0.0002949205        0.0003029004        1.0000000007
209.5000        0.9979534144        0.0002107446        0.0002167712        0.0002228835        0.0002290402        0.0002823255        0.0002883639        0.0002947620        0.0003017060        1.0000000113
210.0000        0.9979528394        0.0002091620        0.0002153914        0.0002217779        0.0002282746        0.0002843458        0.0002901043        0.0002959821        0.0003021417        1.0000000193
210.5000        0.9979510348        0.0002071280        0.0002134505        0.0002200160        0.0002267792        0.0002867806        0.0002925816        0.0002982728        0.0003039772        1.0000000208
211.0000        0.9979491916        0.0002048229        0.0002111009        0.0002177105        0.0002246165        0.0002891784        0.0002953461        0.0003012094        0.0003068381        1.0000000146
211.5000        0.9979484469        0.0002024747        0.0002085615        0.0002150581        0.0002219471        0.0002910816        0.0002979063        0.0003042897        0.0003102378        1.0000000037
212.0000        0.9979497926        0.0002003251        0.0002060868        0.0002123131        0.0002190105        0.0002920772        0.0002997812        0.0003069843        0.0003136226        0.9999999933
212.5000        0.9979540020        0.0001985917        0.0002039296        0.0002097520        0.0002160931        0.0002918466        0.0003005546        0.0003087923        0.0003164267        0.9999999887
213.0000        0.9979615771        0.0001974330        0.0002023010        0.0002076319        0.0002134875        0.0002902067        0.0002999250        0.0003092981        0.0003181323        0.9999999926
213.5000        0.9979727182        0.0001969199        0.0002013357        0.0002061505        0.0002114488        0.0002871373        0.0002977447        0.0003082209        0.0003183274        1.0000000033
214.0000        0.9979873168        0.0001970211        0.0002010678        0.0002054128        0.0002101546        0.0002827902        0.0002940440        0.0003054525        0.0003167556        1.0000000154
214.5000        0.9980049684        0.0001976044        0.0002014211        0.0002054110        0.0002096745        0.0002774786        0.0002890354        0.0003010774        0.0003133517        1.0000000224
215.0000        0.9980250028        0.0001984550        0.0002022177        0.0002060216        0.0002099550        0.0002716451        0.0002830953        0.0002953709        0.0003082571        1.0000000205
215.5000        0.9980465277        0.0001993089        0.0002032034        0.0002070207        0.0002108233        0.0002658121        0.0002767263        0.0002887749        0.0003018129        1.0000000102
216.0000        0.9980684861        0.0001998959        0.0002040871        0.0002081169        0.0002120104        0.0002605191        0.0002705000        0.0002818529        0.0002945285        0.9999999969
216.5000        0.9980897263        0.0001999865        0.0002045890        0.0002089966        0.0002131903        0.0002562543        0.0002649893        0.0002752261        0.0002870298        0.9999999880
217.0000        0.9981090871        0.0001994329        0.0002044884        0.0002093754        0.0002140311        0.0002533893        0.0002606959        0.0002695001        0.0002799883        0.9999999887
217.5000        0.9981254980        0.0001981987        0.0002036642        0.0002090475        0.0002142497        0.0002521255        0.0002579831        0.0002651891        0.0002740431        0.9999999988
218.0000        0.9981380917        0.0001963691        0.0002021193        0.0002079234        0.0002136603        0.0002524597        0.0002570230        0.0002626465        0.0002697200        1.0000000131
218.5000        0.9981463210        0.0001941395        0.0001999853        0.0002060496        0.0002122098        0.0002541764        0.0002577658        0.0002620136        0.0002673623        1.0000000232
219.0000        0.9981500630        0.0001917842        0.0001975026        0.0002036055        0.0002099915        0.0002568685        0.0002599372        0.0002631918        0.0002670788        1.0000000231
219.5000        0.9981496936        0.0001896080        0.0001949816        0.0002008767        0.0002072341        0.0002599852        0.0002630661        0.0002658461        0.0002687210        1.0000000124
220.0000        0.9981461099        0.0001878905        0.0001927480        0.0001982072        0.0002042675        0.0002629041        0.0002665405        0.0002694390        0.0002718904        0.9999999972
220.5000        0.9981406855        0.0001868321        0.0001910833        0.0001959401        0.0002014672        0.0002650155        0.0002696865        0.0002732952        0.0002759813        0.9999999865
221.0000        0.9981351496        0.0001865132        0.0001901706        0.0001943542        0.0001991898        0.0002658114        0.0002718597        0.0002766871        0.0002802516        0.9999999872
221.5000        0.9981313970        0.0001868743        0.0001900564        0.0001936107        0.0001977074        0.0002649629        0.0002725386        0.0002789342        0.0002839176        0.9999999991
222.0000        0.9981312433        0.0001877228        0.0001906373        0.0001937188        0.0001971553        0.0002623761        0.0002714034        0.0002794993        0.0002862591        1.0000000153
222.5000        0.9981361553        0.0001887669        0.0001916744        0.0001945284        0.0001975017        0.0002582156        0.0002683914        0.0002780710        0.0002867209        1.0000000256
223.0000        0.9981469943        0.0001896699        0.0001928358        0.0001957538        0.0001985482        0.0002528895        0.0002637163        0.0002746175        0.0002849979        1.0000000232
223.5000        0.9981638143        0.0001901173        0.0001937586        0.0001970234        0.0001999610        0.0002469970        0.0002578474        0.0002694022        0.0002810879        1.0000000092
224.0000        0.9981857570        0.0001898816        0.0001941203        0.0001979502        0.0002013303        0.0002412431        0.0002514485        0.0002629569        0.0002753044        0.9999999923
224.5000        0.9982110802        0.0001888717        0.0001937054        0.0001982068        0.0002022463        0.0002363318        0.0002452846        0.0002560132        0.0002682436        0.9999999836
225.0000        0.9982373374        0.0001871572        0.0001924532        0.0001975932        0.0002023794        0.0002328549        0.0002401070        0.0002493995        0.0002607075        0.9999999892
225.5000        0.9982617057        0.0001849583        0.0001904748        0.0001960813        0.0002015480        0.0002311918        0.0002365347        0.0002439183        0.0002535931        1.0000000059
226.0000        0.9982814246        0.0001826045        0.0001880362        0.0001938264        0.0001997594        0.0002314400        0.0002349513        0.0002402208        0.0002477596        1.0000000226
226.5000        0.9982942818        0.0001804665        0.0001855070        0.0001911413        0.0001972150        0.0002333876        0.0002354337        0.0002386985        0.0002438964        1.0000000279
227.0000        0.9982990579        0.0001788774        0.0001832854        0.0001884363        0.0001942755        0.0002365372        0.0002377280        0.0002394113        0.0002424086        1.0000000176
227.5000        0.9982958363        0.0001780577        0.0001817130        0.0001861358        0.0001913923        0.0002401779        0.0002412781        0.0002420642        0.0002433431        0.9999999985
228.0000        0.9982861023        0.0001780628        0.0001809986        0.0001845887        0.0001890161        0.0002434993        0.0002453069        0.0002460423        0.0002463667        0.9999999837
228.5000        0.9982725880        0.0001787651        0.0001811683        0.0001839905        0.0001875019        0.0002457270        0.0002489389        0.0002504993        0.0002508051        0.9999999841
229.0000        0.9982588681        0.0001798769        0.0001820533        0.0001843361        0.0001870307        0.0002462593        0.0002513460        0.0002544899        0.0002557396        0.9999999999
229.5000        0.9982487607        0.0001810114        0.0001833218        0.0001854142        0.0001875646        0.0002447806        0.0002518921        0.0002571256        0.0002601489        1.0000000201
230.0000        0.9982456312        0.0001817693        0.0001845491        0.0001868476        0.0001888481        0.0002413282        0.0002502521        0.0002577284        0.0002630760        1.0000000299
230.5000        0.9982517216        0.0001818316        0.0001853120        0.0001881724        0.0001904567        0.0002362991        0.0002464806        0.0002559563        0.0002637914        1.0000000217
231.0000        0.9982676382        0.0001810383        0.0001852868        0.0001889411        0.0001918865        0.0002303905        0.0002410168        0.0002518756        0.0002619273        1.0000000010
231.5000        0.9982921152        0.0001794310        0.0001843285        0.0001888251        0.0001926639        0.0002244820        0.0002346191        0.0002459646        0.0002575537        0.9999999831
232.0000        0.9983221300        0.0001772503        0.0001825109        0.0001876947        0.0001924544        0.0002194774        0.0002282381        0.0002390427        0.0002511833        0.9999999818
232.5000        0.9983533880        0.0001748825        0.0001801156        0.0001856561        0.0001911438        0.0002161341        0.0002228469        0.0002321352        0.0002436966        0.9999999987
233.0000        0.9983811146        0.0001727695        0.0001775707        0.0001830332        0.0001888711        0.0002149126        0.0002192598        0.0002262920        0.0002361977        1.0000000212
233.5000        0.9984010147        0.0001713005        0.0001753508        0.0001802976        0.0001860042        0.0002158759        0.0002179718        0.0002223941        0.0002298222        1.0000000318
234.0000        0.9984102035        0.0001707119        0.0001738615        0.0001779584        0.0001830603        0.0002186627        0.0002190513        0.0002209819        0.0002255301        1.0000000215
234.5000        0.9984078967        0.0001710227        0.0001733360        0.0001764401        0.0001805863        0.0002225435        0.0002221118        0.0002221399        0.0002239209        0.9999999980
235.0000        0.9983956858        0.0001720225        0.0001737713        0.0001759746        0.0001790285        0.0002265538        0.0002263711        0.0002254641        0.0002251083        0.9999999799
235.5000        0.9983773084        0.0001733187        0.0001749210        0.0001765379        0.0001786201        0.0002296811        0.0002307921        0.0002301226        0.0002286805        0.9999999822
236.0000        0.9983579353        0.0001744336        0.0001763514        0.0001778477        0.0001793172        0.0002310710        0.0002342824        0.0002350042        0.0002337609        1.0000000037
236.5000        0.9983431065        0.0001749277        0.0001775481        0.0001794278        0.0001808016        0.0002302105        0.0002359141        0.0002389289        0.0002391620        1.0000000271
237.0000        0.9983375323        0.0001745187        0.0001780476        0.0001807240        0.0001825519        0.0002270473        0.0002351202        0.0002408831        0.0002436075        1.0000000327
237.5000        0.9983440166        0.0001731624        0.0001775626        0.0001812454        0.0001839702        0.0002220178        0.0002318257        0.0002402312        0.0002459833        1.0000000152
238.0000        0.9983627477        0.0001710724        0.0001760631        0.0001806949        0.0001845327        0.0002159705        0.0002264801        0.0002368601        0.0002455673        0.9999999888
238.5000        0.9983911435        0.0001686696        0.0001737933        0.0001790541        0.0001839282        0.0002099966        0.0002199809        0.0002312206        0.0002421894        0.9999999762
239.0000        0.9984243280        0.0001664718        0.0001712134        0.0001765960        0.0001821455        0.0002051992        0.0002134961        0.0002242522        0.0002362866        0.9999999887
239.5000        0.9984561765        0.0001649519        0.0001688794        0.0001738209        0.0001794858        0.0002024490        0.0002082200        0.0002172007        0.0002288321        1.0000000162
240.0000        0.9984807193        0.0001644026        0.0001672920        0.0001713264        0.0001764911        0.0002021814        0.0002051119        0.0002113604        0.0002211496        1.0000000347
240.5000        0.9984935787        0.0001648469        0.0001667543        0.0001696464        0.0001738058        0.0002042823        0.0002046750        0.0002077945        0.0002146434        1.0000000273
241.0000        0.9984930769        0.0001660231        0.0001672796        0.0001691005        0.0001720037        0.0002080954        0.0002068277        0.0002070937        0.0002104993        0.9999999998
241.5000        0.9984807150        0.0001674517        0.0001685789        0.0001696977        0.0001714283        0.0002125555        0.0002109018        0.0002092287        0.0002094191        0.9999999768
242.0000        0.9984608744        0.0001685693        0.0001701347        0.0001711249        0.0001720906        0.0002164232        0.0002157763        0.0002135359        0.0002114502        0.9999999796
242.5000        0.9984397937        0.0001688933        0.0001713449        0.0001728262        0.0001736559        0.0002185721        0.0002201210        0.0002188463        0.0002159529        1.0000000064
243.0000        0.9984240607        0.0001681687        0.0001716969        0.0001741566        0.0001755284        0.0002182619        0.0002227016        0.0002237371        0.0002217210        1.0000000328
243.5000        0.9984189832        0.0001664520        0.0001709232        0.0001745670        0.0001770142        0.0002153298        0.0002226746        0.0002268529        0.0002272370        1.0000000339
244.0000        0.9984272388        0.0001641043        0.0001690885        0.0001737687        0.0001775185        0.0002102502        0.0002198026        0.0002272260        0.0002310101        1.0000000077
244.5000        0.9984481475        0.0001616896        0.0001665809        0.0001718275        0.0001767221        0.0002040384        0.0002145317        0.0002245182        0.0002319228        0.9999999787
245.0000        0.9984777793        0.0001598060        0.0001640030        0.0001691540        0.0001746832        0.0001980166        0.0002079051        0.0002191224        0.0002295053        0.9999999749
245.5000        0.9985099108        0.0001588996        0.0001619929        0.0001663900        0.0001718316        0.0001934907        0.0002013253        0.0002120920        0.0002240679        1.0000000009
246.0000        0.9985376265        0.0001591184        0.0001610270        0.0001642190        0.0001688500        0.0001914180        0.0001962163        0.0002049042        0.0002166523        1.0000000318
246.5000        0.9985551574        0.0001602563        0.0001612652        0.0001631567        0.0001664751        0.0001921496        0.0001936648        0.0001991091        0.0002088028        1.0000000371
247.0000        0.9985594509        0.0001618078        0.0001624907        0.0001633854        0.0001652735        0.0001953190        0.0001941332        0.0001959452        0.0002022048        1.0000000106
247.5000        0.9985510146        0.0001631232        0.0001641677        0.0001646865        0.0001654621        0.0001999155        0.0001973194        0.0001960164        0.0001982728        0.9999999782
248.0000        0.9985337758        0.0001636170        0.0001656044        0.0001664982        0.0001668303        0.0002045298        0.0002022112        0.0001991179        0.0001977882        0.9999999729
248.5000        0.9985139927        0.0001629632        0.0001661735        0.0001680848        0.0001687936        0.0002077189        0.0002073292        0.0002042631        0.0002006818        1.0000000009
249.0000        0.9984985253        0.0001612119        0.0001655200        0.0001687694        0.0001705686        0.0002083949        0.0002111040        0.0002099155        0.0002060246        1.0000000342
249.5000        0.9984929510        0.0001587844        0.0001636873        0.0001681560        0.0001714180        0.0002061329        0.0002122937        0.0002143748        0.0002122397        1.0000000379
250.0000        0.9985000349        0.0001563411        0.0001611146        0.0001662687        0.0001708904        0.0002013102        0.0002103313        0.0002162236        0.0002174926        1.0000000074
250.5000        0.9985189715        0.0001545627        0.0001585007        0.0001635555        0.0001689758        0.0001950262        0.0002055002        0.0002147161        0.0002201655        0.9999999740
251.0000        0.9985456158        0.0001539159        0.0001565743        0.0001607511        0.0001661216        0.0001888163        0.0001988831        0.0002100016        0.0002192939        0.9999999736
251.5000        0.9985736725        0.0001544842        0.0001558444        0.0001586371        0.0001630971        0.0001842297        0.0001920852        0.0002031112        0.0002148461        1.0000000076
252.0000        0.9985965299        0.0001559272        0.0001564177        0.0001577768        0.0001607448        0.0001823850        0.0001867979        0.0001957002        0.0002077603        1.0000000399
252.5000        0.9986092088        0.0001575885        0.0001579489        0.0001583147        0.0001596973        0.0001836330        0.0001843206        0.0001896051        0.0001997180        1.0000000348
253.0000        0.9986098201        0.0001587209        0.0001597493        0.0001599145        0.0001601553        0.0001874295        0.0001851748        0.0001863313        0.0001927013        0.9999999969
253.5000        0.9986000644        0.0001587536        0.0001610213        0.0001618624        0.0001618062        0.0001924686        0.0001889287        0.0001866139        0.0001884485        0.9999999677
254.0000        0.9985846263        0.0001575047        0.0001611412        0.0001633083        0.0001639178        0.0001970487        0.0001942949        0.0001901828        0.0001879556        0.9999999804
254.5000        0.9985696879        0.0001552594        0.0001598898        0.0001635648        0.0001655834        0.0001995720        0.0001994844        0.0001958106        0.0001911695        1.0000000217
255.0000        0.9985610508        0.0001526779        0.0001575443        0.0001623588        0.0001660375        0.0001990346        0.0002027261        0.0002016431        0.0001969719        1.0000000451
255.5000        0.9985624398        0.0001505599        0.0001547910        0.0001599431        0.0001649330        0.0001953521        0.0002028020        0.0002057306        0.0002034716        1.0000000231
256.0000        0.9985744603        0.0001495475        0.0001524822        0.0001570185        0.0001624783        0.0001894143        0.0001994344        0.0002066073        0.0002085371        0.9999999799
256.5000        0.9985944941        0.0001498768        0.0001513220        0.0001544887        0.0001593771        0.0001828362        0.0001934002        0.0002037495        0.0002104213        0.9999999657
257.0000        0.9986175618        0.0001512763        0.0001515963        0.0001531294        0.0001565847        0.0001774694        0.0001863211        0.0001977628        0.0002082963        0.9999999981
257.5000        0.9986379140        0.0001530572        0.0001530518        0.0001532938        0.0001549619        0.0001748194        0.0001801804        0.0001902300        0.0002025314        1.0000000398
258.0000        0.9986508567        0.0001543700        0.0001549779        0.0001547666        0.0001549510        0.0001755494        0.0001767061        0.0001832472        0.0001946160        1.0000000409
258.5000        0.9986542015        0.0001545337        0.0001564690        0.0001568301        0.0001563983        0.0001792405        0.0001768113        0.0001787811        0.0001867335        0.9999999990
259.0000        0.9986488450        0.0001533101        0.0001567724        0.0001585262        0.0001585950        0.0001844963        0.0001802750        0.0001780421        0.0001811019        0.9999999640
259.5000        0.9986383147        0.0001510111        0.0001555895        0.0001590216        0.0001605332        0.0001893762        0.0001857812        0.0001810742        0.0001792774        0.9999999792
260.0000        0.9986275137        0.0001483880        0.0001532064        0.0001579378        0.0001612865        0.0001920285        0.0001913186        0.0001867066        0.0001816410        1.0000000271
260.5000        0.9986211417        0.0001463383        0.0001503963        0.0001555132        0.0001603727        0.0001913166        0.0001948277        0.0001929002        0.0001872419        1.0000000488
261.0000        0.9986222959        0.0001455422        0.0001481200        0.0001525256        0.0001579558        0.0001872282        0.0001948894        0.0001973935        0.0001940657        1.0000000162
261.5000        0.9986316167        0.0001461755        0.0001471403        0.0001499945        0.0001547986        0.0001809112        0.0001912227        0.0001984475        0.0001996620        0.9999999692
262.0000        0.9986471813        0.0001478236        0.0001477032        0.0001487754        0.0001519750        0.0001743106        0.0001848143        0.0001954447        0.0002019393        0.9999999675
262.5000        0.9986651751        0.0001496395        0.0001494218        0.0001492052        0.0001504459        0.0001695099        0.0001776150        0.0001891300        0.0001998720        1.0000000145
263.0000        0.9986811612        0.0001506912        0.0001514210        0.0001509500        0.0001506662        0.0001680000        0.0001718898        0.0001813958        0.0001938753        1.0000000505
263.5000        0.9986915379        0.0001503573        0.0001526926        0.0001531248        0.0001523846        0.0001701303        0.0001694324        0.0001746618        0.0001857066        1.0000000283
264.0000        0.9986946591        0.0001486027        0.0001525198        0.0001546494        0.0001547279        0.0001749503        0.0001709170        0.0001710476        0.0001779016        0.9999999754
264.5000        0.9986912317        0.0001460086        0.0001507915        0.0001546986        0.0001565476        0.0001805175        0.0001756254        0.0001716194        0.0001729208        0.9999999613
265.0000        0.9986839331        0.0001435343        0.0001480663        0.0001530608        0.0001568948        0.0001845802        0.0001816658        0.0001759820        0.0001722884        1.0000000058
265.5000        0.9986764925        0.0001421031        0.0001453469        0.0001502448        0.0001554265        0.0001854004        0.0001866282        0.0001823783        0.0001760297        1.0000000506
266.0000        0.9986725681        0.0001421915        0.0001436521        0.0001472789        0.0001525691        0.0001824167        0.0001884537        0.0001882860        0.0001826189        1.0000000349
266.5000        0.9986746843        0.0001436034        0.0001435665        0.0001452764        0.0001493549        0.0001764885        0.0001862070        0.0001913147        0.0001894829        0.9999999786
267.0000        0.9986834474        0.0001455426        0.0001449689        0.0001449482        0.0001469912        0.0001696096        0.0001804578        0.0001900897        0.0001939027        0.9999999580
267.5000        0.9986972830        0.0001469601        0.0001470687        0.0001462771        0.0001463362        0.0001641773        0.0001731080        0.0001847897        0.0001940026        1.0000000027
268.0000        0.9987128842        0.0001470305        0.0001487470        0.0001485065        0.0001475122        0.0001620769        0.0001667054        0.0001771241        0.0001894651        1.0000000519
268.5000        0.9987263058        0.0001455392        0.0001490594        0.0001504622        0.0001498310        0.0001639336        0.0001634840        0.0001697291        0.0001816923        1.0000000366
269.0000        0.9987343100        0.0001429984        0.0001476751        0.0001510746        0.0001520815        0.0001688311        0.0001644901        0.0001651885        0.0001733276        0.9999999768
269.5000        0.9987354535        0.0001404229        0.0001450460        0.0001498714        0.0001530627        0.0001746325        0.0001691403        0.0001650382        0.0001672890        0.9999999566
270.0000        0.9987305776        0.0001388617        0.0001422144        0.0001472105        0.0001521313        0.0001788013        0.0001754068        0.0001691409        0.0001656617        1.0000000061
270.5000        0.9987226161        0.0001388961        0.0001403360        0.0001441346        0.0001495107        0.0001794138        0.0001805835        0.0001756940        0.0001688707        1.0000000554
271.0000        0.9987157625        0.0001403488        0.0001401334        0.0001418995        0.0001462107        0.0001759589        0.0001823526        0.0001818958        0.0001754704        1.0000000327
271.5000        0.9987141008        0.0001423510        0.0001415391        0.0001413859        0.0001435765        0.0001695868        0.0001797335        0.0001850351        0.0001826608        0.9999999694
272.0000        0.9987200226        0.0001437522        0.0001437088        0.0001426703        0.0001426648        0.0001626775        0.0001735192        0.0001835839        0.0001873589        0.9999999581
272.5000        0.9987330665        0.0001436808        0.0001454140        0.0001449686        0.0001437357        0.0001578810        0.0001659982        0.0001778490        0.0001874232        1.0000000169
273.0000        0.9987498454        0.0001419853        0.0001456353        0.0001469941        0.0001461083        0.0001570073        0.0001600450        0.0001698968        0.0001825418        1.0000000594
273.5000        0.9987652598        0.0001393274        0.0001440720        0.0001475735        0.0001484649        0.0001602356        0.0001579319        0.0001627472        0.0001744090        1.0000000211
274.0000        0.9987745116        0.0001368665        0.0001413091        0.0001462259        0.0001494741        0.0001659928        0.0001603524        0.0001591423        0.0001660835        0.9999999582
274.5000        0.9987750628        0.0001356811        0.0001385442        0.0001434185        0.0001484419        0.0001715869        0.0001660834        0.0001603873        0.0001607602        0.9999999663
275.0000        0.9987677946        0.0001362126        0.0001369955        0.0001403556        0.0001456693        0.0001743493        0.0001724591        0.0001657587        0.0001604400        1.0000000346
275.5000        0.9987569269        0.0001380215        0.0001372804        0.0001383902        0.0001423277        0.0001728090        0.0001764880        0.0001727596        0.0001650555        1.0000000588
276.0000        0.9987485640        0.0001399962        0.0001390837        0.0001383407        0.0001398935        0.0001673761        0.0001761516        0.0001781486        0.0001724455        1.0000000000
276.5000        0.9987481745        0.0001409209        0.0001412994        0.0001400604        0.0001394105        0.0001602085        0.0001713205        0.0001793287        0.0001792251        0.9999999486
277.0000        0.9987579733        0.0001401178        0.0001425899        0.0001424897        0.0001409492        0.0001542858        0.0001638620        0.0001755030        0.0001822155        0.9999999861
277.5000        0.9987755757        0.0001378216        0.0001420852        0.0001441855        0.0001435463        0.0001520767        0.0001568556        0.0001680738        0.0001798346        1.0000000549
278.0000        0.9987948333        0.0001350746        0.0001398555        0.0001440672        0.0001456780        0.0001543944        0.0001532331        0.0001600760        0.0001728333        1.0000000455
278.5000        0.9988085667        0.0001331813        0.0001368951        0.0001419952        0.0001460393        0.0001599776        0.0001544378        0.0001548542        0.0001640239        0.9999999711
279.0000        0.9988118649        0.0001330013        0.0001346081        0.0001388667        0.0001442334        0.0001660234        0.0001597219        0.0001545554        0.0001570761        0.9999999511
279.5000        0.9988044361        0.0001344661        0.0001340551        0.0001361589        0.0001410033        0.0001694637        0.0001664359        0.0001591152        0.0001548853        1.0000000195
280.0000        0.9987910017        0.0001365948        0.0001353651        0.0001351451        0.0001378625        0.0001684114        0.0001712169        0.0001662310        0.0001582372        1.0000000658
280.5000        0.9987794345        0.0001380206        0.0001376429        0.0001361976        0.0001363014        0.0001630920        0.0001715555        0.0001723745        0.0001653937        1.0000000127
281.0000        0.9987771632        0.0001377515        0.0001394432        0.0001385634        0.0001369803        0.0001557898        0.0001670098        0.0001744139        0.0001728315        0.9999999465
281.5000        0.9987873575        0.0001357414        0.0001395669        0.0001407543        0.0001393509        0.0001497924        0.0001594709        0.0001711045        0.0001768391        0.9999999780
282.0000        0.9988069825        0.0001329395        0.0001377435        0.0001413587        0.0001419292        0.0001478079        0.0001523097        0.0001637299        0.0001752553        1.0000000562
282.5000        0.9988280784        0.0001307667        0.0001348056        0.0001398343        0.0001430949        0.0001506145        0.0001487729        0.0001555494        0.0001685324        1.0000000493
283.0000        0.9988417357        0.0001303033        0.0001322374        0.0001368341        0.0001419915        0.0001566239        0.0001503865        0.0001502693        0.0001595854        0.9999999670
283.5000        0.9988426150        0.0001316491        0.0001313330        0.0001338611        0.0001390243        0.0001626172        0.0001561560        0.0001502441        0.0001524498        0.9999999494
284.0000        0.9988317001        0.0001338419        0.0001324404        0.0001324252        0.0001356597        0.0001653297        0.0001629986        0.0001552829        0.0001503500        1.0000000285
284.5000        0.9988160104        0.0001354024        0.0001347357        0.0001331714        0.0001336131        0.0001631125        0.0001672410        0.0001626810        0.0001541010        1.0000000685
285.0000        0.9988053122        0.0001352057        0.0001366829        0.0001354852        0.0001338695        0.0001568200        0.0001664664        0.0001685098        0.0001616465        0.9999999984
285.5000        0.9988071267        0.0001331665        0.0001369306        0.0001378254        0.0001360973        0.0001494307        0.0001607819        0.0001695688        0.0001690117        0.9999999395
286.0000        0.9988224768        0.0001303150        0.0001351250        0.0001386141        0.0001388122        0.0001445472        0.0001528265        0.0001650305        0.0001722493        0.9999999967
286.5000        0.9988449884        0.0001281952        0.0001321461        0.0001371752        0.0001402238        0.0001445177        0.0001464643        0.0001569236        0.0001694361        1.0000000703
287.0000        0.9988642444        0.0001279272        0.0001296007        0.0001341589        0.0001392877        0.0001491605        0.0001447921        0.0001491545        0.0001617022        1.0000000282
287.5000        0.9988715331        0.0001295042        0.0001288558        0.0001311782        0.0001363444        0.0001557979        0.0001484867        0.0001455192        0.0001527247        0.9999999440
288.0000        0.9988646045        0.0001317696        0.0001301904        0.0001298483        0.0001329449        0.0001606354        0.0001553849        0.0001477078        0.0001468843        0.9999999703
288.5000        0.9988488903        0.0001331168        0.0001325979        0.0001307965        0.0001309390        0.0001607926        0.0001615728        0.0001543588        0.0001469964        1.0000000612
289.0000        0.9988347016        0.0001324942        0.0001343864        0.0001332539        0.0001313545        0.0001559002        0.0001634564        0.0001617118        0.0001527916        1.0000000506
289.5000        0.9988317392        0.0001300885        0.0001342287        0.0001355034        0.0001337491        0.0001483652        0.0001597264        0.0001655701        0.0001609853        0.9999999558
290.0000        0.9988435574        0.0001272339        0.0001320130        0.0001359347        0.0001364521        0.0001421031        0.0001521323        0.0001635641        0.0001669615        0.9999999520
290.5000        0.9988651991        0.0001255770        0.0001289412        0.0001340630        0.0001375788        0.0001403833        0.0001445895        0.0001564886        0.0001672278        1.0000000483
291.0000        0.9988858981        0.0001260132        0.0001267853        0.0001308608        0.0001362078        0.0001439705        0.0001410505        0.0001479407        0.0001613380        1.0000000649
291.5000        0.9988954685        0.0001280825        0.0001267522        0.0001281667        0.0001329839        0.0001506289        0.0001432859        0.0001423920        0.0001522081        0.9999999686
292.0000        0.9988902999        0.0001302413        0.0001286827        0.0001275187        0.0001297403        0.0001563300        0.0001498305        0.0001427107        0.0001445869        0.9999999411
292.5000        0.9988753079        0.0001308626        0.0001311260        0.0001291490        0.0001283490        0.0001575330        0.0001567404        0.0001485088        0.0001424599        1.0000000368
293.0000        0.9988610237        0.0001293221        0.0001322702        0.0001318046        0.0001295128        0.0001532548        0.0001598002        0.0001562855        0.0001467993        1.0000000731
293.5000        0.9988576045        0.0001264418        0.0001311424        0.0001335402        0.0001322842        0.0001457073        0.0001569564        0.0001613559        0.0001549455        0.9999999782
294.0000        0.9988688486        0.0001239660        0.0001282805        0.0001329945        0.0001346513        0.0001390683        0.0001495672        0.0001605233        0.0001620352        0.9999999350
294.5000        0.9988896442        0.0001233916        0.0001254031        0.0001303116        0.0001348426        0.0001370442        0.0001416850        0.0001539692        0.0001637383        1.0000000297
295.0000        0.9989089392        0.0001249331        0.0001242668        0.0001270760        0.0001325089        0.0001406385        0.0001377194        0.0001452254        0.0001587703        1.0000000776
295.5000        0.9989167410        0.0001273456        0.0001254633        0.0001252698        0.0001289858        0.0001474820        0.0001398150        0.0001391695        0.0001497103        0.9999999823
296.0000        0.9989103917        0.0001287585        0.0001279848        0.0001259292        0.0001264293        0.0001531939        0.0001465086        0.0001391594        0.0001415762        0.9999999318
296.5000        0.9988959291        0.0001279742        0.0001298886        0.0001284126        0.0001263692        0.0001540185        0.0001535315        0.0001449888        0.0001389164        1.0000000287
297.0000        0.9988841290        0.0001253286        0.0001296353        0.0001308084        0.0001286516        0.0001491576        0.0001563487        0.0001529302        0.0001430906        1.0000000798
297.5000        0.9988839824        0.0001224870        0.0001271815        0.0001312401        0.0001315099        0.0001413359        0.0001529414        0.0001579191        0.0001513826        0.9999999799
298.0000        0.9988972022        0.0001212813        0.0001240445        0.0001291831        0.0001327564        0.0001351763        0.0001451149        0.0001566228        0.0001585494        0.9999999307
298.5000        0.9989169476        0.0001223936        0.0001222530        0.0001258633        0.0001312993        0.0001343269        0.0001374604        0.0001495338        0.0001599567        1.0000000346
299.0000        0.9989321488        0.0001248358        0.0001229006        0.0001234230        0.0001279326        0.0001391196        0.0001345330        0.0001407505        0.0001544353        1.0000000793
299.5000        0.9989349603        0.0001266348        0.0001253340        0.0001234061        0.0001248125        0.0001462814        0.0001379667        0.0001354933        0.0001450815        0.9999999705
300.0000        0.9989259078        0.0001262616        0.0001275902        0.0001256326        0.0001239491        0.0001509625        0.0001453654        0.0001368396        0.0001374242        0.9999999331
