       t         state 0 pop         state 1 pop         state 2 pop         state 3 pop         state 4 pop         state 5 pop         state 6 pop         state 7 pop         state 8 pop              poptot
  0.0000        1.0000000000        0.0000000000        0.0000000000        0.0000000000        0.0000000000        0.0000000000        0.0000000000        0.0000000000        0.0000000000        1.0000000000
  0.5000        0.9999513842        0.0000060836        0.0000060828        0.0000060821        0.0000060813        0.0000060731        0.0000060721        0.0000060710        0.0000060699        1.0000000001
  1.0000        0.9983081754        0.0003093961        0.0002887406        0.0002700866        0.0002531836        0.0001530504        0.0001457545        0.0001389682        0.0001326450        1.0000000003
  1.5000        0.9983078016        0.0003094446        0.0002887888        0.0002701345        0.0002532312        0.0001530961        0.0001458001        0.0001390135        0.0001326902        1.0000000006
  2.0000        0.9983058529        0.0003096981        0.0002890406        0.0002703846        0.0002534797        0.0001533338        0.0001460368        0.0001392494        0.0001329251        1.0000000010
  2.5000        0.9983010252        0.0003103291        0.0002896668        0.0002710064        0.0002540973        0.0001539208        0.0001466210        0.0001398309        0.0001335040        1.0000000015
  3.0000        0.9982920650        0.0003115082        0.0002908362        0.0002721665        0.0002552485        0.0001550055        0.0001476993        0.0001409029        0.0001345699        1.0000000020
  3.5000        0.9982778111        0.0003134007        0.0002927111        0.0002740246        0.0002570904        0.0001567210        0.0001494022        0.0001425934        0.0001362481        1.0000000025
  4.0000        0.9982572323        0.0003161633        0.0002954445        0.0002767299        0.0002597685        0.0001591796        0.0001518382        0.0001450071        0.0001386397        1.0000000030
  4.5000        0.9982294610        0.0003199407        0.0002991764        0.0002804175        0.0002634129        0.0001624680        0.0001550893        0.0001482210        0.0001418167        1.0000000034
  5.0000        0.9981938207        0.0003248629        0.0003040306        0.0002852052        0.0002681356        0.0001666435        0.0001592065        0.0001522804        0.0001458184        1.0000000038
  5.5000        0.9981498459        0.0003310424        0.0003101123        0.0002911909        0.0002740270        0.0001717315        0.0001642084        0.0001571965        0.0001506491        1.0000000040
  6.0000        0.9980972956        0.0003385719        0.0003175055        0.0002984501        0.0002811541        0.0001777242        0.0001700792        0.0001629458        0.0001562777        1.0000000041
  6.5000        0.9980361579        0.0003475227        0.0003262717        0.0003070343        0.0002895584        0.0001845805        0.0001767693        0.0001694708        0.0001626385        1.0000000041
  7.0000        0.9979666471        0.0003579429        0.0003364478        0.0003169694        0.0002992553        0.0001922275        0.0001841974        0.0001766820        0.0001696346        1.0000000039
  7.5000        0.9978891925        0.0003698568        0.0003480459        0.0003282556        0.0003102332        0.0002005630        0.0001922536        0.0001844618        0.0001771413        1.0000000037
  8.0000        0.9978044207        0.0003832642        0.0003610527        0.0003408670        0.0003224538        0.0002094598        0.0002008034        0.0001926696        0.0001850121        1.0000000033
  8.5000        0.9977131309        0.0003981404        0.0003754302        0.0003547523        0.0003358533        0.0002187700        0.0002096934        0.0002011472        0.0001930852        1.0000000029
  9.0000        0.9976162648        0.0004144370        0.0003911158        0.0003698357        0.0003503433        0.0002283312        0.0002187578        0.0002097262        0.0002011907        1.0000000024
  9.5000        0.9975148729        0.0004320825        0.0004080242        0.0003860190        0.0003658135        0.0002379724        0.0002278245        0.0002182348        0.0002091581        1.0000000020
 10.0000        0.9974100771        0.0004509840        0.0004260490        0.0004031834        0.0003821340        0.0002475210        0.0002367230        0.0002265057        0.0002168244        1.0000000015
 10.5000        0.9973030333        0.0004710291        0.0004450649        0.0004211921        0.0003991580        0.0002568093        0.0002452906        0.0002343826        0.0002240413        1.0000000011
 11.0000        0.9971948922        0.0004920878        0.0004649304        0.0004398938        0.0004167259        0.0002656814        0.0002533797        0.0002417278        0.0002306818        1.0000000008
 11.5000        0.9970867634        0.0005140151        0.0004854905        0.0004591254        0.0004346687        0.0002739989        0.0002608639        0.0002484277        0.0002366468        1.0000000005
 12.0000        0.9969796812        0.0005366542        0.0005065804        0.0004787161        0.0004528119        0.0002816468        0.0002676428        0.0002543982        0.0002418688        1.0000000003
 12.5000        0.9968745741        0.0005598390        0.0005280280        0.0004984907        0.0004709794        0.0002885378        0.0002736471        0.0002595882        0.0002463160        1.0000000003
 13.0000        0.9967722403        0.0005833976        0.0005496585        0.0005182739        0.0004889982        0.0002946159        0.0002788406        0.0002639822        0.0002499933        1.0000000003
 13.5000        0.9966733275        0.0006071556        0.0005712969        0.0005378935        0.0005067016        0.0002998588        0.0002832227        0.0002676010        0.0002529430        1.0000000005
 14.0000        0.9966962574        0.0006305332        0.0005922222        0.0005562094        0.0004713817        0.0003038931        0.0002622733        0.0002495589        0.0002376715        1.0000000007
 14.5000        0.9966294448        0.0006540769        0.0006132361        0.0005747647        0.0004710857        0.0003075114        0.0002623809        0.0002496892        0.0002378113        1.0000000010
 15.0000        0.9965630102        0.0006773227        0.0006337823        0.0005927175        0.0004712460        0.0003104512        0.0002629000        0.0002502224        0.0002383493        1.0000000014
 15.5000        0.9964963702        0.0007001198        0.0006537239        0.0006099494        0.0004721105        0.0003128240        0.0002640435        0.0002513681        0.0002394924        1.0000000018
 16.0000        0.9964289336        0.0007223301        0.0006729400        0.0006263612        0.0004739189        0.0003147668        0.0002660061        0.0002533173        0.0002414281        1.0000000022
 16.5000        0.9963601276        0.0007438305        0.0006913278        0.0006418747        0.0004768973        0.0003164378        0.0002689570        0.0002562341        0.0002443157        1.0000000026
 17.0000        0.9962894220        0.0007645151        0.0007088048        0.0006564342        0.0004812539        0.0003180101        0.0002730332        0.0002602497        0.0002482800        1.0000000030
 17.5000        0.9962163510        0.0007842973        0.0007253100        0.0006700078        0.0004871744        0.0003196661        0.0002783345        0.0002654563        0.0002534057        1.0000000033
 18.0000        0.9961405310        0.0008031110        0.0007408058        0.0006825880        0.0004948185        0.0003215910        0.0002849198        0.0002719042        0.0002597342        1.0000000035
 18.5000        0.9960616743        0.0008209119        0.0007552780        0.0006941922        0.0005043167        0.0003239659        0.0002928043        0.0002795991        0.0002672613        1.0000000037
 19.0000        0.9959795978        0.0008376786        0.0007687364        0.0007048619        0.0005157676        0.0003269618        0.0003019595        0.0002885024        0.0002759377        1.0000000037
 19.5000        0.9958942268        0.0008534125        0.0007812147        0.0007146625        0.0005292365        0.0003307337        0.0003123140        0.0002985322        0.0002856708        1.0000000037
 20.0000        0.9958055937        0.0008681380        0.0007927701        0.0007236817        0.0005447540        0.0003354148        0.0003237562        0.0003095667        0.0002963285        1.0000000036
 20.5000        0.9957138312        0.0008819023        0.0008034820        0.0007320282        0.0005623157        0.0003411124        0.0003361381        0.0003214490        0.0003077445        1.0000000035
 21.0000        0.9956191619        0.0008947747        0.0008134508        0.0007398295        0.0005818827        0.0003479040        0.0003492815        0.0003339929        0.0003197252        1.0000000032
 21.5000        0.9955218827        0.0009068451        0.0008227964        0.0007472299        0.0006033825        0.0003558348        0.0003629838        0.0003469905        0.0003320574        1.0000000030
 22.0000        0.9954223467        0.0009182233        0.0008316560        0.0007543875        0.0006267109        0.0003649160        0.0003770258        0.0003602196        0.0003445168        1.0000000026
 22.5000        0.9953209423        0.0009290367        0.0008401822        0.0007614720        0.0006517344        0.0003751250        0.0003911795        0.0003734529        0.0003568774        1.0000000023
 23.0000        0.9952180710        0.0009394290        0.0008485399        0.0007686611        0.0006782928        0.0003864059        0.0004052165        0.0003864658        0.0003689199        1.0000000019
 23.5000        0.9951141236        0.0009495574        0.0008569045        0.0007761381        0.0007062033        0.0003986718        0.0004189160        0.0003990457        0.0003804412        1.0000000016
 24.0000        0.9950094583        0.0009595912        0.0008654583        0.0007840883        0.0007352634        0.0004118076        0.0004320730        0.0004109996        0.0003912616        1.0000000013
 24.5000        0.9949552950        0.0009676574        0.0008921010        0.0008250605        0.0007653027        0.0004313120        0.0004083768        0.0003872235        0.0003676723        1.0000000011
 25.0000        0.9949537036        0.0009678748        0.0008923149        0.0008252712        0.0007655103        0.0004314997        0.0004085629        0.0003874081        0.0003678553        1.0000000009
 25.5000        0.9949481698        0.0009686334        0.0008930609        0.0008260055        0.0007662338        0.0004321512        0.0004092084        0.0003880479        0.0003684898        1.0000000007
 26.0000        0.9949362701        0.0009702725        0.0008946717        0.0008275902        0.0007677941        0.0004335477        0.0004105910        0.0003894172        0.0003698463        1.0000000007
 26.5000        0.9949156818        0.0009731267        0.0008974748        0.0008303455        0.0007705048        0.0004359529        0.0004129695        0.0003917701        0.0003721745        1.0000000007
 27.0000        0.9948842388        0.0009775217        0.0009017868        0.0008345800        0.0007746665        0.0004396047        0.0004165758        0.0003953323        0.0003756940        1.0000000007
 27.5000        0.9948399818        0.0009837695        0.0009079096        0.0008405854        0.0007805612        0.0004447081        0.0004216066        0.0004002927        0.0003805859        1.0000000009
 28.0000        0.9947812018        0.0009921644        0.0009161254        0.0008486322        0.0007884481        0.0004514282        0.0004282175        0.0004067971        0.0003869863        1.0000000010
 28.5000        0.9947064762        0.0010029794        0.0009266930        0.0008589657        0.0007985591        0.0004598857        0.0004365175        0.0004149431        0.0003949815        1.0000000013
 29.0000        0.9946146956        0.0010164628        0.0009398448        0.0008718024        0.0008110951        0.0004701533        0.0004465659        0.0004247768        0.0004046048        1.0000000015
 29.5000        0.9945050819        0.0010328353        0.0009557831        0.0008873267        0.0008262233        0.0004822535        0.0004583706        0.0004362919        0.0004158355        1.0000000018
 30.0000        0.9943771966        0.0010522876        0.0009746784        0.0009056892        0.0008440743        0.0004961584        0.0004718881        0.0004494294        0.0004286001        1.0000000020
 30.5000        0.9942309400        0.0010749787        0.0009966668        0.0009270040        0.0008647411        0.0005117907        0.0004870250        0.0004640807        0.0004427753        1.0000000023
 31.0000        0.9940665413        0.0011010341        0.0010218495        0.0009513484        0.0008882777        0.0005290267        0.0005036417        0.0004800912        0.0004581920        1.0000000026
 31.5000        0.9938845397        0.0011305454        0.0010502917        0.0009787620        0.0009146989        0.0005477003        0.0005215570        0.0004972655        0.0004746423        1.0000000028
 32.0000        0.9936857592        0.0011635695        0.0010820223        0.0010092469        0.0009439810        0.0005676080        0.0005405541        0.0005153751        0.0004918870        1.0000000030
 32.5000        0.9934712752        0.0012001290        0.0011170347        0.0010427684        0.0009760627        0.0005885159        0.0005603879        0.0005341654        0.0005096640        1.0000000032
 33.0000        0.9932423772        0.0012402127        0.0011552874        0.0010792567        0.0010108471        0.0006101664        0.0005807930        0.0005533649        0.0005276978        1.0000000033
 33.5000        0.9930005264        0.0012837768        0.0011967059        0.0011186080        0.0010482037        0.0006322867        0.0006014920        0.0005726944        0.0005457095        1.0000000033
 34.0000        0.9927473110        0.0013307463        0.0012411840        0.0011606877        0.0010879716        0.0006545963        0.0006222045        0.0005918760        0.0005634260        1.0000000033
 34.5000        0.9924844005        0.0013810168        0.0012885866        0.0012053325        0.0011299624        0.0006768159        0.0006426560        0.0006106425        0.0005805901        1.0000000033
 35.0000        0.9922134992        0.0014344571        0.0013387522        0.0012523543        0.0011739643        0.0006986754        0.0006625859        0.0006287458        0.0005969691        1.0000000032
 35.5000        0.9919363019        0.0014909110        0.0013914960        0.0013015427        0.0012197457        0.0007199218        0.0006817561        0.0006459655        0.0006123624        1.0000000031
 36.0000        0.9916544519        0.0015502012        0.0014466127        0.0013526697        0.0012670599        0.0007403263        0.0006999577        0.0006621151        0.0006266085        1.0000000029
 36.5000        0.9913695021        0.0016121311        0.0015038808        0.0014054931        0.0013156488        0.0007596908        0.0007170174        0.0006770484        0.0006395903        1.0000000028
 37.0000        0.9910828814        0.0016764889        0.0015630654        0.0014597604        0.0013652480        0.0007778535        0.0007328024        0.0006906639        0.0006512387        1.0000000026
 37.5000        0.9907958658        0.0017430505        0.0016239224        0.0015152133        0.0014155907        0.0007946930        0.0007472243        0.0007029074        0.0006615349        1.0000000024
 38.0000        0.9905095551        0.0018115828        0.0016862016        0.0015715915        0.0014664127        0.0008101318        0.0007602417        0.0007137743        0.0006705108        1.0000000022
 38.5000        0.9902248566        0.0018818470        0.0017496513        0.0016286366        0.0015174557        0.0008241380        0.0007718607        0.0007233085        0.0006782476        1.0000000020
 39.0000        0.9899424734        0.0019536023        0.0018140209        0.0016860962        0.0015684723        0.0008367261        0.0007821351        0.0007316020        0.0006848734        1.0000000018
 39.5000        0.9896629007        0.0020266088        0.0018790653        0.0017437273        0.0016192292        0.0008479563        0.0007911641        0.0007387912        0.0006905586        1.0000000016
 40.0000        0.9893864262        0.0021006309        0.0019445475        0.0018012999        0.0016695107        0.0008579329        0.0007990899        0.0007450528        0.0006955108        1.0000000014
 40.5000        0.9891131371        0.0021754400        0.0020102421        0.0018586001        0.0017191220        0.0008668008        0.0008060930        0.0007505985        0.0006999677        1.0000000013
 41.0000        0.9888429317        0.0022508176        0.0020759382        0.0019154329        0.0017678916        0.0008747424        0.0008123876        0.0007556690        0.0007041901        1.0000000012
 41.5000        0.9885755352        0.0023265581        0.0021414420        0.0019716249        0.0018156740        0.0008819718        0.0008182152        0.0007605263        0.0007084537        1.0000000012
 42.0000        0.9883105187        0.0024024708        0.0022065788        0.0020270263        0.0018623513        0.0008887299        0.0008238379        0.0007654467        0.0007130407        1.0000000011
 42.5000        0.9880473214        0.0024783824        0.0022711959        0.0020815129        0.0019078349        0.0008952777        0.0008295317        0.0007707126        0.0007182315        1.0000000011
 43.0000        0.9877852746        0.0025541388        0.0023351632        0.0021349872        0.0019520662        0.0009018904        0.0008355792        0.0007766050        0.0007242965        1.0000000012
 43.5000        0.9875236256        0.0026296069        0.0023983757        0.0021873799        0.0019950175        0.0009088498        0.0008422619        0.0007833955        0.0007314883        1.0000000012
 44.0000        0.9872615636        0.0027046759        0.0024607540        0.0022386503        0.0020366919        0.0009164382        0.0008498534        0.0007913394        0.0007400347        1.0000000013
 44.5000        0.9869982433        0.0027792585        0.0025222452        0.0022887867        0.0020771232        0.0009249314        0.0008586124        0.0008006685        0.0007501322        1.0000000014
 45.0000        0.9867328079        0.0028532917        0.0025828235        0.0023378065        0.0021163754        0.0009345925        0.0008687765        0.0008115860        0.0007619415        1.0000000015
 45.5000        0.9864644099        0.0029267378        0.0026424903        0.0023857558        0.0021545414        0.0009456658        0.0008805569        0.0008242610        0.0007755828        1.0000000017
 46.0000        0.9861922298        0.0029995841        0.0027012741        0.0024327084        0.0021917420        0.0009583719        0.0008941332        0.0008388248        0.0007911335        1.0000000018
 46.5000        0.9859154911        0.0030718438        0.0027592304        0.0024787656        0.0022281243        0.0009729026        0.0009096499        0.0008553679        0.0008086264        1.0000000019
 47.0000        0.9856334726        0.0031435552        0.0028164406        0.0025240544        0.0022638598        0.0009894175        0.0009272133        0.0008739388        0.0008280499        1.0000000021
 47.5000        0.9853455173        0.0032147820        0.0028730117        0.0025687264        0.0022991420        0.0010080411        0.0009468901        0.0008945429        0.0008493487        1.0000000022
 48.0000        0.9850510371        0.0032856125        0.0029290751        0.0026129560        0.0023341851        0.0010288603        0.0009687060        0.0009171439        0.0008724263        1.0000000023
 48.5000        0.9847495148        0.0033561591        0.0029847853        0.0026569388        0.0023692208        0.0010519241        0.0009926463        0.0009416649        0.0008971485        1.0000000024
 49.0000        0.9844405024        0.0034265572        0.0030403186        0.0027008896        0.0024044961        0.0010772424        0.0010186570        0.0009679916        0.0009233475        1.0000000025
 49.5000        0.9841236160        0.0034969648        0.0030958719        0.0027450408        0.0024402711        0.0011047875        0.0010466474        0.0009959757        0.0009508274        1.0000000026
 50.0000        0.9837985285        0.0035675609        0.0031516607        0.0027896396        0.0024768163        0.0011344954        0.0010764922        0.0010254396        0.0009793697        1.0000000027
 50.5000        0.9834649591        0.0036385446        0.0032079179        0.0028349465        0.0025144097        0.0011662680        0.0011080360        0.0010561813        0.0010087397        1.0000000028
 51.0000        0.9831226614        0.0037101338        0.0032648919        0.0028812332        0.0025533353        0.0011999763        0.0011410974        0.0010879801        0.0010386934        1.0000000028
 51.5000        0.9827714098        0.0037825642        0.0033228449        0.0029287802        0.0025938798        0.0012354638        0.0011754740        0.0011206026        0.0010689836        1.0000000028
 52.0000        0.9824109845        0.0038560875        0.0033820512        0.0029778749        0.0026363308        0.0012725510        0.0012109472        0.0011538085        0.0010993672        1.0000000028
 52.5000        0.9820411563        0.0039309705        0.0034427958        0.0030288098        0.0026809747        0.0013110394        0.0012472881        0.0011873571        0.0011296110        1.0000000028
 53.0000        0.9816616712        0.0040074936        0.0035053721        0.0030818803        0.0027280946        0.0013507169        0.0012842631        0.0012210130        0.0011594980        1.0000000028
 53.5000        0.9812722354        0.0040859492        0.0035700811        0.0031373834        0.0027779683        0.0013913621        0.0013216389        0.0012545518        0.0011888326        1.0000000027
 54.0000        0.9808725008        0.0041666411        0.0036372291        0.0031956154        0.0028308671        0.0014327498        0.0013591884        0.0012877655        0.0012174454        1.0000000027
 54.5000        0.9804620522        0.0042498826        0.0037071268        0.0032568710        0.0028870540        0.0014746560        0.0013966955        0.0013204673        0.0012451972        1.0000000026
 55.0000        0.9800403955        0.0043359954        0.0037800878        0.0033214413        0.0029467824        0.0015168621        0.0014339600        0.0013524956        0.0012719823        1.0000000026
 55.5000        0.9796069479        0.0044253089        0.0038564272        0.0033896132        0.0030102955        0.0015591602        0.0014708017        0.0013837175        0.0012977304        1.0000000025
 56.0000        0.9791610302        0.0045181585        0.0039364605        0.0034616678        0.0030778248        0.0016013565        0.0015070639        0.0014140319        0.0013224082        1.0000000024
 56.5000        0.9787018608        0.0046148852        0.0040205028        0.0035378798        0.0031495902        0.0016432760        0.0015426171        0.0014433709        0.0013460195        1.0000000023
 57.0000        0.9782285528        0.0047158343        0.0041088677        0.0036185166        0.0032257987        0.0016847649        0.0015773606        0.0014717012        0.0013686054        1.0000000023
 57.5000        0.9777401120        0.0048213548        0.0042018664        0.0037038377        0.0033066449        0.0017256941        0.0016112252        0.0014990247        0.0013902423        1.0000000022
 58.0000        0.9772354385        0.0049317986        0.0042998073        0.0037940944        0.0033923106        0.0017659611        0.0016441736        0.0015253778        0.0014110403        1.0000000021
 58.5000        0.9767133293        0.0050475198        0.0044029956        0.0038895293        0.0034829649        0.0018054918        0.0016762010        0.0015508304        0.0014311400        1.0000000020
 59.0000        0.9761724835        0.0051688747        0.0045117324        0.0039903764        0.0035787643        0.0018442416        0.0017073353        0.0015754842        0.0014507098        1.0000000020
 59.5000        0.9756115092        0.0052962205        0.0046263150        0.0040968610        0.0036798537        0.0018821958        0.0017376354        0.0015994702        0.0014699412        1.0000000019
 60.0000        0.9750289314        0.0054299159        0.0047470364        0.0042091999        0.0037863663        0.0019193699        0.0017671908        0.0016229460        0.0014890452        1.0000000019
 60.5000        0.9744232016        0.0055703205        0.0048741855        0.0043276017        0.0038984250        0.0019558088        0.0017961189        0.0016460923        0.0015082475        1.0000000018
 61.0000        0.9737927089        0.0057177947        0.0050080472        0.0044522671        0.0040161426        0.0019915858        0.0018245627        0.0016691091        0.0015277837        1.0000000018
 61.5000        0.9731357905        0.0058726997        0.0051489023        0.0045833899        0.0041396230        0.0020268012        0.0018526885        0.0016922121        0.0015478946        1.0000000018
 62.0000        0.9724507441        0.0060353978        0.0052970285        0.0047211568        0.0042689624        0.0020615804        0.0018806821        0.0017156282        0.0015688215        1.0000000017
 62.5000        0.9717358389        0.0062062526        0.0054527002        0.0048657490        0.0044042501        0.0020960716        0.0019087462        0.0017395915        0.0015908016        1.0000000017
 63.0000        0.9709893282        0.0063856292        0.0056161892        0.0050173426        0.0045455700        0.0021304432        0.0019370961        0.0017643393        0.0016140639        1.0000000017
 63.5000        0.9702094596        0.0065738947        0.0057877658        0.0051761096        0.0046930016        0.0021648813        0.0019659567        0.0017901076        0.0016388248        1.0000000017
 64.0000        0.9693944864        0.0067714186        0.0059676987        0.0053422190        0.0048466214        0.0021995865        0.0019955586        0.0018171278        0.0016652848        1.0000000017
 64.5000        0.9685426764        0.0069785735        0.0061562565        0.0055158376        0.0050065041        0.0022347712        0.0020261347        0.0018456223        0.0016936254        1.0000000017
 65.0000        0.9676523213        0.0071957359        0.0063537082        0.0056971313        0.0051727240        0.0022706563        0.0020579165        0.0018758020        0.0017240062        1.0000000017
 65.5000        0.9667217430        0.0074232867        0.0065603244        0.0058862664        0.0053453565        0.0023074679        0.0020911311        0.0019078626        0.0017565631        1.0000000017
 66.0000        0.9657492999        0.0076616122        0.0067763780        0.0060834102        0.0055244793        0.0023454351        0.0021259979        0.0019419826        0.0017914066        1.0000000018
 66.5000        0.9647333913        0.0079111048        0.0070021455        0.0062887332        0.0057101737        0.0023847860        0.0021627260        0.0019783206        0.0018286206        1.0000000018
 67.0000        0.9636724597        0.0081721644        0.0072379080        0.0065024093        0.0059025261        0.0024257461        0.0022015116        0.0020170142        0.0018682625        1.0000000018
 67.5000        0.9625649922        0.0084451988        0.0074839525        0.0067246178        0.0061016292        0.0024685348        0.0022425358        0.0020581781        0.0019103626        1.0000000018
 68.0000        0.9614095198        0.0087306255        0.0077405728        0.0069555444        0.0063075834        0.0025133635        0.0022859630        0.0021019039        0.0019549254        1.0000000018
 68.5000        0.9602046154        0.0090288723        0.0080080710        0.0071953826        0.0065204981        0.0025604337        0.0023319394        0.0021482594        0.0020019301        1.0000000019
 69.0000        0.9589488898        0.0093403786        0.0082867587        0.0074443348        0.0067404929        0.0026099347        0.0023805917        0.0021972887        0.0020513321        1.0000000019
 69.5000        0.9576409871        0.0096655968        0.0085769581        0.0077026138        0.0069676986        0.0026620425        0.0024320267        0.0022490128        0.0021030654        1.0000000019
 70.0000        0.9562795776        0.0100049935        0.0088790037        0.0079704440        0.0072022589        0.0027169182        0.0024863310        0.0023034307        0.0021570443        1.0000000019
 70.5000        0.9548633504        0.0103590506        0.0091932431        0.0082480626        0.0074443311        0.0027747075        0.0025435707        0.0023605200        0.0022131659        1.0000000020
 71.0000        0.9533910043        0.0107282671        0.0095200388        0.0085357209        0.0076940872        0.0028355394        0.0026037919        0.0024202393        0.0022713130        1.0000000020
 71.5000        0.9518612380        0.0111131599        0.0098597692        0.0088336858        0.0079517153        0.0028995267        0.0026670215        0.0024825290        0.0023313567        1.0000000020
 72.0000        0.9502727394        0.0115142654        0.0102128300        0.0091422404        0.0082174203        0.0029667649        0.0027332681        0.0025473142        0.0023931593        1.0000000020
 72.5000        0.9486241744        0.0119321412        0.0105796357        0.0094616861        0.0084914250        0.0030373333        0.0028025227        0.0026145062        0.0024565774        1.0000000020
 73.0000        0.9469141748        0.0123673668        0.0109606208        0.0097923428        0.0087739710        0.0031112948        0.0028747610        0.0026840054        0.0025214648        1.0000000021
 73.5000        0.9451413259        0.0128205457        0.0113562410        0.0101345507        0.0090653198        0.0031886967        0.0029499439        0.0027557031        0.0025876751        1.0000000021
 74.0000        0.9433041548        0.0132923064        0.0117669749        0.0104886715        0.0093657532        0.0032695718        0.0030280202        0.0028294845        0.0026550648        1.0000000021
 74.5000        0.9414011171        0.0137833038        0.0121933248        0.0108550888        0.0096755746        0.0033539388        0.0031089277        0.0029052307        0.0027234957        1.0000000021
 75.0000        0.9394305851        0.0142942210        0.0126358182        0.0112342100        0.0099951095        0.0034418042        0.0031925956        0.0029828213        0.0027928373        1.0000000021
 75.5000        0.9373908355        0.0148257698        0.0130950091        0.0116264669        0.0103247063        0.0035331629        0.0032789461        0.0030621367        0.0028629689        1.0000000021
 76.0000        0.9171525559        0.0236146689        0.0186318623        0.0150745780        0.0124466961        0.0037493513        0.0033999422        0.0030971940        0.0028331536        1.0000000021
 76.5000        0.9171499575        0.0236151610        0.0186323061        0.0150749833        0.0124470699        0.0037495837        0.0034001664        0.0030974107        0.0028333636        1.0000000022
 77.0000        0.9171343952        0.0236181107        0.0186349665        0.0150774124        0.0124493100        0.0037509743        0.0034015075        0.0030987069        0.0028346187        1.0000000022
 77.5000        0.9170940020        0.0236257779        0.0186418803        0.0150837241        0.0124551293        0.0037545774        0.0034049813        0.0031020629        0.0028378670        1.0000000022
 78.0000        0.9170168886        0.0236404450        0.0186551030        0.0150957920        0.0124662525        0.0037614391        0.0034115929        0.0031084467        0.0028440424        1.0000000022
 78.5000        0.9168912026        0.0236644128        0.0186767041        0.0151155000        0.0124844113        0.0037725871        0.0034223272        0.0031188036        0.0028540535        1.0000000022
 79.0000        0.9167051841        0.0236999974        0.0187087636        0.0151447382        0.0125113391        0.0037890225        0.0034381390        0.0031340457        0.0028687726        1.0000000022
 79.5000        0.9164472149        0.0237495270        0.0187533682        0.0151853989        0.0125487678        0.0038117110        0.0034599445        0.0031550431        0.0028890268        1.0000000022
 80.0000        0.9161058622        0.0238153390        0.0188126091        0.0152393738        0.0125984237        0.0038415761        0.0034886136        0.0031826156        0.0029155891        1.0000000022
 80.5000        0.9156699175        0.0238997779        0.0188885785        0.0153085506        0.0126620246        0.0038794926        0.0035249634        0.0032175262        0.0029491710        1.0000000022
 81.0000        0.9151284283        0.0240051929        0.0189833682        0.0153948111        0.0127412767        0.0039262810        0.0035697523        0.0032604746        0.0029904172        1.0000000022
 81.5000        0.9144707256        0.0241339364        0.0190990670        0.0155000287        0.0128378728        0.0039827035        0.0036236754        0.0033120930        0.0030398997        1.0000000022
 82.0000        0.9136864448        0.0242883623        0.0192377595        0.0156260671        0.0129534901        0.0040494597        0.0036873612        0.0033729421        0.0030981153        1.0000000022
 82.5000        0.9127655419        0.0244708247        0.0194015250        0.0157747782        0.0130897889        0.0041271847        0.0037613683        0.0034435086        0.0031654819        1.0000000022
 83.0000        0.9116983039        0.0246836767        0.0195924356        0.0159480020        0.0132484110        0.0042164466        0.0038461844        0.0035242035        0.0032423385        1.0000000022
 83.5000        0.9104753550        0.0249292696        0.0198125565        0.0161475651        0.0134309797        0.0043177459        0.0039422247        0.0036153620        0.0033289437        1.0000000022
 84.0000        0.9090876579        0.0252099522        0.0200639446        0.0163752804        0.0136390984        0.0044315152        0.0040498327        0.0037172431        0.0034254776        1.0000000022
 84.5000        0.9075265115        0.0255280696        0.0203486482        0.0166329468        0.0138743513        0.0045581197        0.0041692807        0.0038300318        0.0035320425        1.0000000022
 85.0000        0.9057835442        0.0258859630        0.0206687068        0.0169223493        0.0141383023        0.0046978584        0.0043007713        0.0039538404        0.0036486665        1.0000000022
 85.5000        0.9038507046        0.0262859686        0.0210261510        0.0172452586        0.0144324965        0.0048509660        0.0044444397        0.0040887114        0.0037753059        1.0000000022
 86.0000        0.9017202494        0.0267304174        0.0214230018        0.0176034315        0.0147584594        0.0050176150        0.0046003566        0.0042346212        0.0039118498        1.0000000022
 86.5000        0.8993847288        0.0272216338        0.0218612710        0.0179986113        0.0151176985        0.0051979188        0.0047685317        0.0043914836        0.0040581247        1.0000000022
 87.0000        0.8968369698        0.0277619353        0.0223429607        0.0184325279        0.0155117030        0.0053919348        0.0049489169        0.0045591546        0.0042138991        1.0000000022
 87.5000        0.8940700592        0.0283536311        0.0228700629        0.0189068982        0.0159419452        0.0055996682        0.0051414113        0.0047374367        0.0043788893        1.0000000022
 88.0000        0.8910773247        0.0289990207        0.0234445596        0.0194234262        0.0164098813        0.0058210756        0.0053458647        0.0049260844        0.0045527650        1.0000000022
 88.5000        0.7229295064        0.1116674588        0.0678123434        0.0455065056        0.0326370048        0.0057707902        0.0050937113        0.0045291619        0.0040535198        1.0000000022
 89.0000        0.7229228276        0.1116691336        0.0678136659        0.0455076031        0.0326379462        0.0057712313        0.0050941306        0.0045295616        0.0040539022        1.0000000022
 89.5000        0.7228920270        0.1116768615        0.0678197675        0.0455126664        0.0326422892        0.0057732639        0.0050960615        0.0045314025        0.0040556627        1.0000000022
 90.0000        0.7228183934        0.1116953524        0.0678343653        0.0455247786        0.0326526765        0.0057781147        0.0051006683        0.0045357930        0.0040598600        1.0000000022
 90.5000        0.7226831277        0.1117293599        0.0678612091        0.0455470477        0.0326717706        0.0057870054        0.0051091079        0.0045438323        0.0040675415        1.0000000022
 91.0000        0.7224673931        0.1117836770        0.0679040769        0.0455826028        0.0327022493        0.0058011445        0.0051225217        0.0045566019        0.0040797349        1.0000000022
 91.5000        0.7221523647        0.1118631304        0.0679667704        0.0456345895        0.0327468011        0.0058217206        0.0051420285        0.0045751578        0.0040974393        1.0000000022
 92.0000        0.7217192747        0.1119725748        0.0680531104        0.0457061654        0.0328081214        0.0058498961        0.0051687175        0.0046005236        0.0041216183        1.0000000022
 92.5000        0.7211494562        0.1121168874        0.0681669320        0.0458004965        0.0328889085        0.0058868017        0.0052036429        0.0046336837        0.0041531933        1.0000000022
 93.0000        0.7204243848        0.1123009616        0.0683120794        0.0459207526        0.0329918600        0.0059335308        0.0052478178        0.0046755783        0.0041930370        1.0000000022
 93.5000        0.7195257178        0.1125296999        0.0684924013        0.0460701031        0.0331196685        0.0059911354        0.0053022096        0.0047270977        0.0042419688        1.0000000022
 94.0000        0.7184353322        0.1128080072        0.0687117452        0.0462517128        0.0332750183        0.0060606218        0.0053677363        0.0047890784        0.0043007501        1.0000000022
 94.5000        0.7171353610        0.1131407818        0.0689739512        0.0464687367        0.0334605810        0.0061429474        0.0054452623        0.0048622997        0.0043700809        1.0000000022
 95.0000        0.7156082287        0.1135329078        0.0692828464        0.0467243159        0.0336790121        0.0062390178        0.0055355963        0.0049474804        0.0044505968        1.0000000022
 95.5000        0.7138366860        0.1139892444        0.0696422374        0.0470215721        0.0339329466        0.0063496842        0.0056394881        0.0050452766        0.0045428666        1.0000000022
 96.0000        0.7118038442        0.1145146163        0.0700559036        0.0473636021        0.0342249946        0.0064757419        0.0057576277        0.0051562806        0.0046473912        1.0000000022
 96.5000        0.7094932094        0.1151138015        0.0705275886        0.0477534719        0.0345577373        0.0066179286        0.0058906432        0.0052810189        0.0047646028        1.0000000022
 97.0000        0.7068887178        0.1157915190        0.0710609918        0.0481942107        0.0349337216        0.0067769235        0.0060391009        0.0054199527        0.0048948642        1.0000000022
 97.5000        0.7039747712        0.1165524148        0.0716597591        0.0486888037        0.0353554554        0.0069533470        0.0062035044        0.0055734770        0.0050384695        1.0000000022
 98.0000        0.7007362741        0.1174010471        0.0723274722        0.0492401846        0.0358254020        0.0071477601        0.0063842949        0.0057419219        0.0051956453        1.0000000022
 98.5000        0.6971586722        0.1183418700        0.0730676375        0.0498512283        0.0363459744        0.0073606645        0.0065818515        0.0059255528        0.0053665511        1.0000000022
 99.0000        0.6932279929        0.1193792155        0.0738836742        0.0505247412        0.0369195284        0.0075925035        0.0067964927        0.0061245719        0.0055512819        1.0000000022
 99.5000        0.6889308886        0.1205172746        0.0747789008        0.0512634527        0.0375483564        0.0078436621        0.0070284765        0.0063391202        0.0057498702        1.0000000022
100.0000        0.6842546816        0.1217600768        0.0757565214        0.0520700045        0.0382346797        0.0081144684        0.0072780028        0.0065692789        0.0059622881        1.0000000022
100.5000        0.6791874132        0.1231114678        0.0768196097        0.0529469399        0.0389806405        0.0084051944        0.0075452144        0.0068150718        0.0061884505        1.0000000022
101.0000        0.6737178953        0.1245750862        0.0779710935        0.0538966919        0.0397882933        0.0087160574        0.0078301991        0.0070764678        0.0064282177        1.0000000022
101.5000        0.6678357653        0.1261543382        0.0792137364        0.0549215708        0.0406595957        0.0090472215        0.0081329918        0.0073533836        0.0066813989        1.0000000022
102.0000        0.6615315453        0.1278523710        0.0805501198        0.0560237504        0.0415963985        0.0093987988        0.0084535765        0.0076456861        0.0069477558        1.0000000022
102.5000        0.6547967043        0.1296720449        0.0819826226        0.0572052538        0.0426004353        0.0097708517        0.0087918887        0.0079531955        0.0072270054        1.0000000022
103.0000        0.6476237247        0.1316159033        0.0835134006        0.0584679381        0.0436733107        0.0101633940        0.0091478177        0.0082756887        0.0075188243        1.0000000022
103.5000        0.6400061727        0.1336861424        0.0851443644        0.0598134782        0.0448164888        0.0105763929        0.0095212091        0.0086129016        0.0078228521        1.0000000022
104.0000        0.6319387719        0.1358845785        0.0868771562        0.0612433496        0.0460312799        0.0110097710        0.0099118672        0.0089645330        0.0081386950        1.0000000022
104.5000        0.6234174812        0.1382126149        0.0887131255        0.0627588107        0.0473188277        0.0114634077        0.0103195578        0.0093302471        0.0084659297        1.0000000022
105.0000        0.6144395756        0.1406712075        0.0906533046        0.0643608836        0.0486800946        0.0119371414        0.0107440103        0.0097096772        0.0088041073        1.0000000022
105.5000        0.6050037306        0.1432608298        0.0926983823        0.0660503353        0.0501158468        0.0124307712        0.0111849207        0.0101024288        0.0091527567        1.0000000022
106.0000        0.5951101086        0.1459814367        0.0948486774        0.0678276567        0.0516266395        0.0129440586        0.0116419539        0.0105080823        0.0095113884        1.0000000022
106.5000        0.5847604484        0.1488324288        0.0971041117        0.0696930424        0.0532128000        0.0134767294        0.0121147463        0.0109261969        0.0098794983        1.0000000022
107.0000        0.5739581556        0.1518126160        0.0994641820        0.0716463689        0.0548744118        0.0140284755        0.0126029082        0.0113563130        0.0102565711        1.0000000022
107.5000        0.5627083940        0.1549201814        0.1019279332        0.0736871732        0.0566112969        0.0145989566        0.0131060267        0.0117979560        0.0106420841        1.0000000022
108.0000        0.5510181777        0.1581526460        0.1044939299        0.0758146305        0.0584229992        0.0151878019        0.0136236676        0.0122506389        0.0110355104        1.0000000022
108.5000        0.5388964617        0.1615068346        0.1071602293        0.0780275327        0.0603087659        0.0157946116        0.0141553783        0.0127138652        0.0114363229        1.0000000022
109.0000        0.5263542304        0.1649788426        0.1099243542        0.0803242657        0.0622675306        0.0164189589        0.0147006901        0.0131871328        0.0118439969        1.0000000022
109.5000        0.5134045841        0.1685640052        0.1127832674        0.0827027886        0.0642978948        0.0170603915        0.0152591206        0.0136699359        0.0122580141        1.0000000021
110.0000        0.5000628196        0.1722568689        0.1157333468        0.0851606121        0.0663981109        0.0177184332        0.0158301761        0.0141617686        0.0126778659        1.0000000021
110.5000        0.4863465065        0.1760511663        0.1187703626        0.0876947785        0.0685660643        0.0183925854        0.0164133543        0.0146621280        0.0131030561        1.0000000021
111.0000        0.4722755550        0.1799397940        0.1218894559        0.0903018426        0.0707992575        0.0190823290        0.0170081463        0.0151705167        0.0135331051        1.0000000021
111.5000        0.4578722754        0.1839147956        0.1250851209        0.0929778540        0.0730947932        0.0197871257        0.0176140392        0.0156864461        0.0139675521        1.0000000021
112.0000        0.4431614262        0.1879673488        0.1283511888        0.0957183414        0.0754493604        0.0205064198        0.0182305186        0.0162094390        0.0144059591        1.0000000021
112.5000        0.4281702508        0.1920877589        0.1316808160        0.0985182984        0.0778592200        0.0212396399        0.0188570711        0.0167390333        0.0148479138        1.0000000021
113.0000        0.4129284980        0.1962654585        0.1350664762        0.1013721726        0.0803201928        0.0219862004        0.0194931867        0.0172747840        0.0152930328        1.0000000021
113.5000        0.3974684280        0.2004890137        0.1384999568        0.1042738571        0.0828276496        0.0227455035        0.0201383612        0.0178162672        0.0157409651        1.0000000021
114.0000        0.3818247976        0.2047461394        0.1419723603        0.1072166855        0.0853765027        0.0235169404        0.0207920989        0.0183630825        0.0161913948        1.0000000021
114.5000        0.3660348273        0.2090237217        0.1454741119        0.1101934306        0.0879612007        0.0242998936        0.0214539152        0.0189148562        0.0166440448        1.0000000021
115.0000        0.3501381435        0.2133078508        0.1489949725        0.1131963074        0.0905757253        0.0250937386        0.0221233392        0.0194712446        0.0170986801        1.0000000021
115.5000        0.3341766974        0.2175838634        0.1525240596        0.1162169808        0.0932135920        0.0258978456        0.0227999162        0.0200319367        0.0175551103        1.0000000021
116.0000        0.3181946571        0.2218363956        0.1560498740        0.1192465780        0.0958678538        0.0267115814        0.0234832106        0.0205966577        0.0180131939        1.0000000020
116.5000        0.3022382703        0.2260494469        0.1595603360        0.1222757073        0.0985311093        0.0275343116        0.0241728081        0.0211651719        0.0184728408        1.0000000020
117.0000        0.2863556980        0.2302064564        0.1630428288        0.1252944818        0.1011955150        0.0283654021        0.0248683188        0.0217372856        0.0189340154        1.0000000020
117.5000        0.2705968157        0.2342903906        0.1664842511        0.1282925507        0.1038528018        0.0292042214        0.0255693798        0.0223128506        0.0193967402        1.0000000020
118.0000        0.2550129816        0.2382838437        0.1698710786        0.1312591364        0.1064942967        0.0300501425        0.0262756575        0.0228917665        0.0198610985        1.0000000020
118.5000        0.2396567706        0.2421691503        0.1731894353        0.1341830793        0.1091109505        0.0309025447        0.0269868501        0.0234739840        0.0203272374        1.0000000020
119.0000        0.2245816739        0.2459285111        0.1764251746        0.1370528897        0.1116933698        0.0317608153        0.0277026901        0.0240595072        0.0207953703        1.0000000020
119.5000        0.2098417632        0.2495441303        0.1795639691        0.1398568079        0.1142318564        0.0326243520        0.0284229468        0.0246483964        0.0212657798        1.0000000020
120.0000        0.1954913203        0.2529983653        0.1825914121        0.1425828716        0.1167164516        0.0334925637        0.0291474274        0.0252407703        0.0217388196        1.0000000020
120.5000        0.1815844315        0.2562738881        0.1854931267        0.1452189915        0.1191369873        0.0343648727        0.0298759798        0.0258368076        0.0222149168        1.0000000020
121.0000        0.1681745504        0.2593538563        0.1882548857        0.1477530345        0.1214831441        0.0352407156        0.0306084934        0.0264367488        0.0226945730        1.0000000020
121.5000        0.1553140283        0.2622220953        0.1908627398        0.1501729156        0.1237445149        0.0361195444        0.0313449004        0.0270408975        0.0231783658        1.0000000020
122.0000        0.1430536166        0.2648632865        0.1933031540        0.1524666961        0.1259106755        0.0370008274        0.0320851762        0.0276496206        0.0236669490        1.0000000020
122.5000        0.1314419430        0.2672631642        0.1955631520        0.1546226898        0.1279712622        0.0378840493        0.0328293398        0.0282633486        0.0241610531        1.0000000020
123.0000        0.1205249670        0.2694087154        0.1976304662        0.1566295760        0.1299160542        0.0387687115        0.0335774532        0.0288825747        0.0246614838        1.0000000020
123.5000        0.1103454182        0.2712883836        0.1994936932        0.1584765176        0.1317350632        0.0396543314        0.0343296202        0.0295078537        0.0251691209        1.0000000020
124.0000        0.1009422236        0.2728922709        0.2011424532        0.1601532857        0.1334186276        0.0405404411        0.0350859846        0.0301397995        0.0256849158        1.0000000020
124.5000        0.0923499299        0.2742123388        0.2025675511        0.1616503867        0.1349575124        0.0414265861        0.0358467275        0.0307790817        0.0262098879        1.0000000020
125.0000        0.0845981283        0.2752426022        0.2037611373        0.1629591941        0.1363430123        0.0423123229        0.0366120634        0.0314264217        0.0267451198        1.0000000020
125.5000        0.0777108905        0.2759793147        0.2047168668        0.1640720804        0.1375670589        0.0431972157        0.0373822360        0.0320825868        0.0272917523        1.0000000020
126.0000        0.0717062226        0.2764211404        0.2054300538        0.1649825498        0.1386223306        0.0440808327        0.0381575120        0.0327483839        0.0278509762        1.0000000021
126.5000        0.0665955489        0.2765693104        0.2058978185        0.1656853693        0.1395023627        0.0449627414        0.0389381746        0.0334246512        0.0284240250        1.0000000021
127.0000        0.0623832345        0.2764277576        0.2061192248        0.1661766955        0.1402016585        0.0458425030        0.0397245154        0.0341122488        0.0290121640        1.0000000021
127.5000        0.0590661565        0.2760032282        0.2060954045        0.1664541962        0.1407157989        0.0467196657        0.0405168247        0.0348120482        0.0296166793        1.0000000021
128.0000        0.0566333367        0.2753053637        0.2058296662        0.1665171639        0.1410415484        0.0475937579        0.0413153815        0.0355249193        0.0302388646        1.0000000021
128.5000        0.0159690873        0.2927386891        0.2127860471        0.1671571864        0.1375041744        0.0461010175        0.0433427123        0.0419691486        0.0424319395        1.0000000021
129.0000        0.0136683509        0.2938129834        0.2137315678        0.1679882188        0.1382224097        0.0458678402        0.0430467876        0.0416213344        0.0420405095        1.0000000021
129.5000        0.0115411090        0.2947903356        0.2146031085        0.1687623720        0.1388975447        0.0456539715        0.0427735821        0.0412995096        0.0416784690        1.0000000021
130.0000        0.0095943584        0.2956674925        0.2153973501        0.1694765809        0.1395269760        0.0454609947        0.0425245898        0.0410049404        0.0413467193        1.0000000021
130.5000        0.0078351773        0.2964415129        0.2161111013        0.1701277930        0.1401080442        0.0452904186        0.0423012067        0.0407387612        0.0410459870        1.0000000021
131.0000        0.0062705478        0.2971098328        0.2167413463        0.1707130026        0.1406380562        0.0451436772        0.0421047313        0.0405019781        0.0407768299        1.0000000022
131.5000        0.0049071673        0.2976703321        0.2172852959        0.1712292872        0.1411143103        0.0450221273        0.0419363657        0.0402954717        0.0405396448        1.0000000022
132.0000        0.0037512482        0.2981214032        0.2177404407        0.1716738481        0.1415341246        0.0449270477        0.0417972152        0.0401200005        0.0403346741        1.0000000022
132.5000        0.0028083103        0.2984620183        0.2181046066        0.1720440526        0.1418948674        0.0448596375        0.0416882897        0.0399762052        0.0401620146        1.0000000022
133.0000        0.0020829686        0.2986917969        0.2183760113        0.1723374791        0.1421939909        0.0448210145        0.0416105040        0.0398646115        0.0400216253        1.0000000022
133.5000        0.0015787192        0.2988110693        0.2185533205        0.1725519636        0.1424290670        0.0448122134        0.0415646784        0.0397856349        0.0399133358        1.0000000022
134.0000        0.0012977272        0.2988209367        0.2186357043        0.1726856473        0.1425978247        0.0448341837        0.0415515388        0.0397395840        0.0398368556        1.0000000022
134.5000        0.0012406218        0.2987233250        0.2186228912        0.1727370250        0.1426981896        0.0448877872        0.0415717168        0.0397266639        0.0397917818        1.0000000022
135.0000        0.0014063014        0.2985210317        0.2185152187        0.1727049924        0.1427283246        0.0449737958        0.0416257497        0.0397469801        0.0397776078        1.0000000022
135.5000        0.0017917540        0.2982177637        0.2183136807        0.1725888934        0.1426866700        0.0450928879        0.0417140794        0.0398005412        0.0397937319        1.0000000022
136.0000        0.0023918978        0.2978181638        0.2180199688        0.1723885635        0.1425719852        0.0452456456        0.0418370518        0.0398872615        0.0398394642        1.0000000022
136.5000        0.0031994470        0.2973278260        0.2176365062        0.1721043717        0.1423833882        0.0454325503        0.0419949147        0.0400069634        0.0399140347        1.0000000022
137.0000        0.0042048063        0.2967532959        0.2171664750        0.1717372574        0.1421203946        0.0456539787        0.0421878163        0.0401593787        0.0400165994        1.0000000022
137.5000        0.0053960012        0.2961020567        0.2166138324        0.1712887623        0.1417829534        0.0459101981        0.0424158019        0.0403441497        0.0401462466        1.0000000022
138.0000        0.0067586457        0.2953824985        0.2159833177        0.1707610554        0.1413714808        0.0462013612        0.0426788113        0.0405608295        0.0403020023        1.0000000022
138.5000        0.0032466575        0.2948848243        0.2146290514        0.1688390524        0.1391090237        0.0477326434        0.0448352622        0.0432641002        0.0434593871        1.0000000022
139.0000        0.0041070421        0.2944555411        0.2141822929        0.1684070495        0.1387190116        0.0479545574        0.0450602003        0.0434744477        0.0436398596        1.0000000022
139.5000        0.0050579952        0.2939864302        0.2136875665        0.1679252917        0.1382826231        0.0482060878        0.0453122899        0.0437067810        0.0438349370        1.0000000023
140.0000        0.0060937962        0.2934821126        0.2131474625        0.1673949597        0.1378001295        0.0484872504        0.0455911008        0.0439601271        0.0440430635        1.0000000023
140.5000        0.0072077533        0.2929476132        0.2125649194        0.1668175039        0.1372719882        0.0487979758        0.0458961276        0.0442334583        0.0442626627        1.0000000023
141.0000        0.0083921662        0.2923883459        0.2119432286        0.1661946590        0.1366988601        0.0491381077        0.0462267908        0.0445256970        0.0444921470        1.0000000023
141.5000        0.0096383107        0.2918100915        0.2112860335        0.1655284550        0.1360816259        0.0495074014        0.0465824382        0.0448357200        0.0447299261        1.0000000023
142.0000        0.0109364442        0.2912189657        0.2105973228        0.1648212245        0.1354214003        0.0499055220        0.0469623453        0.0451623626        0.0449744147        1.0000000023
142.5000        0.0122758365        0.2906213790        0.2098814167        0.1640756056        0.1347195438        0.0503320426        0.0473657156        0.0455044223        0.0452240400        1.0000000023
143.0000        0.0136448259        0.2900239863        0.2091429464        0.1632945401        0.1339776711        0.0507864419        0.0477916809        0.0458606619        0.0454772478        1.0000000023
143.5000        0.0150309019        0.2894336280        0.2083868259        0.1624812662        0.1331976573        0.0512681019        0.0482393009        0.0462298117        0.0457325085        1.0000000023
144.0000        0.0164208159        0.2888572630        0.2076182170        0.1616393053        0.1323816389        0.0517763060        0.0487075623        0.0466105721        0.0459883218        1.0000000023
144.5000        0.0178007184        0.2883018921        0.2068424860        0.1607724437        0.1315320117        0.0523102365        0.0491953787        0.0470016147        0.0462432206        1.0000000023
145.0000        0.0191563228        0.2877744759        0.2060651533        0.1598847069        0.1306514234        0.0528689723        0.0497015892        0.0474015837        0.0464957748        1.0000000023
145.5000        0.0204730943        0.2872818458        0.2052918372        0.1589803286        0.1297427619        0.0534514873        0.0502249574        0.0478090966        0.0467445932        1.0000000023
146.0000        0.0217364612        0.2868306103        0.2045281895        0.1580637135        0.1288091384        0.0540566483        0.0507641706        0.0482227445        0.0469883259        1.0000000023
146.5000        0.0229320460        0.2864270591        0.2037798279        0.1571393935        0.1278538652        0.0546832144        0.0513178388        0.0486410924        0.0472256648        1.0000000023
147.0000        0.0240459125        0.2860770659        0.2030522621        0.1562119795        0.1268804291        0.0553298358        0.0518844940        0.0490626789        0.0474553445        1.0000000023
147.5000        0.0250648242        0.2857859923        0.2023508179        0.1552861077        0.1258924584        0.0559950539        0.0524625897        0.0494860164        0.0476761418        1.0000000023
148.0000        0.0259765083        0.2855585958        0.2016805593        0.1543663815        0.1248936872        0.0566773025        0.0530505013        0.0499095905        0.0478868759        1.0000000022
148.5000        0.0267699210        0.2853989433        0.2010462106        0.1534573108        0.1238879133        0.0573749095        0.0536465265        0.0503318606        0.0480864066        1.0000000022
149.0000        0.0274355054        0.2853103336        0.2004520801        0.1525632489        0.1228789535        0.0580860998        0.0542488870        0.0507512600        0.0482736341        1.0000000022
149.5000        0.0279654371        0.2852952305        0.1999019874        0.1516883282        0.1218705955        0.0588089995        0.0548557306        0.0511661964        0.0484474970        1.0000000022
150.0000        0.0283538493        0.2853552098        0.1993991970        0.1508363972        0.1208665471        0.0595416419        0.0554651348        0.0515750535        0.0486069716        1.0000000022
150.5000        0.0285970301        0.2854909222        0.1989463582        0.1500109583        0.1198703842        0.0602819739        0.0560751113        0.0519761931        0.0487510708        1.0000000022
151.0000        0.0286935862        0.2857020738        0.1985454560        0.1492151103        0.1188854981        0.0610278657        0.0566836118        0.0523679575        0.0488788428        1.0000000022
151.5000        0.0286445637        0.2859874264        0.1981977730        0.1484514951        0.1179150438        0.0617771202        0.0572885353        0.0527486735        0.0489893713        1.0000000022
152.0000        0.0284535223        0.2863448190        0.1979038642        0.1477222522        0.1169618901        0.0625274858        0.0578877366        0.0531166569        0.0490817752        1.0000000022
152.5000        0.0281265557        0.2867712109        0.1976635475        0.1470289805        0.1160285726        0.0632766699        0.0584790370        0.0534702189        0.0491552092        1.0000000022
153.0000        0.0276722540        0.2872627471        0.1974759097        0.1463727109        0.1151172519        0.0640223545        0.0590602359        0.0538076727        0.0492088655        1.0000000022
153.5000        0.0271016051        0.2878148452        0.1973393296        0.1457538897        0.1142296768        0.0647622136        0.0596291243        0.0541273423        0.0492419757        1.0000000022
154.0000        0.0264278334        0.2884223033        0.1972515189        0.1451723743        0.1133671552        0.0654939315        0.0601834998        0.0544275719        0.0492538138        1.0000000022
154.5000        0.0256661744        0.2890794274        0.1972095807        0.1446274428        0.1125305329        0.0662152233        0.0607211834        0.0547067369        0.0492437005        1.0000000022
155.0000        0.0248335882        0.2897801740        0.1972100844        0.1441178172        0.1117201820        0.0669238559        0.0612400372        0.0549632562        0.0492110072        1.0000000022
155.5000        0.0239484155        0.2905183079        0.1972491576        0.1436417006        0.1109359991        0.0676176701        0.0617379835        0.0551956055        0.0491551623        1.0000000022
156.0000        0.0230299798        0.2912875678        0.1973225918        0.1431968293        0.1101774153        0.0682946038        0.0622130253        0.0554023317        0.0490756575        1.0000000022
156.5000        0.0220981453        0.2920818384        0.1974259607        0.1427805378        0.1094434162        0.0689527145        0.0626632667        0.0555820680        0.0489720546        1.0000000022
157.0000        0.0246847961        0.2917893843        0.1971095605        0.1425849554        0.1094499399        0.0683811865        0.0620829103        0.0551337960        0.0487834731        1.0000000022
157.5000        0.0248651078        0.2924561547        0.1970479935        0.1420090030        0.1085990126        0.0689721897        0.0624014516        0.0551435448        0.0485055445        1.0000000022
158.0000        0.0249867166        0.2931769800        0.1970262915        0.1414560800        0.1077567425        0.0695562469        0.0627038675        0.0551314263        0.0482056511        1.0000000022
158.5000        0.0250425598        0.2939520540        0.1970461621        0.1409283632        0.1069250614        0.0701326468        0.0629900141        0.0550980072        0.0478851335        1.0000000022
159.0000        0.0250261544        0.2947810580        0.1971090513        0.1404279715        0.1061059762        0.0707006561        0.0632597813        0.0550439307        0.0475454226        1.0000000022
159.5000        0.0249318267        0.2956631083        0.1972160834        0.1399569156        0.1053015371        0.0712595136        0.0635130842        0.0549699065        0.0471880267        1.0000000022
160.0000        0.0247549329        0.2965967151        0.1973680049        0.1395170471        0.1045138028        0.0718084247        0.0637498551        0.0548767002        0.0468145193        1.0000000022
160.5000        0.0244920636        0.2975797557        0.1975651340        0.1391100066        0.1037448009        0.0723465571        0.0639700357        0.0547651227        0.0464265258        1.0000000022
161.0000        0.0241412228        0.2986094635        0.1978073180        0.1387371742        0.1029964874        0.0728730377        0.0641735693        0.0546360190        0.0460257103        1.0000000022
161.5000        0.0237019758        0.2996824352        0.1980939001        0.1383996223        0.1022707039        0.0733869506        0.0643603942        0.0544902583        0.0456137618        1.0000000022
162.0000        0.0231755588        0.3007946569        0.1984236990        0.1380980737        0.1015691348        0.0738873372        0.0645304379        0.0543287227        0.0451923813        1.0000000022
162.5000        0.0225649429        0.3019415499        0.1987950004        0.1378328667        0.1008932658        0.0743731975        0.0646836122        0.0541522985        0.0447632685        1.0000000022
163.0000        0.0218748493        0.3031180360        0.1992055648        0.1376039277        0.1002443449        0.0748434941        0.0648198100        0.0539618662        0.0443281093        1.0000000022
163.5000        0.0211117112        0.3043186222        0.1996526497        0.1374107542        0.0996233472        0.0752971577        0.0649389033        0.0537582931        0.0438885636        1.0000000022
164.0000        0.0202835810        0.3055375015        0.2001330480        0.1372524088        0.0990309453        0.0757330951        0.0650407430        0.0535424257        0.0434462538        1.0000000022
164.5000        0.0193999818        0.3067686703        0.2006431422        0.1371275246        0.0984674855        0.0761501990        0.0651251602        0.0533150843        0.0430027543        1.0000000022
165.0000        0.0184717064        0.3080060557        0.2011789731        0.1370343239        0.0979329726        0.0765473606        0.0651919701        0.0530770579        0.0425595819        1.0000000022
165.5000        0.0175105669        0.3092436517        0.2017363227        0.1369706493        0.0974270631        0.0769234835        0.0652409764        0.0528291015        0.0421181873        1.0000000022
166.0000        0.0165291005        0.3104756591        0.2023108076        0.1369340074        0.0969490679        0.0772774997        0.0652719789        0.0525719341        0.0416799470        1.0000000022
166.5000        0.0155402413        0.3116966234        0.2028979820        0.1369216248        0.0964979649        0.0776083876        0.0652847818        0.0523062388        0.0412461576        1.0000000022
167.0000        0.0145569648        0.3129015664        0.2034934455        0.1369305140        0.0960724222        0.0779151907        0.0652792046        0.0520326636        0.0408180304        1.0000000022
167.5000        0.0135919200        0.3140861058        0.2040929541        0.1369575488        0.0956708309        0.0781970379        0.0652550932        0.0517518246        0.0403966868        1.0000000022
168.0000        0.0126570587        0.3152465576        0.2046925284        0.1369995468        0.0952913476        0.0784531636        0.0652123334        0.0514643097        0.0399831566        1.0000000022
168.5000        0.0117632775        0.3163800166        0.2052885555        0.1370533549        0.0949319460        0.0786829281        0.0651508647        0.0511706837        0.0395783752        1.0000000022
169.0000        0.0109200850        0.3174844105        0.2058778817        0.1371159382        0.0945904747        0.0788858381        0.0650706948        0.0508714953        0.0391831839        1.0000000022
169.5000        0.0101353085        0.3185585240        0.2064578900        0.1371844649        0.0942647220        0.0790615652        0.0649719141        0.0505672836        0.0387983299        1.0000000022
170.0000        0.0094148523        0.3196019909        0.2070265594        0.1372563874        0.0939524835        0.0792099633        0.0648547106        0.0502585865        0.0384244682        1.0000000022
170.5000        0.0087625200        0.3206152524        0.2075825028        0.1373295147        0.0936516313        0.0793310840        0.0647193839        0.0499459491        0.0380621640        1.0000000022
171.0000        0.0081799090        0.3215994818        0.2081249816        0.1374020729        0.0933601825        0.0794251886        0.0645663580        0.0496299319        0.0377118959        1.0000000022
171.5000        0.0076663856        0.3225564781        0.2086538929        0.1374727508        0.0930763640        0.0794927578        0.0643961927        0.0493111203        0.0373740601        1.0000000022
172.0000        0.0072191433        0.3234885304        0.2091697314        0.1375407287        0.0927986706        0.0795344964        0.0642095939        0.0489901322        0.0370489753        1.0000000022
172.5000        0.0068333461        0.3243982587        0.2096735243        0.1376056877        0.0925259155        0.0795513353        0.0640074204        0.0486676264        0.0367368878        1.0000000022
173.0000        0.0065023534        0.3252884363        0.2101667420        0.1376677984        0.0922572684        0.0795444276        0.0637906892        0.0483443094        0.0364379777        1.0000000022
173.5000        0.0062180199        0.3261618029        0.2106511857        0.1377276881        0.0919922809        0.0795151413        0.0635605768        0.0480209413        0.0361523652        1.0000000023
174.0000        0.0059710606        0.3270208743        0.2111288583        0.1377863879        0.0917308978        0.0794650461        0.0633184186        0.0476983414        0.0358801173        1.0000000023
174.5000        0.0057514671        0.3278677594        0.2116018209        0.1378452595        0.0914734509        0.0793958963        0.0630657035        0.0473773905        0.0356212543        1.0000000023
175.0000        0.0055489585        0.3287039931        0.2120720429        0.1379059047        0.0912206375        0.0793096083        0.0628040660        0.0470590335        0.0353757577        1.0000000023
175.5000        0.0053534486        0.3295303943        0.2125412516        0.1379700613        0.0909734817        0.0792082346        0.0625352742        0.0467442790        0.0351435769        1.0000000023
176.0000        0.0051555080        0.3303469570        0.2130107875        0.1380394882        0.0907332803        0.0790939332        0.0622612145        0.0464341972        0.0349246363        1.0000000023
176.5000        0.0049468000        0.3311527820        0.2134814751        0.1381158449        0.0905015345        0.0789689340        0.0619838726        0.0461299163        0.0347188427        1.0000000023
177.0000        0.0047204703        0.3319460555        0.2139535131        0.1382005711        0.0902798698        0.0788355025        0.0617053120        0.0458326162        0.0345260917        1.0000000023
177.5000        0.0044714688        0.3327240771        0.2144263933        0.1382947716        0.0900699464        0.0786959016        0.0614276487        0.0455435205        0.0343462742        1.0000000023
178.0000        0.0041967878        0.3334833393        0.2148988522        0.1383991120        0.0898733649        0.0785523531        0.0611530244        0.0452638862        0.0341792824        1.0000000023
178.5000        0.0038956021        0.3342196576        0.2153688597        0.1385137314        0.0896915703        0.0784069981        0.0608835770        0.0449949917        0.0340250143        1.0000000023
179.0000        0.0035693008        0.3349283462        0.2158336487        0.1386381772        0.0895257580        0.0782618602        0.0606214101        0.0447381226        0.0338833785        1.0000000023
179.5000        0.0032214066        0.3356044341        0.2162897852        0.1387713651        0.0893767881        0.0781188091        0.0603685618        0.0444945557        0.0337542965        1.0000000023
180.0000        0.0028573839        0.3362429104        0.2167332780        0.1389115700        0.0892451107        0.0779795291        0.0601269734        0.0442655417        0.0336377052        1.0000000023
180.5000        0.0024843417        0.3368389895        0.2171597249        0.1390564476        0.0891307070        0.0778454911        0.0598984581        0.0440522863        0.0335335560        1.0000000023
181.0000        0.0021106444        0.3373883821        0.2175644902        0.1392030891        0.0890330496        0.0777179299        0.0596846722        0.0438559302        0.0334418145        1.0000000023
181.5000        0.0013679700        0.3374847076        0.2177717544        0.1394165558        0.0891666968        0.0778821839        0.0597565459        0.0438223005        0.0333312873        1.0000000023
182.0000        0.0011788619        0.3379029890        0.2180501801        0.1394877740        0.0890623360        0.0777459761        0.0595831437        0.0436915277        0.0332972137        1.0000000023
182.5000        0.0010062498        0.3382913687        0.2183066405        0.1395501047        0.0889620554        0.0776110349        0.0594208548        0.0435761563        0.0332755371        1.0000000023
183.0000        0.0008501839        0.3386502937        0.2185406764        0.1396028730        0.0888654116        0.0774784523        0.0592704460        0.0434762123        0.0332654529        1.0000000023
183.5000        0.0007108280        0.3389803104        0.2187518525        0.1396453792        0.0887719288        0.0773492853        0.0591326302        0.0433916636        0.0332661243        1.0000000023
184.0000        0.0005884251        0.3392820886        0.2189397746        0.1396769029        0.0886810931        0.0772245497        0.0590080611        0.0433224197        0.0332766874        1.0000000023
184.5000        0.0004832538        0.3395564443        0.2191041096        0.1396967124        0.0885923509        0.0771052143        0.0588973290        0.0432683313        0.0332962567        1.0000000023
185.0000        0.0003955802        0.3398043602        0.2192446062        0.1397040758        0.0885051085        0.0769921957        0.0588009559        0.0432291900        0.0333239298        1.0000000023
185.5000        0.0003256063        0.3400270016        0.2193611174        0.1396982759        0.0884187348        0.0768863538        0.0587193918        0.0432047284        0.0333587923        1.0000000023
186.0000        0.0002734194        0.3402257264        0.2194536213        0.1396786267        0.0883325674        0.0767884886        0.0586530109        0.0431946196        0.0333999221        1.0000000023
186.5000        0.0002389451        0.3404020886        0.2195222396        0.1396444920        0.0882459204        0.0766993374        0.0586021087        0.0431984769        0.0334463935        1.0000000023
187.0000        0.0002219080        0.3405578332        0.2195672535        0.1395953040        0.0881580952        0.0766195734        0.0585668996        0.0432158546        0.0334972807        1.0000000023
187.5000        0.0002218015        0.3406948829        0.2195891136        0.1395305814        0.0880683933        0.0765498057        0.0585475156        0.0432462471        0.0335516611        1.0000000023
188.0000        0.0002378709        0.3408153160        0.2195884455        0.1394499462        0.0879761304        0.0764905795        0.0585440048        0.0432890906        0.0336086183        1.0000000023
188.5000        0.0002691109        0.3409213364        0.2195660479        0.1393531380        0.0878806511        0.0764423779        0.0585563326        0.0433437630        0.0336672443        1.0000000023
189.0000        0.0003142779        0.3410152371        0.2195228841        0.1392400242        0.0877813445        0.0764056248        0.0585843819        0.0434095857        0.0337266422        1.0000000023
189.5000        0.0003719177        0.3410993570        0.2194600672        0.1391106065        0.0876776576        0.0763806879        0.0586279558        0.0434858252        0.0337859275        1.0000000023
190.0000        0.0004404079        0.3411760353        0.2193788381        0.1389650223        0.0875691091        0.0763678834        0.0586867802        0.0435716956        0.0338442304        1.0000000023
190.5000        0.0005180121        0.3412475645        0.2192805382        0.1388035404        0.0874552990        0.0763674805        0.0587605083        0.0436663618        0.0339006975        1.0000000023
191.0000        0.0006029438        0.3413161441        0.2191665779        0.1386265521        0.0873359168        0.0763797062        0.0588487253        0.0437689431        0.0339544929        1.0000000023
191.5000        0.0006934356        0.3413838393        0.2190384018        0.1384345562        0.0872107448        0.0764047514        0.0589509542        0.0438785181        0.0340048008        1.0000000023
192.0000        0.0007878104        0.3414525451        0.2188974530        0.1382281405        0.0870796590        0.0764427753        0.0590666625        0.0439941296        0.0340508269        1.0000000023
192.5000        0.0008845486        0.3415239594        0.2187451382        0.1380079592        0.0869426245        0.0764939106        0.0591952693        0.0441147914        0.0340918009        1.0000000023
193.0000        0.0009823476        0.3415995673        0.2185827962        0.1377747075        0.0867996879        0.0765582683        0.0593361531        0.0442394949        0.0341269796        1.0000000023
193.5000        0.0010801696        0.3416806357        0.2184116706        0.1375290955        0.0866509653        0.0766359404        0.0594886590        0.0443672170        0.0341556492        1.0000000023
194.0000        0.0011772725        0.3417682205        0.2182328896        0.1372718226        0.0864966278        0.0767270037        0.0596521076        0.0444969282        0.0341771298        1.0000000023
194.5000        0.0012732225        0.3418631863        0.2180474537        0.1370035532        0.0863368840        0.0768315204        0.0598258017        0.0446276014        0.0341907791        1.0000000023
195.0000        0.0013678859        0.3419662349        0.2178562323        0.1367248963        0.0861719611        0.0769495392        0.0600090342        0.0447582211        0.0341959971        1.0000000023
195.5000        0.0014614003        0.3420779447        0.2176599697        0.1364363902        0.0860020859        0.0770810938        0.0602010945        0.0448877924        0.0341922309        1.0000000023
196.0000        0.0015541256        0.3421988139        0.2174592998        0.1361384919        0.0858274659        0.0772262006        0.0604012738        0.0450153500        0.0341789806        1.0000000023
196.5000        0.0016465790        0.3423293083        0.2172547695        0.1358315751        0.0856482734        0.0773848552        0.0606088706        0.0451399669        0.0341558043        1.0000000023
197.0000        0.0017393560        0.3424699071        0.2170468683        0.1355159333        0.0854646311        0.0775570271        0.0608231931        0.0452607624        0.0341223239        1.0000000023
197.5000        0.0018330439        0.3426211456        0.2168360628        0.1351917911        0.0852766031        0.0777426537        0.0610435620        0.0453769095        0.0340782306        1.0000000023
198.0000        0.0019281345        0.3427836487        0.2166228334        0.1348593218        0.0850841896        0.0779416338        0.0612693103        0.0454876404        0.0340232897        1.0000000023
198.5000        0.0020249401        0.3429581548        0.2164077101        0.1345186698        0.0848873276        0.0781538194        0.0614997832        0.0455922517        0.0339573456        1.0000000023
199.0000        0.0021235224        0.3431455251        0.2161913049        0.1341699773        0.0846858962        0.0783790085        0.0617343352        0.0456901077        0.0338803249        1.0000000023
199.5000        0.0022236378        0.3433467394        0.2159743386        0.1338134130        0.0844797279        0.0786169375        0.0619723270        0.0457806416        0.0337922395        1.0000000023
200.0000        0.0023247053        0.3435628753        0.2157576580        0.1334492009        0.0842686242        0.0788672741        0.0622131206        0.0458633560        0.0336931879        1.0000000022
200.5000        0.0024258011        0.3437950741        0.2155422435        0.1330776465        0.0840523743        0.0791296117        0.0624560746        0.0459378209        0.0335833555        1.0000000022
201.0000        0.0025256810        0.3440444933        0.2153292048        0.1326991592        0.0838307777        0.0794034644        0.0627005380        0.0460036706        0.0334630132        1.0000000022
201.5000        0.0026228297        0.3443122504        0.2151197636        0.1323142682        0.0836036667        0.0796882650        0.0629458449        0.0460605993        0.0333325145        1.0000000022
202.0000        0.0027155367        0.3445993600        0.2149152265        0.1319236308        0.0833709293        0.0799833643        0.0631913088        0.0461083548        0.0331922910        1.0000000022
202.5000        0.0028019926        0.3449066716        0.2147169462        0.1315280317        0.0831325292        0.0802880330        0.0634362190        0.0461467323        0.0330428467        1.0000000022
203.0000        0.0028803996        0.3452348101        0.2145262761        0.1311283731        0.0828885226        0.0806014663        0.0636798366        0.0461755670        0.0328847508        1.0000000022
203.5000        0.0029490897        0.3455841263        0.2143445192        0.1307256560        0.0826390702        0.0809227916        0.0639213934        0.0461947269        0.0327186290        1.0000000022
204.0000        0.0030066395        0.3459546609        0.2141728771        0.1303209525        0.0823844424        0.0812510776        0.0641600925        0.0462041056        0.0325451542        1.0000000022
204.5000        0.0030519751        0.3463461250        0.2140124011        0.1299153728        0.0821250178        0.0815853471        0.0643951110        0.0462036161        0.0323650363        1.0000000022
205.0000        0.0030844559        0.3467579013        0.2138639497        0.1295100264        0.0818612752        0.0819245908        0.0646256050        0.0461931857        0.0321790122        1.0000000022
205.5000        0.0031039315        0.3471890653        0.2137281571        0.1291059826        0.0815937779        0.0822677834        0.0648507174        0.0461727521        0.0319878349        1.0000000022
206.0000        0.0031107651        0.3476384263        0.2136054146        0.1287042319        0.0813231526        0.0826138994        0.0650695873        0.0461422613        0.0317922637        1.0000000022
206.5000        0.0031058197        0.3481045866        0.2134958666        0.1283056508        0.0810500633        0.0829619305        0.0652813623        0.0461016678        0.0315930546        1.0000000022
207.0000        0.0030904076        0.3485860133        0.2133994234        0.1279109743        0.0807751822        0.0833109018        0.0654852114        0.0460509362        0.0313909521        1.0000000022
207.5000        0.0030662041        0.3490811191        0.2133157889        0.1275207768        0.0804991596        0.0836598861        0.0656803400        0.0459900453        0.0311866822        1.0000000022
208.0000        0.0030351325        0.3495883447        0.2132445029        0.1271354652        0.0802225948        0.0840080170        0.0658660047        0.0459189938        0.0309809466        1.0000000022
208.5000        0.0029992266        0.3501062367        0.2131849933        0.1267552820        0.0799460109        0.0843544989        0.0660415278        0.0458378073        0.0307744186        1.0000000022
209.0000        0.0029604826        0.3506335135        0.2131366362        0.1263803223        0.0796698344        0.0846986132        0.0662063115        0.0457465473        0.0305677413        1.0000000022
209.5000        0.0029207110        0.3511691145        0.2130988178        0.1260105604        0.0793943821        0.0850397209        0.0663598494        0.0456453197        0.0303615265        1.0000000022
210.0000        0.0028814008        0.3517122272        0.2130709930        0.1256458862        0.0791198568        0.0853772616        0.0665017361        0.0455342843        0.0301563561        1.0000000022
210.5000        0.0028436085        0.3522622892        0.2130527362        0.1252861471        0.0788463516        0.0857107476        0.0666316739        0.0454136637        0.0299527843        1.0000000022
211.0000        0.0028078795        0.3528189644        0.2130437791        0.1249311943        0.0785738631        0.0860397546        0.0667494754        0.0452837505        0.0297513412        1.0000000022
211.5000        0.0027742129        0.3533820955        0.2130440316        0.1245809267        0.0783023131        0.0863639091        0.0668550624        0.0451449137        0.0295525372        1.0000000022
212.0000        0.0027420708        0.3539516356        0.2130535845        0.1242353307        0.0780315765        0.0866828733        0.0669484613        0.0449976018        0.0293568677        1.0000000022
212.5000        0.0027104345        0.3545275662        0.2130726917        0.1238945119        0.0777615140        0.0869963274        0.0670297938        0.0448423445        0.0291648181        1.0000000022
213.0000        0.0026779030        0.3551098073        0.2131017339        0.1235587148        0.0774920068        0.0873039527        0.0670992650        0.0446797505        0.0289768681        1.0000000022
213.5000        0.0026428273        0.3556981294        0.2131411657        0.1232283294        0.0772229900        0.0876054141        0.0671571481        0.0445105023        0.0287934960        1.0000000022
214.0000        0.0026034683        0.3562920765        0.2131914516        0.1229038824        0.0769544824        0.0879003450        0.0672037671        0.0443353482        0.0286151806        1.0000000022
214.5000        0.0025581672        0.3568909067        0.2132529958        0.1225860143        0.0766866098        0.0881883350        0.0672394784        0.0441550917        0.0284424031        1.0000000022
215.0000        0.0025055105        0.3574935586        0.2133260711        0.1222754437        0.0764196193        0.0884689221        0.0672646526        0.0439705776        0.0282756467        1.0000000022
215.5000        0.0024444774        0.3580986475        0.2134107569        0.1219729207        0.0761538835        0.0887415890        0.0672796566        0.0437826765        0.0281153941        1.0000000022
216.0000        0.0023745550        0.3587044939        0.2135068892        0.1216791745        0.0758898924        0.0890057657        0.0672848390        0.0435922688        0.0279621238        1.0000000022
216.5000        0.0022958091        0.3593091822        0.2136140299        0.1213948588        0.0756282360        0.0892608374        0.0672805178        0.0434002268        0.0278163043        1.0000000022
217.0000        0.0022089050        0.3599106460        0.2137314594        0.1211205007        0.0753695756        0.0895061579        0.0672669724        0.0432073984        0.0276783868        1.0000000022
217.5000        0.0021150737        0.3605067734        0.2138581930        0.1208564573        0.0751146079        0.0897410683        0.0672444404        0.0430145917        0.0275487965        1.0000000022
218.0000        0.0020160266        0.3610955219        0.2139930219        0.1206028854        0.0748640245        0.0899649190        0.0672131192        0.0428225608        0.0274279229        1.0000000022
218.5000        0.0019138252        0.3616750323        0.2141345758        0.1203597262        0.0746184693        0.0901770956        0.0671731723        0.0426319961        0.0273161095        1.0000000022
219.0000        0.0018107175        0.3622437313        0.2142814005        0.1201267084        0.0743784993        0.0903770445        0.0671247411        0.0424435159        0.0272136437        1.0000000022
219.5000        0.0017089557        0.3628004107        0.2144320461        0.1199033697        0.0741445506        0.0905642993        0.0670679594        0.0422576638        0.0271207469        1.0000000022
220.0000        0.0016106127        0.3633442761        0.2145851550        0.1196890949        0.0739169140        0.0907385038        0.0670029720        0.0420749081        0.0270375658        1.0000000022
220.5000        0.0015174141        0.3638749573        0.2147395434        0.1194831675        0.0736957231        0.0908994312        0.0669299537        0.0418956464        0.0269641654        1.0000000022
221.0000        0.0014306034        0.3643924803        0.2148942663        0.1192848319        0.0734809552        0.0910469978        0.0668491301        0.0417202136        0.0269005237        1.0000000022
221.5000        0.0013508521        0.3648972007        0.2150486596        0.1190933579        0.0732724461        0.0911812690        0.0667607955        0.0415488919        0.0268465294        1.0000000022
222.0000        0.0012782252        0.3653897057        0.2152023548        0.1189081034        0.0730699186        0.0913024587        0.0666653292        0.0413819246        0.0268019820        1.0000000022
222.5000        0.0012122054        0.3658706934        0.2153552637        0.1187285679        0.0728730206        0.0914109194        0.0665632070        0.0412195300        0.0267665948        1.0000000022
223.0000        0.0011517730        0.3663408416        0.2155075333        0.1185544321        0.0726813713        0.0915071256        0.0664550075        0.0410619164        0.0267400013        1.0000000022
223.5000        0.0010955352        0.3668006809        0.2156594757        0.1183855782        0.0724946097        0.0915916495        0.0663414126        0.0409092962        0.0267217644        1.0000000022
224.0000        0.0010418896        0.3672504849        0.2158114791        0.1182220884        0.0723124424        0.0916651322        0.0662232007        0.0407618977        0.0267113871        1.0000000022
224.5000        0.0009892074        0.3676901913        0.2159639092        0.1180642225        0.0721346843        0.0917282508        0.0661012344        0.0406199753        0.0267083270        1.0000000022
225.0000        0.0009360142        0.3681193628        0.2161170114        0.1179123745        0.0719612887        0.0917816844        0.0659764410        0.0404838144        0.0267120108        1.0000000022
225.5000        0.0008811531        0.3685371945        0.2162708245        0.1177670125        0.0717923640        0.0918260814        0.0658497889        0.0403537338        0.0267218496        1.0000000022
226.0000        0.0008239081        0.3689425678        0.2164251153        0.1176286096        0.0716281729        0.0918620306        0.0657222604        0.0402300827        0.0267372548        1.0000000022
226.5000        0.0007640799        0.3693341470        0.2165793441        0.1174975697        0.0714691167        0.0918900384        0.0655948214        0.0401132326        0.0267576524        1.0000000022
227.0000        0.0007020009        0.3697105081        0.2167326632        0.1173741593        0.0713157021        0.0919105138        0.0654683929        0.0400035666        0.0267824952        1.0000000022
227.5000        0.0006384922        0.3700702883        0.2168839526        0.1172584507        0.0711684968        0.0919237629        0.0653438232        0.0399014630        0.0268112726        1.0000000022
228.0000        0.0005747652        0.3704123366        0.2170318882        0.1171502840        0.0710280756        0.0919299928        0.0652218645        0.0398072781        0.0268435171        1.0000000022
228.5000        0.0005122804        0.3707358506        0.2171750383        0.1170492535        0.0708949640        0.0919293266        0.0651031557        0.0397213260        0.0268788072        1.0000000022
229.0000        0.0004525795        0.3710404816        0.2173119759        0.1169547191        0.0707695838        0.0919218262        0.0649882114        0.0396438591        0.0269167656        1.0000000022
229.5000        0.0003971103        0.3713263951        0.2174413970        0.1168658444        0.0706522081        0.0919075231        0.0648774201        0.0395750494        0.0269570546        1.0000000022
230.0000        0.0003470654        0.3715942772        0.2175622302        0.1167816568        0.0705429300        0.0918864533        0.0647710495        0.0395149728        0.0269993671        1.0000000022
230.5000        0.0003032524        0.3718452847        0.2176737252        0.1167011244        0.0704416477        0.0918586954        0.0646692608        0.0394635967        0.0270434149        1.0000000022
231.0000        0.0002660127        0.3720809422        0.2177755095        0.1166232415        0.0703480716        0.0918244062        0.0645721291        0.0394207738        0.0270889157        1.0000000022
231.5000        0.0002351965        0.3723029966        0.2178676048        0.1165471133        0.0702617488        0.0917838529        0.0644796705        0.0393862405        0.0271355784        1.0000000022
232.0000        0.0002101976        0.3725132458        0.2179504011        0.1164720302        0.0701821077        0.0917374370        0.0643918712        0.0393596228        0.0271830889        1.0000000022
232.5000        0.0001900428        0.3727133599        0.2180245887        0.1163975233        0.0701085139        0.0916857087        0.0643087186        0.0393404476        0.0272310987        1.0000000022
233.0000        0.0001735246        0.3729047172        0.2180910562        0.1163233935        0.0700403354        0.0916293697        0.0642302310        0.0393281597        0.0272792150        1.0000000022
233.5000        0.0001593590        0.3730882753        0.2181507649        0.1162497104        0.0699770077        0.0915692631        0.0641564822        0.0393221443        0.0273269954        1.0000000022
234.0000        0.0001463491        0.3732644943        0.2182046137        0.1161767807        0.0699180924        0.0915063511        0.0640876207        0.0393217518        0.0273739483        1.0000000022
234.5000        0.0001335330        0.3734333227        0.2182533122        0.1161050876        0.0698633222        0.0914416821        0.0640238806        0.0393263250        0.0274195368        1.0000000023
235.0000        0.0001202956        0.3735942499        0.2182972750        0.1160352094        0.0698126268        0.0913763483        0.0639655819        0.0393352254        0.0274631899        1.0000000023
235.5000        0.0001064309        0.3737464207        0.2183365538        0.1159677246        0.0697661363        0.0913114389        0.0639131223        0.0393478577        0.0275043172        1.0000000023
236.0000        0.0000921460        0.3738887979        0.2183708155        0.1159031159        0.0697241604        0.0912479910        0.0638669582        0.0393636891        0.0275423282        1.0000000023
236.5000        0.0000780070        0.3740203552        0.2183993696        0.1158416844        0.0696871460        0.0911869430        0.0638275781        0.0393822641        0.0275766549        1.0000000023
237.0000        0.0000648337        0.3741402743        0.2184212451        0.1157834838        0.0696556167        0.0911290951        0.0637954685        0.0394032106        0.0276067745        1.0000000023
237.5000        0.0000535591        0.3742481215        0.2184353067        0.1157282857        0.0696301008        0.0910750798        0.0637710772        0.0394262388        0.0276322327        1.0000000023
238.0000        0.0000450725        0.3743439796        0.2184403979        0.1156755783        0.0696110572        0.0910253456        0.0637547747        0.0394511326        0.0276526639        1.0000000023
238.5000        0.0000400703        0.3744285152        0.2184354926        0.1156246029        0.0695988069        0.0909801552        0.0637468194        0.0394777326        0.0276678071        1.0000000023
239.0000        0.0000389342        0.3745029723        0.2184198364        0.1155744214        0.0695934789        0.0909396002        0.0637473281        0.0395059140        0.0276775168        1.0000000023
239.5000        0.0000416577        0.3745690869        0.2183930585        0.1155240110        0.0695949778        0.0909036291        0.0637562552        0.0395355601        0.0276817662        1.0000000023
240.0000        0.0000478298        0.3746289351        0.2183552387        0.1154723717        0.0696029781        0.0908720883        0.0637733831        0.0395665337        0.0276806437        1.0000000023
240.5000        0.0000566821        0.3746847301        0.2183069187        0.1154186355        0.0696169462        0.0908447715        0.0637983260        0.0395986502        0.0276743420        1.0000000023
241.0000        0.0000671905        0.3747385950        0.2182490556        0.1153621621        0.0696361884        0.0908214729        0.0638305446        0.0396316534        0.0276631399        1.0000000023
241.5000        0.0000782197        0.3747923410        0.2181829194        0.1153026087        0.0696599206        0.0908020399        0.0638693743        0.0396651985        0.0276473802        1.0000000023
242.0000        0.0000886884        0.3748472818        0.2181099499        0.1152399648        0.0696873500        0.0907864196        0.0639140629        0.0396988425        0.0276274423        1.0000000023
242.5000        0.0000977297        0.3749041109        0.2180315873        0.1151745447        0.0697177613        0.0907746934        0.0639638145        0.0397320449        0.0276037156        1.0000000023
243.0000        0.0001048239        0.3749628595        0.2179491008        0.1151069394        0.0697505933        0.0907670981        0.0640178372        0.0397641781        0.0275765719        1.0000000023
243.5000        0.0001098794        0.3750229448        0.2178634378        0.1150379313        0.0697854995        0.0907640284        0.0640753894        0.0397945481        0.0275463433        1.0000000023
244.0000        0.0001132499        0.3750833034        0.2177751144        0.1149683828        0.0698223811        0.0907660216        0.0641358207        0.0398224235        0.0275133048        1.0000000023
244.5000        0.0001156810        0.3751425938        0.2176841640        0.1148991128        0.0698613894        0.0907737238        0.0641986026        0.0398470707        0.0274776641        1.0000000023
245.0000        0.0001181932        0.3751994410        0.2175901523        0.1148307779        0.0699028951        0.0907878424        0.0642633473        0.0398677924        0.0274395607        1.0000000023
245.5000        0.0001219161        0.3752526893        0.2174922594        0.1147637726        0.0699474286        0.0908090870        0.0643298108        0.0398839659        0.0273990726        1.0000000023
246.0000        0.0001278988        0.3753016274        0.2173894172        0.1146981657        0.0699955974        0.0908381054        0.0643978807        0.0398950775        0.0273562322        1.0000000023
246.5000        0.0001369255        0.3753461510        0.2172804873        0.1146336791        0.0700479908        0.0908754218        0.0644675492        0.0399007496        0.0273110480        1.0000000023
247.0000        0.0001493647        0.3753868386        0.2171644521        0.1145697171        0.0701050858        0.0909213817        0.0645388729        0.0399007579        0.0272635314        1.0000000023
247.5000        0.0001650794        0.3754249267        0.2170405943        0.1145054393        0.0701671649        0.0909761116        0.0646119251        0.0398950358        0.0272137251        1.0000000023
248.0000        0.0001834135        0.3754621832        0.2169086368        0.1144398722        0.0702342596        0.0910394965        0.0646867428        0.0398836666        0.0271617311        1.0000000023
248.5000        0.0002032617        0.3755006972        0.2167688226        0.1143720417        0.0703061253        0.0911111803        0.0647632764        0.0398668626        0.0271077344        1.0000000023
249.0000        0.0002232149        0.3755426124        0.2166219212        0.1143011103        0.0703822559        0.0911905872        0.0648413463        0.0398449338        0.0270520202        1.0000000023
249.5000        0.0002417617        0.3755898436        0.2164691574        0.1142264986        0.0704619334        0.0912769659        0.0649206115        0.0398182480        0.0269949821        1.0000000023
250.0000        0.0002575174        0.3756438176        0.2163120713        0.1141479739        0.0705443095        0.0913694492        0.0650005546        0.0397871877        0.0269371212        1.0000000023
250.5000        0.0002694428        0.3757052800        0.2161523283        0.1140656908        0.0706285073        0.0914671267        0.0650804858        0.0397521065        0.0268790340        1.0000000023
251.0000        0.0002770204        0.3757741985        0.2159915057        0.1139801787        0.0707137305        0.0915691200        0.0651595662        0.0397132915        0.0268213907        1.0000000023
251.5000        0.0002803548        0.3758497808        0.2158308872        0.1138922739        0.0707993631        0.0916746549        0.0652368482        0.0396709339        0.0267649056        1.0000000023
252.0000        0.0002801793        0.3759306070        0.2156712961        0.1138030068        0.0708850473        0.0917831203        0.0653113309        0.0396251123        0.0267103023        1.0000000023
252.5000        0.0002777623        0.3760148617        0.2155129943        0.1137134584        0.0709707262        0.0918941092        0.0653820234        0.0395757914        0.0266582756        1.0000000022
253.0000        0.0002747236        0.3761006284        0.2153556640        0.1136246058        0.0710566438        0.0920074345        0.0654480115        0.0395228350        0.0266094556        1.0000000022
253.5000        0.0002727879        0.3761862061        0.2151984767        0.1135371817        0.0711433029        0.0921231188        0.0655085182        0.0394660339        0.0265643760        1.0000000022
254.0000        0.0002735096        0.3762703955        0.2150402420        0.1134515665        0.0712313831        0.0922413568        0.0655629534        0.0394051447        0.0265234506        1.0000000022
254.5000        0.0002780150        0.3763527099        0.2148796149        0.1133677319        0.0713216320        0.0923624558        0.0656109460        0.0393399367        0.0264869601        1.0000000022
255.0000        0.0002868032        0.3764334748        0.2147153309        0.1132852458        0.0714147439        0.0924867594        0.0656523536        0.0392702405        0.0264550502        1.0000000022
255.5000        0.0002996414        0.3765137968        0.2145464329        0.1132033389        0.0715112432        0.0926145628        0.0656872495        0.0391959936        0.0264277433        1.0000000022
256.0000        0.0003155748        0.3765954039        0.2143724533        0.1131210245        0.0716113913        0.0927460301        0.0657158863        0.0391172781        0.0264049599        1.0000000022
256.5000        0.0003330561        0.3766803787        0.2141935219        0.1130372550        0.0717151309        0.0928811241        0.0657386417        0.0390343439        0.0263865500        1.0000000022
257.0000        0.0003501762        0.3767708266        0.2140103798        0.1129510908        0.0718220770        0.0930195560        0.0657559493        0.0389476168        0.0263723299        1.0000000022
257.5000        0.0003649635        0.3768685298        0.2138242944        0.1128618569        0.0719315587        0.0931607645        0.0657682258        0.0388576875        0.0263621211        1.0000000022
258.0000        0.0003757044        0.3769746474        0.2136368874        0.1127692610        0.0720427055        0.0933039252        0.0657758004        0.0387652840        0.0263557869        1.0000000022
258.5000        0.0003812321        0.3770895093        0.2134499001        0.1126734539        0.0721545667        0.0934479933        0.0657788563        0.0386712285        0.0263532620        1.0000000022
259.0000        0.0003811351        0.3772125442        0.2132649337        0.1125750210        0.0722662467        0.0935917732        0.0657773918        0.0385763839        0.0263545728        1.0000000022
259.5000        0.0003758464        0.3773423549        0.2130832063        0.1124749043        0.0723770347        0.0937340099        0.0657712062        0.0384815954        0.0263598442        1.0000000022
260.0000        0.0003665955        0.3774769351        0.2129053670        0.1123742658        0.0724865093        0.0938734896        0.0657599130        0.0383876337        0.0263692932        1.0000000022
260.5000        0.0003552243        0.3776139927        0.2127313998        0.1122743118        0.0725946000        0.0940091392        0.0657429795        0.0382951467        0.0263832081        1.0000000022
261.0000        0.0003438951        0.3777513278        0.2125606356        0.1121761073        0.0727015944        0.0941401113        0.0657197899        0.0382046243        0.0264019166        1.0000000022
261.5000        0.0003347364        0.3778872027        0.2123918734        0.1120804080        0.0728080892        0.0942658434        0.0656897226        0.0381163821        0.0264257444        1.0000000022
262.0000        0.0003294841        0.3780206389        0.2122235929        0.1119875409        0.0729148900        0.0943860845        0.0656522351        0.0380305650        0.0264549708        1.0000000022
262.5000        0.0003291800        0.3781515879        0.2120542252        0.1118973521        0.0730228757        0.0945008829        0.0656069430        0.0379471710        0.0264897843        1.0000000022
263.0000        0.0003339819        0.3782809421        0.2118824368        0.1118092328        0.0731328478        0.0946105366        0.0655536861        0.0378660931        0.0265302450        1.0000000022
263.5000        0.0003431199        0.3784103807        0.2117073783        0.1117222227        0.0732453880        0.0947155124        0.0654925697        0.0377871730        0.0265762575        1.0000000022
264.0000        0.0003550133        0.3785420719        0.2115288545        0.1116351731        0.0733607501        0.0948163418        0.0654239767        0.0377102619        0.0266275590        1.0000000022
264.5000        0.0003675291        0.3786782821        0.2113473843        0.1115469458        0.0734788017        0.0949135083        0.0653485480        0.0376352796        0.0266837234        1.0000000022
265.0000        0.0003783442        0.3788209571        0.2111641368        0.1114566140        0.0735990301        0.0950073405        0.0652671317        0.0375622645        0.0267441833        1.0000000022
265.5000        0.0003853474        0.3789713530        0.2109807517        0.1113636314        0.0737206105        0.0950979259        0.0651807070        0.0374914085        0.0268082667        1.0000000022
266.0000        0.0003870127        0.3791297815        0.2107990734        0.1112679390        0.0738425291        0.0951850571        0.0650902936        0.0374230709        0.0268752449        1.0000000022
266.5000        0.0003826767        0.3792955210        0.2106208421        0.1111699907        0.0739637404        0.0952682201        0.0649968543        0.0373577696        0.0269443874        1.0000000022
267.0000        0.0003726677        0.3794669129        0.2104473980        0.1110706907        0.0740833333        0.0953466270        0.0649012077        0.0372961493        0.0270150156        1.0000000022
267.5000        0.0003582603        0.3796416311        0.2102794502        0.1109712505        0.0742006786        0.0954192904        0.0648039596        0.0372389306        0.0270865510        1.0000000022
268.0000        0.0003414596        0.3798170796        0.2101169540        0.1108729898        0.0743155312        0.0954851299        0.0647054632        0.0371868451        0.0271585498        1.0000000022
268.5000        0.0003246504        0.3799908466        0.2099591221        0.1107771145        0.0744280686        0.0955430989        0.0646058157        0.0371405648        0.0272307207        1.0000000022
269.0000        0.0003101720        0.3801611341        0.2098045701        0.1106845096        0.0745388568        0.0955923121        0.0645048903        0.0371006352        0.0273029219        1.0000000022
269.5000        0.0002998960        0.3803270804        0.2096515748        0.1105955858        0.0746487477        0.0956321583        0.0644024012        0.0370674189        0.0273751391        1.0000000022
270.0000        0.0002948832        0.3804889119        0.2094983978        0.1105102077        0.0747587241        0.0956623798        0.0642979928        0.0370410603        0.0274474446        1.0000000022
270.5000        0.0002951856        0.3806478926        0.2093436198        0.1104277182        0.0748697180        0.0956831084        0.0641913417        0.0370214736        0.0275199444        1.0000000022
271.0000        0.0002998328        0.3808060739        0.2091864207        0.1103470586        0.0749824333        0.0956948498        0.0640822569        0.0370083578        0.0275927185        1.0000000022
271.5000        0.0003070075        0.3809658882        0.2090267538        0.1102669635        0.0750972054        0.0956984180        0.0639707642        0.0370012380        0.0276657636        1.0000000022
272.0000        0.0003143812        0.3811296598        0.2088653779        0.1101861977        0.0752139233        0.0956948274        0.0638571623        0.0369995267        0.0277389458        1.0000000022
272.5000        0.0003195487        0.3812991258        0.2087037381        0.1101037928        0.0753320297        0.0956851576        0.0637420412        0.0370025981        0.0278119701        1.0000000022
273.0000        0.0003204807        0.3814750597        0.2085437134        0.1100192388        0.0754506020        0.0956704087        0.0636262604        0.0370098668        0.0278843718        1.0000000022
273.5000        0.0003159079        0.3816570736        0.2083872772        0.1099325956        0.0755685016        0.0956513696        0.0635108868        0.0370208576        0.0279555324        1.0000000022
274.0000        0.0003055631        0.3818436429        0.2082361318        0.1098445003        0.0756845652        0.0956285185        0.0633971016        0.0370352599        0.0280247190        1.0000000022
274.5000        0.0002902323        0.3820323532        0.2080913881        0.1097560671        0.0757978058        0.0956019704        0.0632860876        0.0370529560        0.0280911418        1.0000000022
275.0000        0.0002716033        0.3822203273        0.2079533523        0.1096686960        0.0759075841        0.0955714820        0.0631789130        0.0370740198        0.0281540245        1.0000000022
275.5000        0.0002519386        0.3824047516        0.2078214642        0.1095838232        0.0760137207        0.0955365147        0.0630764270        0.0370986860        0.0282126763        1.0000000022
276.0000        0.0002336367        0.3825833984        0.2076944029        0.1095026614        0.0761165240        0.0954963456        0.0629791851        0.0371272915        0.0282665567        1.0000000023
276.5000        0.0002187658        0.3827550410        0.2075703425        0.1094259771        0.0762167274        0.0954502142        0.0628874119        0.0371601981        0.0283153243        1.0000000023
277.0000        0.0002086626        0.3829196732        0.2074473118        0.1093539504        0.0763153449        0.0953974795        0.0628010115        0.0371977072        0.0283588611        1.0000000023
277.5000        0.0002036778        0.3830784859        0.2073235880        0.1092861451        0.0764134711        0.0953377660        0.0627196221        0.0372399775        0.0283972687        1.0000000023
278.0000        0.0002031183        0.3832335972        0.2071980483        0.1092215987        0.0765120607        0.0952710748        0.0626427083        0.0372869594        0.0284308365        1.0000000023
278.5000        0.0002054003        0.3833875877        0.2070704062        0.1091590171        0.0766117305        0.0951978405        0.0625696793        0.0373383554        0.0284599853        1.0000000023
279.0000        0.0002083819        0.3835429302        0.2069412836        0.1090970385        0.0767126219        0.0951189249        0.0625000136        0.0373936138        0.0284851938        1.0000000023
279.5000        0.0002098086        0.3837014293        0.2068120992        0.1090345160        0.0768143533        0.0950355452        0.0624333729        0.0374519586        0.0285069194        1.0000000023
280.0000        0.0002077791        0.3838637885        0.2066847916        0.1089707635        0.0769160720        0.0949491472        0.0623696862        0.0375124511        0.0285255232        1.0000000023
280.5000        0.0002011360        0.3840293976        0.2065614302        0.1089057155        0.0770166003        0.0948612415        0.0623091916        0.0375740771        0.0285412124        1.0000000023
281.0000        0.0001896990        0.3841963906        0.2064437906        0.1088399658        0.0771146487        0.0947732278        0.0622524267        0.0376358453        0.0285540079        1.0000000023
281.5000        0.0001742911        0.3843619688        0.2063329801        0.1087746749        0.0772090550        0.0946862344        0.0622001688        0.0376968855        0.0285637437        1.0000000023
282.0000        0.0001565541        0.3845229277        0.2062291944        0.1087113621        0.0772990052        0.0946010003        0.0621533318        0.0377565291        0.0285700976        1.0000000023
282.5000        0.0001385908        0.3846762794        0.2061316566        0.1086516207        0.0773841882        0.0945178181        0.0621128362        0.0378143607        0.0285726516        1.0000000023
283.0000        0.0001225123        0.3848198425        0.2060387570        0.1085968132        0.0774648549        0.0944365495        0.0620794699        0.0378702317        0.0285709713        1.0000000023
283.5000        0.0001099892        0.3849526686        0.2059483681        0.1085478083        0.0775417653        0.0943567119        0.0620537638        0.0379242336        0.0285646934        1.0000000023
284.0000        0.0001019028        0.3850752139        0.2058582737        0.1085048149        0.0776160317        0.0942776239        0.0620359007        0.0379766323        0.0285536083        1.0000000023
284.5000        0.0000981752        0.3851892091        0.2057666217        0.1084673500        0.0776888886        0.0941985849        0.0620256737        0.0380277754        0.0285377238        1.0000000023
285.0000        0.0000978137        0.3852972513        0.2056723063        0.1084343489        0.0777614322        0.0941190631        0.0620225027        0.0380779846        0.0285172995        1.0000000023
285.5000        0.0000991601        0.3854022002        0.2055751953        0.1084044010        0.0778343849        0.0940388559        0.0620255070        0.0381274516        0.0284928462        1.0000000023
286.0000        0.0001002878        0.3855065062        0.2054761509        0.1083760608        0.0779079312        0.0939581993        0.0620336239        0.0381761538        0.0284650884        1.0000000023
286.5000        0.0000994551        0.3856116182        0.2053768329        0.1083481734        0.0779816638        0.0938778022        0.0620457565        0.0382238049        0.0284348953        1.0000000023
287.0000        0.0000955116        0.3857176046        0.2052793247        0.1083201439        0.0780546514        0.0937988014        0.0620609252        0.0382698494        0.0284031901        1.0000000023
287.5000        0.0000881625        0.3858230767        0.2051856571        0.1082920927        0.0781256191        0.0937226397        0.0620783995        0.0383135041        0.0283708509        1.0000000023
288.0000        0.0000780290        0.3859254392        0.2050973337        0.1082648603        0.0781932049        0.0936508876        0.0620977871        0.0383538408        0.0283386196        1.0000000023
288.5000        0.0000664900        0.3860214194        0.2050149619        0.1082398574        0.0782562412        0.0935850375        0.0621190648        0.0383898980        0.0283070322        1.0000000023
289.0000        0.0000553432        0.3861077626        0.2049380725        0.1082187885        0.0783140006        0.0935263046        0.0621425433        0.0384208041        0.0282763828        1.0000000023
289.5000        0.0000463655        0.3861819395        0.2048651747        0.1082033063        0.0783663549        0.0934754688        0.0621687723        0.0384458929        0.0282467274        1.0000000023
290.0000        0.0000408790        0.3862427045        0.2047940371        0.1081946704        0.0784138088        0.0934327879        0.0621983980        0.0384647898        0.0282179268        1.0000000023
290.5000        0.0000394300        0.3862903749        0.2047221381        0.1081934858        0.0784573995        0.0933979959        0.0622319993        0.0384774550        0.0281897237        1.0000000023
291.0000        0.0000416603        0.3863267600        0.2046471879        0.1081995790        0.0784984801        0.0933703916        0.0622699280        0.0384841756        0.0281618397        1.0000000022
291.5000        0.0000464060        0.3863547480        0.2045676062        0.1082120443        0.0785384307        0.0933490014        0.0623121832        0.0384855049        0.0281340775        1.0000000022
292.0000        0.0000520023        0.3863776401        0.2044828448        0.1082294522        0.0785783599        0.0933327907        0.0623583413        0.0384821596        0.0281064113        1.0000000022
292.5000        0.0000567199        0.3863983815        0.2043934798        0.1082501781        0.0786188600        0.0933208858        0.0624075579        0.0384748910        0.0280790481        1.0000000022
293.0000        0.0000592258        0.3864188657        0.2043010456        0.1082727796        0.0786598736        0.0933127673        0.0624586413        0.0384643524        0.0280524509        1.0000000022
293.5000        0.0000589485        0.3864394798        0.2042076451        0.1082963389        0.0787007016        0.0933083983        0.0625101889        0.0384509847        0.0280273163        1.0000000022
294.0000        0.0000562524        0.3864590028        0.2041154202        0.1083206914        0.0787401557        0.0933082632        0.0625607626        0.0384349432        0.0280045108        1.0000000022
294.5000        0.0000523682        0.3864748882        0.2040260030        0.1083464864        0.0787768246        0.0933133071        0.0626090743        0.0384160762        0.0279849743        1.0000000022
295.0000        0.0000490915        0.3864838744        0.2039400762        0.1083750619        0.0788093957        0.0933247840        0.0626541476        0.0383939638        0.0279696072        1.0000000022
295.5000        0.0000483179        0.3864827820        0.2038571481        0.1084081570        0.0788369627        0.0933440408        0.0626954269        0.0383680088        0.0279591579        1.0000000022
296.0000        0.0000515326        0.3864693117        0.2037755992        0.1084475259        0.0788592475        0.0933722743        0.0627328116        0.0383375663        0.0279541330        1.0000000022
296.5000        0.0000593868        0.3864426492        0.2036929966        0.1084945395        0.0788766843        0.0934103062        0.0627666091        0.0383020882        0.0279547424        1.0000000022
297.0000        0.0000714775        0.3864037267        0.2036066069        0.1085498672        0.0788903436        0.0934584194        0.0627974111        0.0382612575        0.0279608923        1.0000000022
297.5000        0.0000863990        0.3863550693        0.2035139901        0.1086133155        0.0789017100        0.0935162871        0.0628259168        0.0382150872        0.0279722272        1.0000000022
298.0000        0.0001020668        0.3863002546        0.2034135329        0.1086838638        0.0789123604        0.0935830114        0.0628527331        0.0381639649        0.0279882142        1.0000000022
298.5000        0.0001162413        0.3862431100        0.2033047937        0.1087598945        0.0789236169        0.0936572666        0.0628781902        0.0381086329        0.0280082561        1.0000000022
299.0000        0.0001271218        0.3861868400        0.2031885704        0.1088395670        0.0789362528        0.0937375223        0.0629022074        0.0380501069        0.0280318135        1.0000000022
299.5000        0.0001338578        0.3861332987        0.2030666700        0.1089212492        0.0789503233        0.0938223059        0.0629242369        0.0379895456        0.0280585147        1.0000000022
300.0000        0.0001368342        0.3860825912        0.2029414295        0.1090039055        0.0789651622        0.0939104541        0.0629432984        0.0379280951        0.0280882320        1.0000000022
