       t         state 0 pop         state 1 pop         state 2 pop         state 3 pop         state 4 pop         state 5 pop         state 6 pop         state 7 pop         state 8 pop              poptot
  0.0000        1.0000000000        0.0000000000        0.0000000000        0.0000000000        0.0000000000        0.0000000000        0.0000000000        0.0000000000        0.0000000000        1.0000000000
  0.5000        0.9999299156        0.0000087687        0.0000087678        0.0000087669        0.0000087660        0.0000087558        0.0000087544        0.0000087531        0.0000087517        1.0000000000
  1.0000        0.9997180355        0.0000353772        0.0000353630        0.0000353482        0.0000353328        0.0000351682        0.0000351470        0.0000351253        0.0000351029        1.0000000001
  1.5000        0.9993646285        0.0000800901        0.0000800177        0.0000799424        0.0000798641        0.0000790282        0.0000789209        0.0000788107        0.0000786977        1.0000000003
  2.0000        0.9988735889        0.0001429147        0.0001426850        0.0001424461        0.0001421979        0.0001395573        0.0001392195        0.0001388731        0.0001385180        1.0000000005
  2.5000        0.9982523628        0.0002235976        0.0002230356        0.0002224515        0.0002218452        0.0002154235        0.0002146059        0.0002137682        0.0002129105        1.0000000007
  3.0000        0.9975117662        0.0003216249        0.0003204596        0.0003192493        0.0003179944        0.0003047753        0.0003031020        0.0003013899        0.0002996395        1.0000000010
  3.5000        0.9966657033        0.0004362267        0.0004340721        0.0004318368        0.0004295218        0.0004052936        0.0004022482        0.0003991371        0.0003959618        1.0000000013
  4.0000        0.9957307901        0.0005663855        0.0005627250        0.0005589317        0.0005550082        0.0005142598        0.0005091794        0.0005039992        0.0004987226        1.0000000016
  4.5000        0.9947258984        0.0007108487        0.0007050210        0.0006989905        0.0006927618        0.0006286371        0.0006207168        0.0006126586        0.0006044688        1.0000000019
  5.0000        0.9936716315        0.0008681441        0.0008593342        0.0008502318        0.0008408457        0.0007451642        0.0007334713        0.0007216046        0.0007095748        1.0000000022
  5.5000        0.9925897510        0.0010365996        0.0010238322        0.0010106641        0.0009971104        0.0008604566        0.0008439557        0.0008272563        0.0008103765        1.0000000024
  6.0000        0.9915025713        0.0012143653        0.0011965041        0.0011781176        0.0011592310        0.0009711137        0.0009487012        0.0009260900        0.0009033085        1.0000000026
  6.5000        0.9904323415        0.0013994393        0.0013751891        0.0013502786        0.0013247472        0.0010738275        0.0010443751        0.0010147649        0.0009850396        1.0000000027
  7.0000        0.9894006344        0.0015896949        0.0015576098        0.0015247274        0.0014911071        0.0011654891        0.0011278947        0.0010902449        0.0010526005        1.0000000028
  7.5000        0.9884277612        0.0017829102        0.0017414065        0.0016989779        0.0016557116        0.0012432907        0.0011965347        0.0011499102        0.0011035000        1.0000000028
  8.0000        0.9875322311        0.0019767996        0.0019241724        0.0018705184        0.0018159614        0.0013048180        0.0012480229        0.0011916552        0.0011358238        1.0000000028
  8.5000        0.9867302711        0.0021690458        0.0021034913        0.0020368535        0.0019693030        0.0013481321        0.0012806220        0.0012139701        0.0011483138        1.0000000027
  9.0000        0.9860354219        0.0023573319        0.0022769738        0.0021955449        0.0021132750        0.0013718363        0.0012931945        0.0012160011        0.0011404229        1.0000000025
  9.5000        0.9854582194        0.0025393751        0.0024422946        0.0023442529        0.0022455523        0.0013751267        0.0012852476        0.0011975889        0.0011123449        1.0000000023
 10.0000        0.9850059730        0.0027129578        0.0025972276        0.0024807745        0.0023639884        0.0013578240        0.0012569576        0.0011592829        0.0010650163        1.0000000021
 10.5000        0.9846826445        0.0028759596        0.0027396806        0.0026030813        0.0024666541        0.0013203871        0.0012091720        0.0011023309        0.0010000917        1.0000000018
 11.0000        0.9844888299        0.0030263869        0.0028677272        0.0027093524        0.0025518732        0.0012639055        0.0011433898        0.0010286443        0.0009198924        1.0000000016
 11.5000        0.9844218426        0.0031624008        0.0029796363        0.0027980058        0.0026182532        0.0011900731        0.0010617198        0.0009407398        0.0008273300        1.0000000013
 12.0000        0.9844758942        0.0032823427        0.0030738990        0.0028677249        0.0026647108        0.0011011425        0.0009668188        0.0008416604        0.0007258077        1.0000000011
 12.5000        0.9846423633        0.0033847576        0.0031492514        0.0029174807        0.0026904930        0.0009998616        0.0008618118        0.0007348771        0.0006191043        1.0000000008
 13.0000        0.9849101427        0.0034684143        0.0032046943        0.0029465493        0.0026951912        0.0008893954        0.0007501960        0.0006241755        0.0005112420        1.0000000006
 13.5000        0.9852660523        0.0035323222        0.0032395084        0.0029545250        0.0026787501        0.0007732336        0.0006357323        0.0005135307        0.0004063459        1.0000000004
 14.0000        0.9856953010        0.0035757450        0.0032532656        0.0029413276        0.0026414706        0.0006550884        0.0005223283        0.0004069756        0.0003084982        1.0000000003
 14.5000        0.9861819837        0.0035982110        0.0032458361        0.0029072050        0.0025840057        0.0005387850        0.0004139145        0.0003084655        0.0002215937        1.0000000002
 15.0000        0.9867095940        0.0035995191        0.0032173903        0.0028527300        0.0025073517        0.0004281479        0.0003143211        0.0002217459        0.0001492002        1.0000000002
 15.5000        0.9872615371        0.0035797421        0.0031683976        0.0027787930        0.0024128325        0.0003268870        0.0002271555        0.0001502250        0.0000944304        1.0000000002
 16.0000        0.9878216248        0.0035392256        0.0030996198        0.0026865886        0.0023020788        0.0002384867        0.0001556879        0.0000968588        0.0000598294        1.0000000003
 16.5000        0.9883745377        0.0034785834        0.0030121009        0.0025775985        0.0021770030        0.0001661010        0.0001027462        0.0000640490        0.0000472806        1.0000000004
 17.0000        0.9889062401        0.0033986901        0.0029071530        0.0024535699        0.0020397683        0.0001124588        0.0000706244        0.0000535602        0.0000579356        1.0000000006
 17.5000        0.9894043343        0.0033006694        0.0027863384        0.0023164897        0.0018927546        0.0000797808        0.0000610083        0.0000664571        0.0000921681        1.0000000007
 18.0000        0.9898583460        0.0031858806        0.0026514482        0.0021685552        0.0017385209        0.0000697116        0.0000749185        0.0001030645        0.0001495554        1.0000000009
 18.5000        0.9902599316        0.0030559006        0.0025044783        0.0020121424        0.0015797652        0.0000832682        0.0001126754        0.0001629521        0.0002288873        1.0000000012
 19.0000        0.9906030037        0.0029125050        0.0023476029        0.0018497717        0.0014192817        0.0001208073        0.0001738846        0.0002449428        0.0003282016        1.0000000014
 19.5000        0.9908837733        0.0027576463        0.0021831449        0.0016840712        0.0012599181        0.0001820111        0.0002574445        0.0003471466        0.0004448457        1.0000000016
 20.0000        0.9911007091        0.0025934294        0.0020135461        0.0015177393        0.0011045305        0.0002658930        0.0003615762        0.0004670160        0.0005755622        1.0000000019
 20.5000        0.9912544184        0.0024220872        0.0018413347        0.0013535067        0.0009559405        0.0003708223        0.0004838733        0.0006014242        0.0007165948        1.0000000021
 21.0000        0.9913474561        0.0022459533        0.0016690931        0.0011940981        0.0008168920        0.0004945676        0.0006213705        0.0007467607        0.0008638111        1.0000000022
 21.5000        0.9913840703        0.0020674350        0.0014994243        0.0010421940        0.0006900094        0.0006343571        0.0007706304        0.0008990431        0.0010128387        1.0000000024
 22.0000        0.9913698958        0.0018889854        0.0013349201        0.0009003944        0.0005777592        0.0007869543        0.0009278429        0.0010540409        0.0011592095        1.0000000025
 22.5000        0.9913116071        0.0017130749        0.0011781275        0.0007711833        0.0004824135        0.0009487463        0.0010889371        0.0012074063        0.0012985064        1.0000000025
 23.0000        0.9912165452        0.0015421639        0.0010315185        0.0006568955        0.0004060165        0.0011158439        0.0012496997        0.0013548098        0.0014265096        1.0000000026
 23.5000        0.9910923315        0.0013786750        0.0008974595        0.0005596860        0.0003503563        0.0012841871        0.0014058980        0.0014920739        0.0015393352        1.0000000026
 24.0000        0.9909464829        0.0012249666        0.0007781832        0.0004815019        0.0003169389        0.0014496575        0.0015534039        0.0016153034        0.0016335642        1.0000000025
 24.5000        0.9907860427        0.0010833074        0.0006757626        0.0004240579        0.0003069685        0.0016081899        0.0016883134        0.0017210057        0.0017063543        1.0000000024
 25.0000        0.9906172393        0.0009558527        0.0005920872        0.0003888148        0.0003213308        0.0017558840        0.0018070604        0.0018061986        0.0017555346        1.0000000023
 25.5000        0.9904451850        0.0008446214        0.0005288412        0.0003769621        0.0003605828        0.0018891097        0.0019065196        0.0018685032        0.0017796772        1.0000000022
 26.0000        0.9902736248        0.0007514760        0.0004874858        0.0003894045        0.0004249461        0.0020046056        0.0019840970        0.0019062167        0.0017781454        1.0000000020
 26.5000        0.9901047436        0.0006781037        0.0004692433        0.0004267515        0.0005143061        0.0020995670        0.0020378047        0.0019183659        0.0017511162        1.0000000018
 27.0000        0.9899390378        0.0006260000        0.0004750846        0.0004893121        0.0006282151        0.0021717206        0.0020663177        0.0019047372        0.0016995764        1.0000000016
 27.5000        0.9897752556        0.0005964548        0.0005057200        0.0005770928        0.0007659011        0.0022193857        0.0020690125        0.0018658850        0.0016252938        1.0000000014
 28.0000        0.9896104064        0.0005905409        0.0005615933        0.0006897997        0.0009262800        0.0022415181        0.0020459843        0.0018031158        0.0015307628        1.0000000012
 28.5000        0.9894398395        0.0006091040        0.0006428783        0.0008268442        0.0011079724        0.0022377378        0.0019980460        0.0017184508        0.0014191279        1.0000000011
 29.0000        0.9892573888        0.0006527571        0.0007494798        0.0009873527        0.0013093246        0.0022083386        0.0019267047        0.0016145673        0.0012940874        1.0000000009
 29.5000        0.9890555777        0.0007218752        0.0008810360        0.0011701789        0.0015284322        0.0021542800        0.0018341210        0.0014947206        0.0011597792        1.0000000008
 30.0000        0.9888258770        0.0008165945        0.0010369253        0.0013739204        0.0017631673        0.0020771617        0.0017230494        0.0013626503        0.0010206547        1.0000000007
 30.5000        0.9885590076        0.0009368128        0.0012162752        0.0015969373        0.0020112080        0.0019791822        0.0015967631        0.0012224719        0.0008813426        1.0000000006
 31.0000        0.9882452773        0.0010821923        0.0014179734        0.0018373737        0.0022700700        0.0018630816        0.0014589649        0.0010785587        0.0007465086        1.0000000005
 31.5000        0.9878749408        0.0012521658        0.0016406826        0.0020931811        0.0025371404        0.0017320713        0.0013136870        0.0009354172        0.0006207142        1.0000000005
 32.0000        0.9874385705        0.0014459437        0.0018828563        0.0023621444        0.0028097114        0.0015897524        0.0011651830        0.0007975587        0.0005082800        1.0000000005
 32.5000        0.9869274270        0.0016625244        0.0021427572        0.0026419088        0.0030850159        0.0014400244        0.0010178140        0.0006693723        0.0004131565        1.0000000005
 33.0000        0.9863338167        0.0019007053        0.0024184772        0.0029300079        0.0033602626        0.0012869878        0.0008759338        0.0005550021        0.0003388072        1.0000000006
 33.5000        0.9856514262        0.0021590968        0.0027079591        0.0032238934        0.0036326709        0.0011348421        0.0007437738        0.0004582318        0.0002881066        1.0000000007
 34.0000        0.9848269024        0.0031413149        0.0028334640        0.0025687460        0.0023394639        0.0011749874        0.0011024650        0.0010364555        0.0009762018        1.0000000008
 34.5000        0.9848238002        0.0031417521        0.0028338910        0.0025691638        0.0023398734        0.0011753458        0.0011028194        0.0010368063        0.0009765491        1.0000000009
 35.0000        0.9848129942        0.0031432786        0.0028353816        0.0025706219        0.0023413018        0.0011765918        0.0011040513        0.0010380248        0.0009777550        1.0000000010
 35.5000        0.9847896924        0.0031465832        0.0028386071        0.0025737755        0.0023443898        0.0011792712        0.0011066984        0.0010406412        0.0009803424        1.0000000012
 36.0000        0.9847492169        0.0031523540        0.0028442362        0.0025792757        0.0023497721        0.0011839071        0.0011112740        0.0010451595        0.0009848059        1.0000000013
 36.5000        0.9846870827        0.0031612725        0.0028529290        0.0025877625        0.0023580700        0.0011909884        0.0011182546        0.0010520438        0.0009915980        1.0000000015
 37.0000        0.9845990722        0.0031740075        0.0028653304        0.0025998584        0.0023698845        0.0012009579        0.0011280677        0.0010617067        0.0010011163        1.0000000016
 37.5000        0.9844813016        0.0031912101        0.0028820643        0.0026161616        0.0023857897        0.0012142026        0.0011410815        0.0010744979        0.0010136923        1.0000000017
 38.0000        0.9843302794        0.0032135082        0.0029037282        0.0026372407        0.0024063262        0.0012310445        0.0011575961        0.0010906957        0.0010295828        1.0000000019
 38.5000        0.9841429549        0.0032415019        0.0029308880        0.0026636288        0.0024319957        0.0012517342        0.0011778364        0.0011104997        0.0010489623        1.0000000020
 39.0000        0.9839167572        0.0032757590        0.0029640736        0.0026958191        0.0024632558        0.0012764450        0.0012019469        0.0011340262        0.0010719195        1.0000000021
 39.5000        0.9836496226        0.0033168110        0.0030037743        0.0027342603        0.0025005157        0.0013052697        0.0012299888        0.0011613054        0.0010984543        1.0000000021
 40.0000        0.9833400115        0.0033651501        0.0030504358        0.0027793531        0.0025441329        0.0013382194        0.0012619392        0.0011922814        0.0011284788        1.0000000022
 40.5000        0.9829869134        0.0034212259        0.0031044571        0.0028314475        0.0025944094        0.0013752230        0.0012976919        0.0012268140        0.0011618201        1.0000000022
 41.0000        0.9825898421        0.0034854431        0.0031661878        0.0028908400        0.0026515903        0.0014161306        0.0013370607        0.0012646826        0.0011982251        1.0000000022
 41.5000        0.9821488199        0.0035581596        0.0032359268        0.0029577722        0.0027158622        0.0014607164        0.0013797843        0.0013055928        0.0012373682        1.0000000022
 42.0000        0.9816643517        0.0036396853        0.0033139207        0.0030324299        0.0027873522        0.0015086853        0.0014255333        0.0013491836        0.0012788603        1.0000000022
 42.5000        0.9811373918        0.0037302812        0.0034003634        0.0031149429        0.0028661282        0.0015596794        0.0014739184        0.0013950377        0.0013222593        1.0000000022
 43.0000        0.9805693014        0.0038301591        0.0034953962        0.0032053848        0.0029522000        0.0016132865        0.0015244997        0.0014426918        0.0013670826        1.0000000021
 43.5000        0.9799618009        0.0039394819        0.0035991080        0.0033037746        0.0030455201        0.0016690501        0.0015767980        0.0014916486        0.0014128199        1.0000000020
 44.0000        0.9793169164        0.0040583640        0.0037115368        0.0034100779        0.0031459863        0.0017264793        0.0016303057        0.0015413892        0.0014589463        1.0000000020
 44.5000        0.9786369226        0.0041868729        0.0038326709        0.0035242091        0.0032534443        0.0017850597        0.0016844989        0.0015913864        0.0015049370        1.0000000019
 45.0000        0.9779242837        0.0043250304        0.0039624511        0.0036460339        0.0033676907        0.0018442653        0.0017388496        0.0016411170        0.0015502801        1.0000000018
 45.5000        0.9771815924        0.0044728147        0.0041007731        0.0037753724        0.0034884771        0.0019035690        0.0017928380        0.0016900750        0.0015944900        1.0000000017
 46.0000        0.9764115104        0.0046301626        0.0042474906        0.0039120027        0.0036155139        0.0019624546        0.0018459638        0.0017377834        0.0016371196        1.0000000016
 46.5000        0.9756167099        0.0047969725        0.0044024180        0.0040556643        0.0037484750        0.0020204273        0.0018977574        0.0017838054        0.0016777717        1.0000000015
 47.0000        0.9747998179        0.0049731066        0.0045653342        0.0042060627        0.0038870025        0.0020770238        0.0019477907        0.0018277547        0.0017161082        1.0000000014
 47.5000        0.9739633647        0.0051583950        0.0047359863        0.0043628733        0.0040307117        0.0021318218        0.0019956854        0.0018693043        0.0017518588        1.0000000013
 48.0000        0.9731097370        0.0053526381        0.0049140934        0.0045257461        0.0041791960        0.0021844486        0.0020411217        0.0019081934        0.0017848270        1.0000000012
 48.5000        0.9722411366        0.0055556106        0.0050993506        0.0046943103        0.0043320328        0.0022345879        0.0020838446        0.0019442334        0.0018148944        1.0000000011
 49.0000        0.9713595453        0.0057670652        0.0052914332        0.0048681790        0.0044887880        0.0022819863        0.0021236687        0.0019773117        0.0018420235        1.0000000011
 49.5000        0.9704666963        0.0059867361        0.0054900010        0.0050469540        0.0046490217        0.0023264575        0.0021604825        0.0020073939        0.0018662582        1.0000000010
 50.0000        0.9695640525        0.0062143424        0.0056947022        0.0052302301        0.0048122931        0.0023678856        0.0021942492        0.0020345239        0.0018877220        1.0000000010
 50.5000        0.9686527918        0.0064495927        0.0059051779        0.0054176002        0.0049781656        0.0024062272        0.0022250079        0.0020588227        0.0019066150        1.0000000009
 51.0000        0.9677337992        0.0066921879        0.0061210659        0.0056086594        0.0051462117        0.0024415112        0.0022528718        0.0020804852        0.0019232086        1.0000000009
 51.5000        0.9668076652        0.0069418254        0.0063420049        0.0058030094        0.0053160171        0.0024738384        0.0022780258        0.0020997755        0.0019378392        1.0000000009
 52.0000        0.9658746908        0.0071982023        0.0065676383        0.0060002628        0.0054871856        0.0025033784        0.0023007220        0.0021170211        0.0019508997        1.0000000009
 52.5000        0.9649348982        0.0074610192        0.0067976178        0.0062000465        0.0056593424        0.0025303664        0.0023212744        0.0021326052        0.0019628309        1.0000000009
 53.0000        0.9639880465        0.0077299832        0.0070316069        0.0064020059        0.0058321384        0.0025550984        0.0023400522        0.0021469586        0.0019741109        1.0000000009
 53.5000        0.9630336518        0.0080048113        0.0072692844        0.0066058077        0.0060052529        0.0025779252        0.0023574726        0.0021605506        0.0019852446        1.0000000009
 54.0000        0.9620710115        0.0082852332        0.0075103471        0.0068111435        0.0061783969        0.0025992458        0.0023739920        0.0021738786        0.0019967525        1.0000000010
 54.5000        0.9610992304        0.0085709941        0.0077545131        0.0070177319        0.0063513156        0.0026194999        0.0023900975        0.0021874588        0.0020091598        1.0000000010
 55.0000        0.9601172504        0.0088618575        0.0080015239        0.0072253217        0.0065237902        0.0026391602        0.0024062976        0.0022018149        0.0020229846        1.0000000011
 55.5000        0.9591238802        0.0091576075        0.0082511471        0.0074336933        0.0066956401        0.0026587239        0.0024231125        0.0022174687        0.0020387278        1.0000000011
 56.0000        0.9581178261        0.0094580512        0.0085031783        0.0076426611        0.0068667242        0.0026787038        0.0024410647        0.0022349291        0.0020568627        1.0000000012
 56.5000        0.9570977226        0.0097630203        0.0087574430        0.0078520745        0.0070369416        0.0026996202        0.0024606699        0.0022546837        0.0020778255        1.0000000012
 57.0000        0.9560621612        0.0100723735        0.0090137981        0.0080618196        0.0072062327        0.0027219921        0.0024824280        0.0022771888        0.0021020074        1.0000000013
 57.5000        0.9550097187        0.0103859977        0.0092721336        0.0082718197        0.0073745792        0.0027463289        0.0025068143        0.0023028622        0.0021297471        1.0000000013
 58.0000        0.9539389823        0.0107038099        0.0095323730        0.0084820362        0.0075420044        0.0027731225        0.0025342725        0.0023320757        0.0021613250        1.0000000014
 58.5000        0.9528485721        0.0110257579        0.0097944750        0.0086924688        0.0077085726        0.0028028402        0.0025652071        0.0023651491        0.0021969587        1.0000000014
 59.0000        0.9517371609        0.0113518218        0.0100584336        0.0089031559        0.0078743888        0.0028359174        0.0025999778        0.0024023456        0.0022367997        1.0000000015
 59.5000        0.9506034898        0.0116820151        0.0103242789        0.0091141741        0.0080395979        0.0028727522        0.0026388940        0.0024438677        0.0022809318        1.0000000015
 60.0000        0.9494463807        0.0120163850        0.0105920772        0.0093256382        0.0082043834        0.0029136998        0.0026822112        0.0024898552        0.0023293709        1.0000000016
 60.5000        0.9482647442        0.0123550134        0.0108619312        0.0095377008        0.0083689664        0.0029590684        0.0027301275        0.0025403839        0.0023820657        1.0000000016
 61.0000        0.9470575846        0.0126980172        0.0111339803        0.0097505512        0.0085336041        0.0030091155        0.0027827823        0.0025954658        0.0024389005        1.0000000017
 61.5000        0.9458239999        0.0130455490        0.0114083998        0.0099644151        0.0086985884        0.0030640456        0.0028402550        0.0026550501        0.0024996988        1.0000000017
 62.0000        0.9445631787        0.0133977971        0.0116854013        0.0101795531        0.0088642439        0.0031240086        0.0029025655        0.0027190260        0.0025642275        1.0000000017
 62.5000        0.9432743936        0.0137549860        0.0119652316        0.0103962605        0.0090309268        0.0031890990        0.0029696753        0.0027872256        0.0026322033        1.0000000017
 63.0000        0.9419569909        0.0141173760        0.0122481731        0.0106148652        0.0091990224        0.0032593564        0.0030414901        0.0028594289        0.0027032988        1.0000000018
 63.5000        0.9406103779        0.0144852638        0.0125345425        0.0108357272        0.0093689434        0.0033347664        0.0031178623        0.0029353684        0.0027771499        1.0000000018
 64.0000        0.9392340068        0.0148589823        0.0128246905        0.0110592372        0.0095411285        0.0034152625        0.0031985954        0.0030147353        0.0028533633        1.0000000018
 64.5000        0.9378273573        0.0152389003        0.0131190012        0.0112858152        0.0097160398        0.0035007291        0.0032834484        0.0030971860        0.0029315245        1.0000000018
 65.0000        0.9363899170        0.0156254227        0.0134178912        0.0115159091        0.0098941616        0.0035910044        0.0033721407        0.0031823486        0.0030112065        1.0000000018
 65.5000        0.9349211602        0.0160189900        0.0137218091        0.0117499938        0.0100759979        0.0036858846        0.0034643584        0.0032698305        0.0030919773        1.0000000018
 66.0000        0.9334205264        0.0164200786        0.0140312344        0.0119885696        0.0102620712        0.0037851280        0.0035597595        0.0033592254        0.0031734087        1.0000000018
 66.5000        0.9318873978        0.0168292000        0.0143466773        0.0122321609        0.0104529206        0.0038884603        0.0036579808        0.0034501206        0.0032550834        1.0000000018
 67.0000        0.9303210778        0.0172469009        0.0146686774        0.0124813153        0.0106490997        0.0039955794        0.0037586440        0.0035421044        0.0033366028        1.0000000018
 67.5000        0.9287207683        0.0176737631        0.0149978031        0.0127366019        0.0108511759        0.0041061609        0.0038613620        0.0036347730        0.0034175937        1.0000000017
 68.0000        0.9270855494        0.0181104026        0.0153346512        0.0129986104        0.0110597280        0.0042198634        0.0039657455        0.0037277367        0.0034977146        1.0000000017
 68.5000        0.9254143595        0.0185574703        0.0156798456        0.0132679500        0.0112753454        0.0043363344        0.0040714092        0.0038206267        0.0035766607        1.0000000017
 69.0000        0.9237059767        0.0190156508        0.0160340370        0.0135452483        0.0114986265        0.0044552155        0.0041779774        0.0039131004        0.0036541691        1.0000000017
 69.5000        0.9219590026        0.0194856626        0.0163979021        0.0138311503        0.0117301779        0.0045761480        0.0042850897        0.0040048465        0.0037300220        1.0000000017
 70.0000        0.9201718474        0.0199682580        0.0167721431        0.0141263174        0.0119706126        0.0046987779        0.0043924061        0.0040955890        0.0038040502        1.0000000017
 70.5000        0.9183427176        0.0204642222        0.0171574868        0.0144314265        0.0122205498        0.0048227610        0.0044996116        0.0041850917        0.0038761345        1.0000000016
 71.0000        0.9164696058        0.0209743736        0.0175546840        0.0147471694        0.0124806134        0.0049477674        0.0046064206        0.0042731602        0.0039462071        1.0000000016
 71.5000        0.9145502831        0.0214995633        0.0179645092        0.0150742518        0.0127514317        0.0050734858        0.0047125800        0.0043596448        0.0040142519        1.0000000016
 72.0000        0.9125822934        0.0220406748        0.0183877600        0.0154133927        0.0130336363        0.0051996271        0.0048178724        0.0044444415        0.0040803036        1.0000000016
 72.5000        0.9105629512        0.0225986237        0.0188252563        0.0157653236        0.0133278616        0.0053259281        0.0049221183        0.0045274926        0.0041444462        1.0000000016
 73.0000        0.9084893402        0.0231743577        0.0192778401        0.0161307882        0.0136347446        0.0054521543        0.0050251779        0.0046087872        0.0042068113        1.0000000016
 73.5000        0.9063583159        0.0237688557        0.0197463751        0.0165105419        0.0139549241        0.0055781022        0.0051269522        0.0046883599        0.0042675746        1.0000000015
 74.0000        0.9041665095        0.0243831282        0.0202317458        0.0169053508        0.0142890406        0.0057036011        0.0052273833        0.0047662895        0.0043269528        1.0000000015
 74.5000        0.9019103336        0.0250182164        0.0207348575        0.0173159921        0.0146377357        0.0058285149        0.0053264545        0.0048426973        0.0043851995        1.0000000015
 75.0000        0.8995859908        0.0256751924        0.0212566360        0.0177432530        0.0150016524        0.0059527425        0.0054241895        0.0049177444        0.0044426006        1.0000000015
 75.5000        0.8971894833        0.0263551583        0.0217980267        0.0181879308        0.0153814345        0.0060762185        0.0055206512        0.0049916283        0.0044994700        1.0000000015
 76.0000        0.8947166245        0.0270592462        0.0223599946        0.0186508322        0.0157777269        0.0061989132        0.0056159400        0.0050645801        0.0045561437        1.0000000015
 76.5000        0.8921630511        0.0277886179        0.0229435238        0.0191327737        0.0161911753        0.0063208317        0.0057101920        0.0051368605        0.0046129754        1.0000000015
 77.0000        0.8895242377        0.0285444642        0.0235496174        0.0196345806        0.0166224262        0.0064420137        0.0058035759        0.0052087551        0.0046703306        1.0000000014
 77.5000        0.8867955112        0.0293280043        0.0241792965        0.0201570875        0.0170721272        0.0065625313        0.0058962907        0.0052805712        0.0047285817        1.0000000014
 78.0000        0.8839720661        0.0301404860        0.0248336006        0.0207011373        0.0175409268        0.0066824879        0.0059885622        0.0053526324        0.0047881022        1.0000000014
 78.5000        0.8810489807        0.0309831843        0.0255135867        0.0212675818        0.0180294747        0.0068020164        0.0060806399        0.0054252748        0.0048492621        1.0000000014
 79.0000        0.8780212336        0.0318574016        0.0262203289        0.0218572812        0.0185384217        0.0069212764        0.0061727935        0.0054988417        0.0049124228        1.0000000014
 79.5000        0.8748837193        0.0327644665        0.0269549183        0.0224711037        0.0190684203        0.0070404520        0.0062653088        0.0055736800        0.0049779325        1.0000000014
 80.0000        0.8716312655        0.0337057333        0.0277184623        0.0231099258        0.0196201241        0.0071597491        0.0063584844        0.0056501353        0.0050461216        1.0000000014
 80.5000        0.8682586482        0.0346825811        0.0285120844        0.0237746316        0.0201941885        0.0072793927        0.0064526279        0.0057285477        0.0051172993        1.0000000014
 81.0000        0.8647606081        0.0356964134        0.0293369230        0.0244661129        0.0207912706        0.0073996239        0.0065480519        0.0058092480        0.0051917496        1.0000000014
 81.5000        0.8611318657        0.0367486565        0.0301941317        0.0251852691        0.0214120293        0.0075206966        0.0066450706        0.0058925536        0.0052697283        1.0000000014
 82.0000        0.8573671357        0.0378407590        0.0310848781        0.0259330064        0.0220571257        0.0076428749        0.0067439960        0.0059787653        0.0053514603        1.0000000014
 82.5000        0.8534611414        0.0389741902        0.0320103434        0.0267102380        0.0227272223        0.0077664296        0.0068451345        0.0060681642        0.0054371377        1.0000000014
 83.0000        0.8494086278        0.0401504393        0.0329717213        0.0275178837        0.0234229841        0.0078916356        0.0069487840        0.0061610083        0.0055269174        1.0000000014
 83.5000        0.8452043741        0.0413710138        0.0339702175        0.0283568690        0.0241450776        0.0080187685        0.0070552301        0.0062575305        0.0056209203        1.0000000014
 84.0000        0.8408432056        0.0426374376        0.0350070487        0.0292281252        0.0248941714        0.0081481022        0.0071647440        0.0063579362        0.0057192305        1.0000000014
 84.5000        0.8363200050        0.0439512502        0.0360834413        0.0301325887        0.0256709357        0.0082799054        0.0072775793        0.0064624013        0.0058218945        1.0000000014
 85.0000        0.8316297223        0.0453140039        0.0372006306        0.0310712003        0.0264760420        0.0084144396        0.0073939700        0.0065710712        0.0059289215        1.0000000014
 85.5000        0.8267673849        0.0467272624        0.0383598593        0.0320449041        0.0273101630        0.0085519565        0.0075141283        0.0066840592        0.0060402837        1.0000000014
 86.0000        0.8217281063        0.0481925983        0.0395623760        0.0330546477        0.0281739724        0.0086926952        0.0076382425        0.0068014459        0.0061559170        1.0000000014
 86.5000        0.8165070951        0.0497115907        0.0408094339        0.0341013799        0.0290681439        0.0088368805        0.0077664759        0.0069232791        0.0062757223        1.0000000014
 87.0000        0.8110996625        0.0512858226        0.0421022888        0.0351860510        0.0299933510        0.0089847207        0.0078989649        0.0070495731        0.0063995667        1.0000000014
 87.5000        0.8055012307        0.0529168778        0.0434421974        0.0363096106        0.0309502663        0.0091364057        0.0080358185        0.0071803092        0.0065272852        1.0000000014
 88.0000        0.7997073400        0.0546063381        0.0448304151        0.0374730066        0.0319395604        0.0092921055        0.0081771173        0.0073154362        0.0066586824        1.0000000014
 88.5000        0.7937136562        0.0563557791        0.0462681935        0.0386771838        0.0329619015        0.0094519689        0.0083229127        0.0074548708        0.0067935349        1.0000000014
 89.0000        0.7875159785        0.0581667674        0.0477567782        0.0399230822        0.0340179537        0.0096161220        0.0084732270        0.0075984989        0.0069315935        1.0000000014
 89.5000        0.7811102468        0.0600408558        0.0492974057        0.0412116350        0.0351083763        0.0097846672        0.0086280530        0.0077461766        0.0070725850        1.0000000014
 90.0000        0.7744925496        0.0619795790        0.0508913005        0.0425437665        0.0362338221        0.0099576825        0.0087873544        0.0078977313        0.0072162154        1.0000000014
 90.5000        0.7676591327        0.0639844491        0.0525396719        0.0439203902        0.0373949360        0.0101352207        0.0089510658        0.0080529634        0.0073621715        1.0000000014
 91.0000        0.7606064077        0.0660569503        0.0542437103        0.0453424059        0.0385923534        0.0103173088        0.0091190932        0.0082116477        0.0075101242        1.0000000014
 91.5000        0.7533309624        0.0681985331        0.0560045830        0.0468106971        0.0398266977        0.0105039476        0.0092913148        0.0083735353        0.0076597304        1.0000000014
 92.0000        0.7458295704        0.0704106089        0.0578234306        0.0483261282        0.0410985792        0.0106951118        0.0094675819        0.0085383550        0.0078106354        1.0000000014
 92.5000        0.7380992036        0.0726945430        0.0597013619        0.0498895411        0.0424085919        0.0108907495        0.0096477193        0.0087058155        0.0079624756        1.0000000014
 93.0000        0.7301370443        0.0750516483        0.0616394494        0.0515017516        0.0437573112        0.0110907827        0.0098315267        0.0088756068        0.0081148804        1.0000000014
 93.5000        0.7219404990        0.0774831779        0.0636387236        0.0531635459        0.0451452916        0.0112951069        0.0100187795        0.0090474025        0.0082674746        1.0000000014
 94.0000        0.7135072140        0.0799903171        0.0657001678        0.0548756762        0.0465730631        0.0115035920        0.0102092301        0.0092208609        0.0084198802        1.0000000014
 94.5000        0.7048350918        0.0825741755        0.0678247120        0.0566388566        0.0480411283        0.0117160822        0.0104026091        0.0093956276        0.0085717182        1.0000000014
 95.0000        0.6959223093        0.0852357783        0.0700132261        0.0584537583        0.0495499590        0.0119323967        0.0105986265        0.0095713368        0.0087226105        1.0000000014
 95.5000        0.6867673374        0.0879760570        0.0722665135        0.0603210041        0.0510999921        0.0121523300        0.0107969729        0.0097476127        0.0088721817        1.0000000014
 96.0000        0.6773689625        0.0907958400        0.0745853039        0.0622411640        0.0526916262        0.0123756528        0.0109973206        0.0099240717        0.0090200597        1.0000000014
 96.5000        0.6677263094        0.0936958421        0.0769702453        0.0642147486        0.0543252167        0.0126021125        0.0111993253        0.0101003236        0.0091658779        1.0000000014
 97.0000        0.6578388660        0.0966766543        0.0794218965        0.0662422034        0.0560010717        0.0128314339        0.0114026271        0.0102759731        0.0093092754        1.0000000014
 97.5000        0.6477065098        0.0997387324        0.0819407180        0.0683239027        0.0577194472        0.0130633200        0.0116068517        0.0104506210        0.0094498986        1.0000000014
 98.0000        0.6373295360        0.1028823859        0.0845270638        0.0704601425        0.0594805418        0.0132974526        0.0118116117        0.0106238656        0.0095874015        1.0000000014
 98.5000        0.6267086869        0.1061077656        0.0871811717        0.0726511334        0.0612844916        0.0135334935        0.0120165080        0.0107953042        0.0097214465        1.0000000014
 99.0000        0.6158451834        0.1094148519        0.0899031539        0.0748969938        0.0631313643        0.0137710849        0.0122211305        0.0109645335        0.0098517051        1.0000000014
 99.5000        0.6047407579        0.1128034416        0.0926929872        0.0771977415        0.0650211539        0.0140098508        0.0124250598        0.0111311512        0.0099778576        1.0000000014
100.0000        0.5933976879        0.1162731352        0.0955505024        0.0795532862        0.0669537738        0.0142493973        0.0126278681        0.0112947564        0.0100995941        1.0000000014
100.5000        0.5818188318        0.1198233239        0.0984753737        0.0819634211        0.0689290512        0.0144893141        0.0128291203        0.0114549512        0.0102166141        1.0000000014
101.0000        0.5700076655        0.1234531757        0.1014671084        0.0844278141        0.0709467201        0.0147291751        0.0130283750        0.0116113405        0.0103286270        1.0000000014
101.5000        0.5579683192        0.1271616222        0.1045250351        0.0869459997        0.0730064146        0.0149685394        0.0132251859        0.0117635337        0.0104353516        1.0000000014
102.0000        0.5457056156        0.1309473453        0.1076482930        0.0895173692        0.0751076621        0.0152069526        0.0134191024        0.0119111447        0.0105365165        1.0000000014
102.5000        0.5332251086        0.1348087630        0.1108358204        0.0921411621        0.0772498758        0.0154439476        0.0136096711        0.0120537929        0.0106318600        1.0000000014
103.0000        0.5205331214        0.1387440166        0.1140863431        0.0948164569        0.0794323477        0.0156790459        0.0137964367        0.0121911036        0.0107211296        1.0000000014
103.5000        0.5076367851        0.1427509574        0.1173983635        0.0975421613        0.0816542413        0.0159117585        0.0139789430        0.0123227090        0.0108040824        1.0000000014
104.0000        0.4945440767        0.1468271338        0.1207701489        0.1003170033        0.0839145838        0.0161415874        0.0141567342        0.0124482484        0.0108804849        1.0000000014
104.5000        0.4812638556        0.1509697793        0.1241997210        0.1031395217        0.0862122592        0.0163680268        0.0143293559        0.0125673692        0.0109501128        1.0000000014
105.0000        0.4678058996        0.1551758008        0.1276848444        0.1060080569        0.0885460002        0.0165905643        0.0144963563        0.0126797275        0.0110127516        1.0000000014
105.5000        0.4541809385        0.1594417677        0.1312230170        0.1089207419        0.0909143813        0.0168086826        0.0146572876        0.0127849888        0.0110681961        1.0000000014
106.0000        0.4404006860        0.1637639025        0.1348114598        0.1118754938        0.0933158116        0.0170218608        0.0148117072        0.0128828289        0.0111162509        1.0000000014
106.5000        0.4264778685        0.1681380715        0.1384471079        0.1148700050        0.0957485273        0.0172295763        0.0149591791        0.0129729348        0.0111567311        1.0000000014
107.0000        0.4124262506        0.1725597778        0.1421266021        0.1179017355        0.0982105856        0.0174313062        0.0150992756        0.0130550056        0.0111894624        1.0000000014
107.5000        0.3982606570        0.1770241556        0.1458462815        0.1209679057        0.1006998578        0.0176265296        0.0152315786        0.0131287540        0.0112142817        1.0000000014
108.0000        0.3839969898        0.1815259658        0.1496021770        0.1240654893        0.1032140232        0.0178147295        0.0153556817        0.0131939070        0.0112310381        1.0000000014
108.5000        0.3696522411        0.1860595939        0.1533900065        0.1271912079        0.1057505641        0.0179953946        0.0154711918        0.0132502077        0.0112395939        1.0000000014
109.0000        0.3552444992        0.1906190499        0.1572051710        0.1303415255        0.1083067604        0.0181680222        0.0155777312        0.0132974164        0.0112398257        1.0000000014
109.5000        0.3407929493        0.1951979709        0.1610427526        0.1335126448        0.1108796857        0.0183321202        0.0156749396        0.0133353130        0.0112316254        1.0000000014
110.0000        0.5010101708        0.0355189648        0.0472315580        0.0658597053        0.0981499515        0.1007600702        0.0672892526        0.0480976036        0.0360827247        1.0000000014
110.5000        0.5010094650        0.0355180875        0.0472305338        0.0658584811        0.0981484389        0.1007617670        0.0672906541        0.0480988012        0.0360837729        1.0000000015
111.0000        0.5010057910        0.0355135206        0.0472252020        0.0658521076        0.0981405641        0.1007706014        0.0672979507        0.0481050353        0.0360892288        1.0000000015
111.5000        0.5009966508        0.0355021666        0.0472119443        0.0658362582        0.0981209790        0.1007925737        0.0673160970        0.0481205375        0.0361027944        1.0000000015
112.0000        0.5009795117        0.0354809143        0.0471871237        0.0658065802        0.0980843005        0.1008337295        0.0673500822        0.0481495667        0.0361281927        1.0000000015
112.5000        0.5009517870        0.0354466492        0.0471470944        0.0657587054        0.0980251208        0.1009001531        0.0674049251        0.0481964036        0.0361691629        1.0000000015
113.0000        0.5009108074        0.0353962651        0.0470882136        0.0656882623        0.0979380199        0.1009979628        0.0674856690        0.0482653465        0.0362294549        1.0000000015
113.5000        0.5008537844        0.0353266772        0.0470068545        0.0655908891        0.0978175804        0.1011333061        0.0675973776        0.0483607064        0.0363128257        1.0000000015
114.0000        0.5007777652        0.0352348366        0.0468994218        0.0654622498        0.0976584031        0.1013123547        0.0677451309        0.0484868040        0.0364230354        1.0000000015
114.5000        0.5006795796        0.0351177460        0.0467623671        0.0652980506        0.0974551259        0.1015412999        0.0679340218        0.0486479665        0.0365638442        1.0000000016
115.0000        0.5005557786        0.0349724779        0.0465922078        0.0650940592        0.0972024437        0.1018263481        0.0681691522        0.0488485241        0.0367390100        1.0000000016
115.5000        0.5004025673        0.0347961926        0.0463855466        0.0648461258        0.0968951311        0.1021737155        0.0684556295        0.0490928077        0.0369522855        1.0000000016
116.0000        0.5002157300        0.0345861591        0.0461390925        0.0645502051        0.0965280670        0.1025896227        0.0687985630        0.0493851459        0.0372074162        1.0000000016
116.5000        0.4999905502        0.0343397768        0.0458496839        0.0642023816        0.0960962615        0.1030802883        0.0692030594        0.0497298618        0.0375081381        1.0000000016
117.0000        0.4997217262        0.0340545975        0.0455143126        0.0637988950        0.0955948848        0.1036519221        0.0696742183        0.0501312701        0.0378581751        1.0000000016
117.5000        0.4994032818        0.0337283499        0.0451301497        0.0633361689        0.0950192984        0.1043107169        0.0702171267        0.0505936729        0.0382612364        1.0000000017
118.0000        0.4990284757        0.0333589639        0.0446945723        0.0628108395        0.0943650884        0.1050628391        0.0708368531        0.0511213561        0.0387210135        1.0000000017
118.5000        0.4985897086        0.0329445961        0.0442051909        0.0622197870        0.0936281001        0.1059144186        0.0715384398        0.0517185837        0.0392411769        1.0000000017
119.0000        0.4980784311        0.0324836553        0.0436598785        0.0615601674        0.0928044754        0.1068715354        0.0723268950        0.0523895925        0.0398253711        1.0000000017
119.5000        0.4974850530        0.0319748285        0.0430567992        0.0608294458        0.0918906907        0.1079402065        0.0732071827        0.0531385847        0.0404772107        1.0000000017
120.0000        0.4967988563        0.0314171062        0.0423944381        0.0600254302        0.0908835968        0.1091263694        0.0741842116        0.0539697200        0.0412002731        1.0000000017
120.5000        0.4960079138        0.0308098082        0.0416716299        0.0591463053        0.0897804598        0.1104358636        0.0752628220        0.0548871062        0.0419980928        1.0000000017
121.0000        0.4950990149        0.0301526072        0.0408875882        0.0581906673        0.0885790023        0.1118744105        0.0764477712        0.0558947881        0.0428741520        1.0000000017
121.5000        0.4940576012        0.0294455519        0.0400419331        0.0571575579        0.0872774452        0.1134475897        0.0777437164        0.0569967350        0.0438318714        1.0000000017
122.0000        0.5120714043        0.0177404508        0.0215328930        0.0267347406        0.0341645135        0.2442736101        0.0897201703        0.0379632302        0.0157989890        1.0000000017
122.5000        0.5070989545        0.0176173568        0.0213883795        0.0265624052        0.0339549805        0.2460109414        0.0910845428        0.0392090811        0.0170733599        1.0000000017
123.0000        0.5017474261        0.0174826825        0.0212304165        0.0263742101        0.0337263888        0.2478872388        0.0925561818        0.0405511381        0.0184443190        1.0000000017
123.5000        0.4960140206        0.0173343762        0.0210567257        0.0261675989        0.0334758311        0.2499093796        0.0941387958        0.0419912084        0.0199120653        1.0000000017
124.0000        0.4898966039        0.0171704667        0.0208651162        0.0259401116        0.0332005088        0.2520838518        0.0958358266        0.0435308918        0.0214766243        1.0000000016
124.5000        0.4833937198        0.0169890825        0.0206535051        0.0256894064        0.0328977550        0.2544167097        0.0976504223        0.0451715638        0.0231378370        1.0000000016
125.0000        0.4765046054        0.0167884735        0.0204199390        0.0254132823        0.0325650587        0.2569135277        0.0995854098        0.0469143565        0.0248953487        1.0000000016
125.5000        0.4692292106        0.0165670314        0.0201626164        0.0251097030        0.0322000901        0.2595793514        0.1016432642        0.0487601391        0.0267485953        1.0000000016
126.0000        0.4615682220        0.0163233116        0.0198799104        0.0247768206        0.0318007268        0.2624186461        0.1038260777        0.0507094966        0.0286967897        1.0000000015
126.5000        0.4535230909        0.0160560551        0.0195703918        0.0244130007        0.0313650807        0.2654352431        0.1061355265        0.0527627071        0.0307389056        1.0000000015
127.0000        0.4450960685        0.0157642096        0.0192328517        0.0240168467        0.0308915245        0.2686322838        0.1085728361        0.0549197187        0.0328736617        1.0000000014
127.5000        0.4362902473        0.0154469510        0.0188663245        0.0235872249        0.0303787188        0.2720121611        0.1111387458        0.0571801246        0.0350995034        1.0000000014
128.0000        0.4271096099        0.0151037027        0.0184701095        0.0231232875        0.0298256391        0.2755764602        0.1138334705        0.0595431372        0.0374145847        1.0000000014
128.5000        0.4175590874        0.0147341550        0.0180437915        0.0226244967        0.0292316010        0.2793258963        0.1166566636        0.0620075613        0.0398167486        1.0000000013
129.0000        0.4076446260        0.0143382815        0.0175872601        0.0220906455        0.0285962850        0.2832602526        0.1196073766        0.0645717672        0.0423035068        1.0000000013
129.5000        0.3973732649        0.0139163546        0.0171007268        0.0215218777        0.0279197599        0.2873783163        0.1226840201        0.0672336622        0.0448720188        1.0000000013
130.0000        0.3867532239        0.0134689569        0.0165847396        0.0209187057        0.0272025027        0.2916778154        0.1258843232        0.0699906626        0.0475190711        1.0000000013
130.5000        0.3757940026        0.0129969912        0.0160401952        0.0202820249        0.0264454178        0.2961553556        0.1292052936        0.0728396651        0.0502410553        1.0000000013
131.0000        0.3645064912        0.0125016856        0.0154683468        0.0196131255        0.0256498511        0.3008063575        0.1326431779        0.0757770185        0.0530339473        1.0000000013
131.5000        0.3529030923        0.0119845962        0.0148708094        0.0189137000        0.0248176022        0.3056249968        0.1361934227        0.0787984962        0.0558932855        1.0000000013
132.0000        0.3409978549        0.0114476038        0.0142495603        0.0181858471        0.0239509307        0.3106041467        0.1398506376        0.0818992690        0.0588141512        1.0000000013
132.5000        0.3288066177        0.0108929077        0.0136069341        0.0174320702        0.0230525591        0.3157353235        0.1436085602        0.0850738803        0.0617911484        1.0000000013
133.0000        0.3163471639        0.0103230134        0.0129456146        0.0166552715        0.0221256698        0.3210086379        0.1474600227        0.0883162216        0.0648183858        1.0000000013
133.5000        0.3036393832        0.0097407158        0.0122686193        0.0158587400        0.0211738962        0.3264127510        0.1513969239        0.0916195115        0.0678894605        1.0000000014
134.0000        0.2907054413        0.0091490766        0.0115792797        0.0150461340        0.0202013082        0.3319348380        0.1554102032        0.0949762770        0.0709974434        1.0000000014
134.5000        0.2775699537        0.0085513967        0.0108812157        0.0142214571        0.0192123904        0.3375605605        0.1594898212        0.0983783386        0.0741348677        1.0000000014
135.0000        0.2642601619        0.0079511830        0.0101783032        0.0133890284        0.0182120143        0.3432740473        0.1636247452        0.1018167984        0.0772937198        1.0000000015
135.5000        0.2508061071        0.0073521101        0.0094746371        0.0125534458        0.0172054028        0.3490578876        0.1678029419        0.1052820344        0.0804654347        1.0000000015
136.0000        0.2372407992        0.0067579767        0.0087744875        0.0117195430        0.0161980873        0.3548931362        0.1720113772        0.1087636991        0.0836408952        1.0000000015
136.5000        0.2236003761        0.0061726576        0.0080822515        0.0108923403        0.0151958584        0.3607593325        0.1762360257        0.1122507244        0.0868104351        1.0000000016
137.0000        0.2099242474        0.0056000512        0.0074023988        0.0100769889        0.0142047084        0.3666345355        0.1804618883        0.1157313337        0.0899638493        1.0000000016
137.5000        0.1962552179        0.0050440241        0.0067394138        0.0092787104        0.0132307679        0.3724953760        0.1846730220        0.1191930611        0.0930904084        1.0000000016
138.0000        0.1826395847        0.0045083525        0.0060977325        0.0085027301        0.0122802353        0.3783171267        0.1888525804        0.1226227791        0.0961788803        1.0000000016
138.5000        0.1691272002        0.0039966616        0.0054816782        0.0077542067        0.0113593005        0.3840737932        0.1929828669        0.1260067353        0.0992175589        1.0000000016
139.0000        0.1557714952        0.0035123647        0.0048953928        0.0070381580        0.0104740634        0.3897382259        0.1970454019        0.1293305992        0.1021943006        1.0000000016
139.5000        0.1426294536        0.0030586022        0.0043427690        0.0063593839        0.0096304486        0.3952822539        0.2010210033        0.1325795184        0.1050965686        1.0000000015
140.0000        0.1297615324        0.0026381826        0.0038273815        0.0057223888        0.0088341161        0.4006768434        0.2048898837        0.1357381869        0.1079114858        1.0000000015
140.5000        0.1172315175        0.0022535262        0.0033524204        0.0051313027        0.0080903708        0.4058922803        0.2086317617        0.1387909242        0.1106258977        1.0000000014
141.0000        0.1051063094        0.0019066131        0.0029206266        0.0045898044        0.0074040710        0.4108983768        0.2122259907        0.1417217664        0.1132264430        1.0000000013
141.5000        0.0934556314        0.0015989369        0.0025342331        0.0041010479        0.0067795380        0.4156647048        0.2156517035        0.1445145697        0.1156996360        1.0000000012
142.0000        0.0823516519        0.0013314662        0.0021949109        0.0036675920        0.0062204690        0.4201608533        0.2188879746        0.1471531263        0.1180319570        1.0000000012
142.5000        0.0766248520        0.0048693890        0.0068631026        0.0098896268        0.0146444834        0.4413244103        0.2140420726        0.1333409913        0.0984010732        1.0000000011
143.0000        0.0770762627        0.0046744866        0.0066329522        0.0096199686        0.0143300410        0.4415844713        0.2141426637        0.1334078172        0.0985313378        1.0000000011
143.5000        0.0775220144        0.0044752802        0.0063959055        0.0093403428        0.0140019837        0.4418753442        0.2142556334        0.1334768703        0.0986566267        1.0000000011
144.0000        0.0779485720        0.0042722498        0.0061523504        0.0090509992        0.0136603674        0.4422016824        0.2143841794        0.1335506209        0.0987789797        1.0000000012
144.5000        0.0783421358        0.0040659547        0.0059027693        0.0087522954        0.0133053689        0.4425680723        0.2145314669        0.1336315184        0.0989004196        1.0000000012
145.0000        0.0786887313        0.0038570325        0.0056477406        0.0084447028        0.0129372951        0.4429789892        0.2147006004        0.1337219723        0.0990229370        1.0000000012
145.5000        0.0789743142        0.0036461971        0.0053879398        0.0081288102        0.0125565907        0.4434387499        0.2148945946        0.1338243309        0.0991484738        1.0000000012
146.0000        0.0791848906        0.0034342349        0.0051241384        0.0078053258        0.0121638437        0.4439514620        0.2151163419        0.1339408583        0.0992789055        1.0000000012
146.5000        0.0793066531        0.0032219988        0.0048572001        0.0074750773        0.0117597898        0.4445209703        0.2153685789        0.1340737106        0.0994160223        1.0000000012
147.0000        0.0793261312        0.0030104007        0.0045880761        0.0071390094        0.0113453137        0.4451508014        0.2156538502        0.1342249097        0.0995615089        1.0000000013
147.5000        0.0792303561        0.0028004017        0.0043177972        0.0067981796        0.0109214481        0.4458441061        0.2159744719        0.1343963166        0.0997169239        1.0000000013
148.0000        0.0790070382        0.0025930010        0.0040474646        0.0064537510        0.0104893702        0.4466036015        0.2163324930        0.1345896040        0.0998836778        1.0000000013
148.5000        0.0786447550        0.0023892230        0.0037782378        0.0061069823        0.0100503952        0.4474315121        0.2167296573        0.1348062275        0.1000630110        1.0000000013
149.0000        0.0781331478        0.0021901028        0.0035113212        0.0057592165        0.0096059667        0.4483295123        0.2171673647        0.1350473977        0.1002559717        1.0000000014
149.5000        0.0774631243        0.0019966706        0.0032479486        0.0054118658        0.0091576443        0.4492986702        0.2176466329        0.1353140517        0.1004633930        1.0000000014
150.0000        0.0766270640        0.0018099354        0.0029893658        0.0050663949        0.0087070885        0.4503393943        0.2181680616        0.1356068254        0.1006858715        1.0000000014
150.5000        0.0756190216        0.0016308681        0.0027368130        0.0047243028        0.0082560421        0.4514513838        0.2187317966        0.1359260273        0.1009237461        1.0000000014
151.0000        0.0744349263        0.0014603843        0.0024915047        0.0043871016        0.0078063096        0.4526335845        0.2193374990        0.1362716135        0.1011770779        1.0000000014
151.5000        0.0730727700        0.0012993278        0.0022546109        0.0040562950        0.0073597339        0.4538841505        0.2199843155        0.1366431654        0.1014456324        1.0000000015
152.0000        0.0715327817        0.0011484548        0.0020272370        0.0037333555        0.0069181710        0.4552004136        0.2206708553        0.1370398699        0.1017288626        1.0000000015
152.5000        0.0698175815        0.0010084195        0.0018104047        0.0034197008        0.0064834636        0.4565788619        0.2213951704        0.1374605029        0.1020258962        1.0000000015
153.0000        0.0679323092        0.0008797617        0.0016050342        0.0031166711        0.0060574126        0.4580151283        0.2221547426        0.1379034177        0.1023355241        1.0000000015
153.5000        0.0658847227        0.0007628960        0.0014119276        0.0028255062        0.0056417494        0.4595039906        0.2229464781        0.1383665368        0.1026561941        1.0000000015
154.0000        0.0636852603        0.0006581053        0.0012317549        0.0025473246        0.0052381076        0.4610393836        0.2237667082        0.1388473502        0.1029860069        1.0000000016
154.5000        0.0613470620        0.0005655354        0.0010650422        0.0022831041        0.0048479955        0.4626144258        0.2246111998        0.1393429185        0.1033227182        1.0000000016
155.0000        0.0588859452        0.0004851951        0.0009121636        0.0020336653        0.0044727707        0.4642214599        0.2254751739        0.1398498835        0.1036637442        1.0000000016
155.5000        0.0563203307        0.0004169587        0.0007733362        0.0017996580        0.0041136168        0.4658521086        0.2263533351        0.1403644842        0.1040061734        1.0000000016
156.0000        0.0536711151        0.0003605725        0.0006486198        0.0015815511        0.0037715225        0.4674973465        0.2272399096        0.1408825816        0.1043467829        1.0000000016
156.5000        0.0509614882        0.0003156659        0.0005379195        0.0013796275        0.0034472660        0.4691475877        0.2281286953        0.1413996896        0.1046820619        1.0000000016
157.0000        0.0482166927        0.0002817651        0.0004409942        0.0011939824        0.0031414021        0.4707927898        0.2290131209        0.1419110148        0.1050082396        1.0000000016
157.5000        0.0454637262        0.0002583111        0.0003574676        0.0010245273        0.0028542548        0.4724225732        0.2298863172        0.1424115035        0.1053213208        1.0000000016
158.0000        0.0427309877        0.0002446800        0.0002868450        0.0008709982        0.0025859164        0.4740263555        0.2307411971        0.1428958961        0.1056171258        1.0000000016
158.5000        0.0400478689        0.0002402058        0.0002285326        0.0007329696        0.0023362501        0.4755934998        0.2315705470        0.1433587897        0.1058913381        1.0000000016
159.0000        0.0374442973        0.0002442054        0.0001818605        0.0006098724        0.0021049008        0.4771134755        0.2323671259        0.1437947075        0.1061395563        1.0000000016
159.5000        0.0349502337        0.0002560040        0.0001461087        0.0005010164        0.0018913101        0.4785760289        0.2331237736        0.1441981742        0.1063573519        1.0000000016
160.0000        0.0427947717        0.0002986286        0.0002017823        0.0005981253        0.0020753580        0.4756801216        0.2309125571        0.1424849591        0.1049536977        1.0000000016
160.5000        0.0428233163        0.0003318518        0.0001794086        0.0004938759        0.0018586363        0.4763128071        0.2310164617        0.1423268893        0.1046567546        1.0000000016
161.0000        0.0428215868        0.0003739019        0.0001672716        0.0004002892        0.0016517248        0.4769579390        0.2311198150        0.1421609553        0.1043465178        1.0000000016
161.5000        0.0427791134        0.0004245823        0.0001654113        0.0003176436        0.0014551108        0.4776189165        0.2312251388        0.1419892329        0.1040248520        1.0000000016
162.0000        0.0426858300        0.0004836336        0.0001738182        0.0002461933        0.0012692930        0.4782989551        0.2313348811        0.1418137740        0.1036936233        1.0000000016
162.5000        0.0425322823        0.0005507287        0.0001924253        0.0001861573        0.0010947704        0.4790010181        0.2314513712        0.1416365741        0.1033546742        1.0000000016
163.0000        0.0423098372        0.0006254692        0.0002211002        0.0001377087        0.0009320291        0.4797277486        0.2315767736        0.1414595382        0.1030097967        1.0000000015
163.5000        0.0420108887        0.0007073837        0.0002596388        0.0001009639        0.0007815291        0.4804814032        0.2317130425        0.1412844470        0.1026607047        1.0000000015
164.0000        0.0416290551        0.0007959284        0.0003077604        0.0000759727        0.0006436898        0.4812637889        0.2318618772        0.1411129224        0.1023090066        1.0000000015
164.5000        0.0411593630        0.0008904902        0.0003651051        0.0000627100        0.0005188771        0.4820762045        0.2320246793        0.1409463942        0.1019561781        1.0000000015
165.0000        0.0405984114        0.0009903914        0.0004312330        0.0000610691        0.0004073893        0.4829193897        0.2322025133        0.1407860686        0.1016035357        1.0000000015
165.5000        0.0399445108        0.0010948985        0.0005056267        0.0000708563        0.0003094463        0.4837934810        0.2323960714        0.1406328990        0.1012522115        1.0000000015
166.0000        0.0391977930        0.0012032319        0.0005876954        0.0000917892        0.0002251787        0.4846979792        0.2326056437        0.1404875596        0.1009031307        1.0000000014
166.5000        0.0383602864        0.0013145787        0.0006767831        0.0001234968        0.0001546199        0.4856317270        0.2328310949        0.1403504236        0.1005569910        1.0000000014
167.0000        0.0374359523        0.0014281077        0.0007721779        0.0001655226        0.0000977008        0.4865929007        0.2330718482        0.1402215454        0.1002142456        1.0000000014
167.5000        0.0364306792        0.0015429853        0.0008731251        0.0002173313        0.0000542475        0.4875790159        0.2333268780        0.1401006492        0.0998750900        1.0000000014
168.0000        0.0353522323        0.0016583927        0.0009788418        0.0002783175        0.0000239817        0.4885869479        0.2335947117        0.1399871227        0.0995394531        1.0000000014
168.5000        0.0342101581        0.0017735439        0.0010885331        0.0003478179        0.0000065253        0.4896129695        0.2338734418        0.1398800185        0.0992069933        1.0000000013
169.0000        0.0330156405        0.0018877032        0.0012014100        0.0004251258        0.0000014076        0.4906528043        0.2341607480        0.1397780622        0.0988770998        1.0000000013
169.5000        0.0317813138        0.0020002012        0.0013167076        0.0005095075        0.0000080767        0.4917016964        0.2344539304        0.1396796683        0.0985488994        1.0000000013
170.0000        0.0305210306        0.0021104500        0.0014337027        0.0006002205        0.0000259135        0.4927544972        0.2347499538        0.1395829639        0.0982212692        1.0000000013
170.5000        0.0292495911        0.0022179553        0.0015517312        0.0006965320        0.0000542479        0.4938057662        0.2350455020        0.1394858197        0.0978928559        1.0000000013
171.0000        0.0279824371        0.0023223251        0.0016702032        0.0007977383        0.0000923785        0.4948498866        0.2353370428        0.1393858899        0.0975620998        1.0000000013
171.5000        0.0267353178        0.0024232750        0.0017886156        0.0009031829        0.0001395924        0.4958811917        0.2356209018        0.1392806579        0.0972272662        1.0000000013
172.0000        0.0255239334        0.0025206292        0.0019065614        0.0010122728        0.0001951864        0.4968941022        0.2358933450        0.1391674901        0.0968864808        1.0000000013
172.5000        0.0243635664        0.0026143164        0.0020237353        0.0011244931        0.0002584882        0.4978832690        0.2361506671        0.1390436942        0.0965377714        1.0000000012
173.0000        0.0232687089        0.0027043615        0.0021399343        0.0012394181        0.0003288759        0.4988437198        0.2363892854        0.1389065840        0.0961791133        1.0000000012
173.5000        0.0222526949        0.0027908719        0.0022550541        0.0013567178        0.0004057958        0.4997710055        0.2366058364        0.1387535462        0.0958084786        1.0000000012
174.0000        0.0213273493        0.0028740204        0.0023690801        0.0014761607        0.0004887774        0.5006613419        0.2367972727        0.1385821106        0.0954238881        1.0000000012
174.5000        0.0205026621        0.0029540233        0.0024820737        0.0015976113        0.0005774444        0.5015117429        0.2369609578        0.1383900204        0.0950234652        1.0000000012
175.0000        0.0197864994        0.0030311163        0.0025941538        0.0017210227        0.0006715210        0.5023201405        0.2370947562        0.1381753015        0.0946054898        1.0000000012
175.5000        0.0191843584        0.0031055281        0.0027054749        0.0018464233        0.0007708334        0.5030854876        0.2371971162        0.1379363280        0.0941684512        1.0000000012
176.0000        0.0186991773        0.0031774530        0.0028162017        0.0019738994        0.0008753055        0.5038078391        0.2372671416        0.1376718842        0.0937110995        1.0000000012
176.5000        0.0183312053        0.0032470244        0.0029264814        0.0021035735        0.0009849495        0.5044884067        0.2373046507        0.1373812174        0.0932324923        1.0000000012
177.0000        0.0180779406        0.0033142902        0.0030364157        0.0022355782        0.0010998502        0.5051295861        0.2373102194        0.1370640839        0.0927320370        1.0000000012
177.5000        0.0179341387        0.0033791915        0.0031460332        0.0023700289        0.0012201448        0.5057349499        0.2372852060        0.1367207826        0.0922095257        1.0000000012
178.0000        0.0178918956        0.0034415460        0.0032552638        0.0025069941        0.0013459986        0.5063092084        0.2372317554        0.1363521765        0.0916651628        1.0000000012
178.5000        0.0179408042        0.0035010378        0.0033639169        0.0026464671        0.0014775760        0.5068581335        0.2371527826        0.1359597004        0.0910995829        1.0000000012
179.0000        0.0180681843        0.0035572133        0.0034716640        0.0027883381        0.0016150110        0.5073884473        0.2370519316        0.1355453532        0.0905138585        1.0000000012
179.5000        0.0182593807        0.0036094861        0.0035780288        0.0029323713        0.0017583755        0.5079076759        0.2369335124        0.1351116738        0.0899094966        1.0000000012
180.0000        0.0184981247        0.0036571487        0.0036823837        0.0030781853        0.0019076495        0.5084239705        0.2368024147        0.1346617013        0.0892884228        1.0000000012
180.5000        0.0187669505        0.0036993927        0.0037839545        0.0032252411        0.0020626930        0.5089458986        0.2366639987        0.1341989178        0.0886529542        1.0000000012
181.0000        0.0190476569        0.0037353370        0.0038818346        0.0033728365        0.0022232226        0.5094822118        0.2365239667        0.1337271762        0.0880057589        1.0000000013
181.5000        0.0193218028        0.0037640617        0.0039750064        0.0035201101        0.0023887934        0.5100415929        0.2363882168        0.1332506125        0.0873498047        1.0000000013
182.0000        0.0195712240        0.0037846478        0.0040623720        0.0036660528        0.0025587887        0.5106323929        0.2362626819        0.1327735456        0.0866882956        1.0000000013
182.5000        0.0197785570        0.0037962199        0.0041427898        0.0038095297        0.0027324176        0.5112623631        0.2361531596        0.1323003654        0.0860245992        1.0000000013
183.0000        0.0173194806        0.0037280430        0.0041547693        0.0039121366        0.0029053450        0.5132229563        0.2368437528        0.1323018022        0.0856117154        1.0000000013
183.5000        0.0171742995        0.0037129177        0.0042061661        0.0040314102        0.0030676312        0.5139921220        0.2368525481        0.1319287200        0.0850341864        1.0000000013
184.0000        0.0170271622        0.0036902108        0.0042503120        0.0041461525        0.0032302198        0.5147772431        0.2368670851        0.1315562336        0.0844553822        1.0000000013
184.5000        0.0168729506        0.0036598080        0.0042868112        0.0042557850        0.0033925234        0.5155807338        0.2368892182        0.1311857619        0.0838764091        1.0000000013
185.0000        0.0167069991        0.0036216569        0.0043153044        0.0043597280        0.0035539162        0.5164046782        0.2369206627        0.1308186791        0.0832983767        1.0000000013
185.5000        0.0165252438        0.0035757785        0.0043354833        0.0044574149        0.0037137426        0.5172507551        0.2369629391        0.1304562741        0.0827223700        1.0000000014
186.0000        0.0163243584        0.0035222757        0.0043471055        0.0045483082        0.0038713299        0.5181201727        0.2370173212        0.1300997107        0.0821494192        1.0000000014
186.5000        0.0161018717        0.0034613397        0.0043500068        0.0046319160        0.0040260027        0.5190136162        0.2370847887        0.1297499893        0.0815804703        1.0000000014
187.0000        0.0158562631        0.0033932529        0.0043441120        0.0047078073        0.0041770988        0.5199312111        0.2371659879        0.1294079117        0.0810163565        1.0000000014
187.5000        0.0155870311        0.0033183877        0.0043294425        0.0047756267        0.0043239863        0.5208725048        0.2372612014        0.1290740502        0.0804577706        1.0000000014
188.0000        0.0152947324        0.0032372017        0.0043061201        0.0048351065        0.0044660808        0.5218364679        0.2373703278        0.1287487227        0.0799052415        1.0000000014
188.5000        0.0149809884        0.0031502291        0.0042743668        0.0048860762        0.0046028611        0.5228215167        0.2374928752        0.1284319747        0.0793591133        1.0000000014
189.0000        0.0146484567        0.0030580680        0.0042345005        0.0049284679        0.0047338840        0.5238255574        0.2376279672        0.1281235696        0.0788195301        1.0000000014
189.5000        0.0143007685        0.0029613650        0.0041869261        0.0049623174        0.0048587960        0.5248460517        0.2377743624        0.1278229882        0.0782864260        1.0000000014
190.0000        0.0139424284        0.0028607975        0.0041321229        0.0049877612        0.0049773411        0.5258801022        0.2379304892        0.1275294373        0.0777595217        1.0000000014
190.5000        0.0135786820        0.0027570543        0.0040706278        0.0050050285        0.0050893648        0.5269245553        0.2380944930        0.1272418684        0.0772383273        1.0000000014
191.0000        0.0132153501        0.0026508159        0.0040030171        0.0050144289        0.0051948135        0.5279761194        0.2382642972        0.1269590065        0.0767221529        1.0000000015
191.5000        0.0128586357        0.0025427354        0.0039298848        0.0050163359        0.0052937289        0.5290314930        0.2384376737        0.1266793879        0.0762101262        1.0000000015
192.0000        0.0125149070        0.0024334217        0.0038518217        0.0050111675        0.0053862371        0.5300874996        0.2386123239        0.1264014061        0.0757012168        1.0000000015
192.5000        0.0121904634        0.0023234254        0.0037693939        0.0049993642        0.0054725335        0.5311412231        0.2387859647        0.1261233659        0.0751942675        1.0000000015
193.0000        0.0118912920        0.0022132281        0.0036831246        0.0049813662        0.0055528639        0.5321901373        0.2389564174        0.1258435414        0.0746880305        1.0000000015
193.5000        0.0116228224        0.0021032372        0.0035934774        0.0049575908        0.0056275023        0.5332322260        0.2391216971        0.1255602392        0.0741812092        1.0000000015
194.0000        0.0113896892        0.0019937849        0.0035008447        0.0049284107        0.0056967266        0.5342660848        0.2392800963        0.1252718616        0.0736725029        1.0000000015
194.5000        0.0111955124        0.0018851327        0.0034055407        0.0048941366        0.0057607944        0.5352910014        0.2394302617        0.1249769684        0.0731606531        1.0000000015
195.0000        0.0110427049        0.0017774807        0.0033078004        0.0048550026        0.0058199195        0.5363070084        0.2395712584        0.1246743362        0.0726444905        1.0000000015
195.5000        0.0109323176        0.0016709807        0.0032077836        0.0048111579        0.0058742502        0.5373149045        0.2397026183        0.1243630091        0.0721229797        1.0000000015
196.0000        0.0108639311        0.0015657531        0.0031055853        0.0047626637        0.0059238523        0.5383162419        0.2398243713        0.1240423419        0.0715952608        1.0000000015
196.5000        0.0108356016        0.0014619057        0.0030012505        0.0047094971        0.0059686973        0.5393132782        0.2399370545        0.1237120310        0.0710606855        1.0000000015
197.0000        0.0108438685        0.0013595533        0.0028947934        0.0046515610        0.0060086561        0.5403088922        0.2400416992        0.1233721323        0.0705188456        1.0000000015
197.5000        0.0108838272        0.0012588357        0.0027862194        0.0045887001        0.0060435001        0.5413064670        0.2401397949        0.1230230637        0.0699695934        1.0000000015
198.0000        0.0109492692        0.0011599348        0.0026755488        0.0045207223        0.0060729096        0.5423097426        0.2402332301        0.1226655926        0.0694130515        1.0000000015
198.5000        0.0110328885        0.0010630864        0.0025628394        0.0044474235        0.0060964894        0.5433226439        0.2403242120        0.1223008062        0.0688496124        1.0000000015
199.0000        0.0111265493        0.0009685882        0.0024482075        0.0043686151        0.0061137898        0.5443490914        0.2404151671        0.1219300672        0.0682799259        1.0000000015
199.5000        0.0112216082        0.0008768018        0.0023318455        0.0042841520        0.0061243346        0.5453928025        0.2405086266        0.1215549542        0.0677048760        1.0000000015
200.0000        0.0113092783        0.0007881486        0.0022140339        0.0041939592        0.0061276512        0.5464570928        0.2406071013        0.1211771904        0.0671255458        1.0000000015
200.5000        0.0113810218        0.0007030997        0.0020951470        0.0040980546        0.0061233038        0.5475446875        0.2407129517        0.1207985618        0.0665431736        1.0000000015
201.0000        0.0114289531        0.0006221603        0.0019756521        0.0039965676        0.0061109260        0.5486575530        0.2408282589        0.1204208300        0.0659591004        1.0000000015
201.5000        0.0114462333        0.0005458505        0.0018561016        0.0038897504        0.0060902507        0.5497967591        0.2409547038        0.1200456416        0.0653747103        1.0000000015
202.0000        0.0114274355        0.0004746823        0.0017371177        0.0037779817        0.0060611362        0.5509623794        0.2410934597        0.1196744402        0.0647913687        1.0000000015
202.5000        0.0113688596        0.0004091361        0.0016193721        0.0036617623        0.0060235845        0.5521534389        0.2412451059        0.1193083843        0.0642103578        1.0000000015
203.0000        0.0112687759        0.0003496376        0.0015035606        0.0035417026        0.0059777526        0.5533679133        0.2414095675        0.1189482758        0.0636328154        1.0000000015
203.5000        0.0111275811        0.0002965382        0.0013903756        0.0034185019        0.0059239540        0.5546027828        0.2415860854        0.1185945041        0.0630596783        1.0000000015
204.0000        0.0109478498        0.0002500990        0.0012804777        0.0032929219        0.0058626499        0.5558541411        0.2417732210        0.1182470079        0.0624916332        1.0000000014
204.5000        0.0107342733        0.0002104815        0.0011744687        0.0031657548        0.0057944315        0.5571173573        0.2419688961        0.1179052588        0.0619290794        1.0000000014
205.0000        0.0104934808        0.0001777453        0.0010728688        0.0030377898        0.0057199928        0.5583872826        0.2421704683        0.1175682691        0.0613721039        1.0000000014
205.5000        0.0102337450        0.0001518524        0.0009760993        0.0029097783        0.0056400963        0.5596584954        0.2423748402        0.1172346224        0.0608204720        1.0000000014
206.0000        0.0099645811        0.0001326794        0.0008844720        0.0027824027        0.0055555338        0.5609255713        0.2425785974        0.1169025298        0.0602736339        1.0000000014
206.5000        0.0096962559        0.0001200358        0.0007981873        0.0026562489        0.0054670840        0.5621833649        0.2427781700        0.1165699069        0.0597307478        1.0000000014
207.0000        0.0094392299        0.0001136865        0.0007173399        0.0025317871        0.0053754713        0.5634272873        0.2429700098        0.1162344706        0.0591907191        1.0000000014
207.5000        0.0092035612        0.0001133773        0.0006419329        0.0024093598        0.0052813274        0.5646535642        0.2431507736        0.1158938510        0.0586522540        1.0000000014
208.0000        0.0089983040        0.0001188604        0.0005718983        0.0022891805        0.0051851602        0.5658594564        0.2433175030        0.1155457121        0.0581139267        1.0000000014
208.5000        0.0088309389        0.0001299180        0.0005071221        0.0021713416        0.0050873301        0.5670434305        0.2434677901        0.1151878758        0.0575742542        1.0000000014
209.0000        0.0087068715        0.0001463806        0.0004474729        0.0020558322        0.0049880391        0.5682052646        0.2435999189        0.1148184429        0.0570317787        1.0000000014
209.5000        0.0086290336        0.0001681389        0.0003928292        0.0019425627        0.0048873306        0.5693460803        0.2437129726        0.1144359030        0.0564851506        1.0000000014
210.0000        0.0085976196        0.0001951477        0.0003431051        0.0018313971        0.0047851021        0.5704682953        0.2438068991        0.1140392270        0.0559332084        1.0000000014
210.5000        0.0086099813        0.0002274208        0.0002982704        0.0017221864        0.0046811300        0.5715754957        0.2438825285        0.1136279361        0.0553750522        1.0000000014
211.0000        0.0086606966        0.0002650166        0.0002583635        0.0016148043        0.0045751039        0.5726722308        0.2439415390        0.1132021428        0.0548101039        1.0000000014
211.5000        0.0087418180        0.0003080169        0.0002234957        0.0015091788        0.0044666691        0.5737637406        0.2439863710        0.1127625582        0.0542381530        1.0000000014
212.0000        0.0088432940        0.0003564994        0.0001938462        0.0014053191        0.0043554728        0.5748556287        0.2440200924        0.1123104663        0.0536593824        1.0000000014
212.5000        0.0089535441        0.0004105071        0.0001696475        0.0013033335        0.0042412120        0.5759535000        0.2440462200        0.1118476633        0.0530743738        1.0000000014
213.0000        0.0090601580        0.0004700184        0.0001511646        0.0012034381        0.0041236772        0.5770625835        0.2440685071        0.1113763644        0.0524840901        1.0000000014
213.5000        0.0091506767        0.0005349197        0.0001386662        0.0011059548        0.0040027895        0.5781873654        0.2440907088        0.1108990836        0.0518898366        1.0000000014
214.0000        0.0092134088        0.0006049856        0.0001323950        0.0010112980        0.0038786277        0.5793312564        0.2441163385        0.1104184907        0.0512932006        1.0000000014
214.5000        0.0092382250        0.0006798677        0.0001325367        0.0009199522        0.0037514426        0.5804963166        0.2441484319        0.1099372552        0.0506959737        1.0000000014
215.0000        0.0092172773        0.0007590948        0.0001391930        0.0008324418        0.0036216562        0.5816830605        0.2441893328        0.1094578848        0.0501000602        1.0000000013
215.5000        0.0091455879        0.0008420858        0.0001523616        0.0007492958        0.0034898477        0.5828903586        0.2442405171        0.1089825701        0.0495073768        1.0000000013
216.0000        0.0090214602        0.0009281732        0.0001719241        0.0006710117        0.0033567245        0.5841154470        0.2443024679        0.1085130440        0.0489197488        1.0000000013
216.5000        0.0088466761        0.0010166371        0.0001976459        0.0005980204        0.0032230825        0.5853540495        0.2443746125        0.1080504673        0.0483388099        1.0000000013
217.0000        0.0086264553        0.0011067463        0.0002291866        0.0005306579        0.0030897578        0.5866006103        0.2444553284        0.1075953472        0.0477659116        1.0000000013
217.5000        0.0083691693        0.0011978023        0.0002661211        0.0004691437        0.0029575745        0.5878486246        0.2445420214        0.1071474970        0.0472020474        1.0000000013
218.0000        0.0080858221        0.0012891815        0.0003079704        0.0004135720        0.0028272927        0.5890910500        0.2446312740        0.1067060403        0.0466477983        1.0000000013
218.5000        0.0077893241        0.0013803729        0.0003542371        0.0003639125        0.0026995618        0.5903207728        0.2447190559        0.1062694617        0.0461033026        1.0000000013
219.0000        0.0077272435        0.0014568767        0.0003942618        0.0003266811        0.0026011019        0.5911934592        0.2447201230        0.1058978756        0.0456823784        1.0000000013
219.5000        0.0076690394        0.0015510702        0.0004477147        0.0002853692        0.0024797911        0.5923075024        0.2447170745        0.1054111699        0.0451312699        1.0000000013
220.0000        0.0076025710        0.0016456583        0.0005056373        0.0002491580        0.0023596996        0.5934221354        0.2447107848        0.1049219070        0.0445824499        1.0000000013
220.5000        0.0075252795        0.0017401849        0.0005677878        0.0002181405        0.0022410934        0.5945378222        0.2447021999        0.1044309795        0.0440365135        1.0000000013
221.0000        0.0074353497        0.0018341769        0.0006338826        0.0001923863        0.0021242665        0.5956545543        0.2446920556        0.1039392369        0.0434940927        1.0000000013
221.5000        0.0073318646        0.0019271580        0.0007035997        0.0001719331        0.0020095311        0.5967718291        0.2446808227        0.1034474362        0.0429558269        1.0000000013
222.0000        0.0072148971        0.0020186641        0.0007765858        0.0001567816        0.0018972051        0.5978886667        0.2446686714        0.1029561978        0.0424223319        1.0000000013
222.5000        0.0070855270        0.0021082590        0.0008524661        0.0001468917        0.0017875980        0.5990036649        0.2446554552        0.1024659699        0.0418941695        1.0000000013
223.0000        0.0069457805        0.0021955486        0.0009308573        0.0001421831        0.0016809976        0.6001150886        0.2446407210        0.1019770046        0.0413718199        1.0000000013
223.5000        0.0067984951        0.0022801922        0.0010113805        0.0001425380        0.0015776577        0.6012209911        0.2446237413        0.1014893471        0.0408556584        1.0000000013
224.0000        0.0066471170        0.0023619091        0.0010936739        0.0001478085        0.0014777886        0.6023193554        0.2446035697        0.1010028401        0.0403459390        1.0000000013
224.5000        0.0064954464        0.0024404805        0.0011774046        0.0001578249        0.0013815512        0.6034082492        0.2445791156        0.1005171436        0.0398427853        1.0000000013
225.0000        0.0063473489        0.0025157453        0.0012622759        0.0001724060        0.0012890556        0.6044859781        0.2445492330        0.1000317685        0.0393461900        1.0000000013
225.5000        0.0062064555        0.0025875907        0.0013480315        0.0001913704        0.0012003639        0.6055512275        0.2445128168        0.0995461219        0.0388560231        1.0000000013
226.0000        0.0060758758        0.0026559384        0.0014344540        0.0002145454        0.0011154970        0.6066031795        0.2444688998        0.0990595624        0.0383720489        1.0000000013
226.5000        0.0059579475        0.0027207274        0.0015213593        0.0002417751        0.0010344457        0.6076415945        0.2444167426        0.0985714596        0.0378939497        1.0000000013
227.0000        0.0058540447        0.0027818957        0.0016085860        0.0002729244        0.0009571825        0.6086668492        0.2443559079        0.0980812546        0.0374213562        1.0000000013
227.5000        0.0057644618        0.0028393634        0.0016959823        0.0003078801        0.0008836760        0.6096799261        0.2442863144        0.0975885166        0.0369538805        1.0000000013
228.0000        0.0056883848        0.0028930182        0.0017833900        0.0003465471        0.0008139035        0.6106823531        0.2442082623        0.0970929903        0.0364911520        1.0000000013
228.5000        0.0056239549        0.0029427065        0.0018706296        0.0003888416        0.0007478620        0.6116760952        0.2441224303        0.0965946307        0.0360328506        1.0000000013
229.0000        0.0055684206        0.0029882304        0.0019574870        0.0004346812        0.0006855756        0.6126634077        0.2440298398        0.0960936218        0.0355787372        1.0000000013
229.5000        0.0055183678        0.0030293521        0.0020437042        0.0004839738        0.0006270990        0.6136466592        0.2439317907        0.0955903768        0.0351286777        1.0000000013
230.0000        0.0054700106        0.0030658051        0.0021289752        0.0005366049        0.0005725163        0.6146281398        0.2438297713        0.0950855196        0.0346826584        1.0000000013
230.5000        0.0054195175        0.0030973115        0.0022129486        0.0005924282        0.0005219347        0.6156098708        0.2437253495        0.0945798478        0.0342407928        1.0000000013
231.0000        0.0053633469        0.0031236035        0.0022952360        0.0006512572        0.0004754754        0.6165934316        0.2436200533        0.0940742804        0.0338033171        1.0000000013
231.5000        0.0052985629        0.0031444464        0.0023754267        0.0007128625        0.0004332611        0.6175798209        0.2435152515        0.0935697932        0.0333705763        1.0000000013
232.0000        0.0052231015        0.0031596612        0.0024531072        0.0007769729        0.0003954023        0.6185693649        0.2434120437        0.0930673472        0.0329430005        1.0000000013
232.5000        0.0051359647        0.0031691436        0.0025278823        0.0008432821        0.0003619845        0.6195616844        0.2433111703        0.0925678159        0.0325210736        1.0000000013
233.0000        0.0050373220        0.0031728758        0.0025993971        0.0009114596        0.0003330576        0.6205557236        0.2432129510        0.0920719179        0.0321052967        1.0000000013
233.5000        0.0049285097        0.0031709320        0.0026673561        0.0009811656        0.0003086281        0.6215498430        0.2431172582        0.0915801594        0.0316961491        1.0000000013
234.0000        0.0048119237        0.0031634736        0.0027315368        0.0010520675        0.0002886568        0.6225419690        0.2430235299        0.0910927944        0.0312940497        1.0000000014
234.5000        0.0046908157        0.0031507364        0.0027917972        0.0011238564        0.0002730608        0.6235297886        0.2429308204        0.0906098038        0.0308993219        1.0000000014
235.0000        0.0045690077        0.0031330104        0.0028480743        0.0011962612        0.0002617212        0.6245109734        0.2428378885        0.0901308983        0.0305121663        1.0000000014
235.5000        0.0044505488        0.0031106140        0.0029003745        0.0012690585        0.0002544936        0.6254834118        0.2427433138        0.0896555443        0.0301326420        1.0000000014
236.0000        0.0043393467        0.0030838665        0.0029487569        0.0013420779        0.0002512221        0.6264454288        0.2426456329        0.0891830112        0.0297606584        1.0000000014
236.5000        0.0042388048        0.0030530613        0.0029933098        0.0014151987        0.0002517540        0.6273959706        0.2425434832        0.0887124380        0.0293959810        1.0000000014
237.0000        0.0041515013        0.0030184446        0.0030341251        0.0014883424        0.0002559529        0.6283347355        0.2424357412        0.0882429115        0.0290382468        1.0000000014
237.5000        0.0040789402        0.0029802005        0.0030712731        0.0015614574        0.0002637097        0.6292622355        0.2423216407        0.0877735516        0.0286869927        1.0000000014
238.0000        0.0040213988        0.0029384465        0.0031047793        0.0016345007        0.0002749481        0.6301797803        0.2422008615        0.0873035948        0.0283416915        1.0000000014
238.5000        0.0039778904        0.0028932393        0.0031346099        0.0017074176        0.0002896254        0.6310893817        0.2420735753        0.0868324679        0.0280017940        1.0000000014
239.0000        0.0039462464        0.0028445895        0.0031606647        0.0017801218        0.0003077275        0.6319935847        0.2419404464        0.0863598460        0.0276667742        1.0000000014
239.5000        0.0039233138        0.0027924857        0.0031827807        0.0018524799        0.0003292589        0.6328952399        0.2418025826        0.0858856875        0.0273361723        1.0000000014
240.0000        0.0039052516        0.0027369220        0.0032007460        0.0019243011        0.0003542282        0.6337972369        0.2416614406        0.0854102425        0.0270096325        1.0000000014
240.5000        0.0038878994        0.0026779274        0.0032143222        0.0019953349        0.0003826326        0.6347022254        0.2415186934        0.0849340334        0.0266869328        1.0000000014
241.0000        0.0038671838        0.0026155923        0.0032232728        0.0020652781        0.0004144423        0.6356123510        0.2413760713        0.0844578079        0.0263680019        1.0000000014
241.5000        0.0038395233        0.0025500876        0.0032273942        0.0021337888        0.0004495877        0.6365290346        0.2412351919        0.0839824691        0.0260529241        1.0000000014
242.0000        0.0038021910        0.0024816745        0.0032265452        0.0022005083        0.0004879512        0.6374528189        0.2410973958        0.0835089875        0.0257419290        1.0000000014
242.5000        0.0037535981        0.0024107026        0.0032206704        0.0022650864        0.0005293650        0.6383833018        0.2409636041        0.0830383048        0.0254353682        1.0000000014
243.0000        0.0036934659        0.0023375969        0.0032098146        0.0023272081        0.0005736163        0.6393191661        0.2408342156        0.0825712373        0.0251336805        1.0000000014
243.5000        0.0036228680        0.0022628342        0.0031941258        0.0023866178        0.0006204587        0.6402583067        0.2407090526        0.0821083894        0.0248373482        1.0000000014
244.0000        0.0035441321        0.0021869127        0.0031738458        0.0024431373        0.0006696283        0.6411980443        0.2405873657        0.0816500860        0.0245468491        1.0000000014
244.5000        0.0034606097        0.0021103190        0.0031492891        0.0024966746        0.0007208639        0.6421354079        0.2404678973        0.0811963318        0.0242626081        1.0000000014
245.0000        0.0033763325        0.0020334964        0.0031208135        0.0025472232        0.0007739266        0.6430674543        0.2403489999        0.0807468020        0.0239849530        1.0000000014
245.5000        0.0032955894        0.0019568194        0.0030887846        0.0025948499        0.0008286173        0.6439915953        0.2402287990        0.0803008663        0.0237140802        1.0000000014
246.0000        0.0033193716        0.0018857662        0.0030592420        0.0026407688        0.0008816618        0.6447968817        0.2400719039        0.0798714497        0.0234729556        1.0000000014
246.5000        0.0032939917        0.0018092762        0.0030220107        0.0026851559        0.0009401576        0.6456947163        0.2399249125        0.0794165043        0.0232132762        1.0000000014
247.0000        0.0032670243        0.0017329614        0.0029811257        0.0027266026        0.0010003875        0.6465944606        0.2397772433        0.0789621604        0.0229580356        1.0000000014
247.5000        0.0032371598        0.0016571241        0.0029367000        0.0027649436        0.0010621793        0.6474964089        0.2396294446        0.0785087720        0.0227072693        1.0000000014
248.0000        0.0032035302        0.0015820863        0.0028888915        0.0028000352        0.0011253409        0.6484004317        0.2394819018        0.0780567081        0.0224610757        1.0000000014
248.5000        0.0031658075        0.0015081788        0.0028379035        0.0028317666        0.0011896673        0.6493059798        0.2393347830        0.0776063090        0.0222196059        1.0000000014
249.0000        0.0031242436        0.0014357280        0.0027839790        0.0028600677        0.0012549496        0.6502121341        0.2391880064        0.0771578448        0.0219830482        1.0000000014
249.5000        0.0030796450        0.0013650417        0.0027273907        0.0028849137        0.0013209851        0.6511177004        0.2390412350        0.0767114812        0.0217516086        1.0000000014
250.0000        0.0030332843        0.0012963981        0.0026684271        0.0029063233        0.0013875876        0.6520213364        0.2388938992        0.0762672557        0.0215254896        1.0000000014
250.5000        0.0029867556        0.0012300368        0.0026073770        0.0029243527        0.0014545948        0.6529216997        0.2387452471        0.0758250679        0.0213048698        1.0000000014
251.0000        0.0029417884        0.0011661554        0.0025445143        0.0029390841        0.0015218738        0.6538175984        0.2385944160        0.0753846856        0.0210898855        1.0000000014
251.5000        0.0029000416        0.0011049113        0.0024800860        0.0029506127        0.0015893214        0.6547081274        0.2384405187        0.0749457657        0.0208806165        1.0000000014
252.0000        0.0028629004        0.0010464283        0.0024143045        0.0029590309        0.0016568609        0.6555927733        0.2382827353        0.0745078888        0.0206770790        1.0000000014
252.5000        0.0028313003        0.0009908071        0.0023473452        0.0029644151        0.0017244341        0.6564714740        0.2381203988        0.0740706031        0.0204792238        1.0000000014
253.0000        0.0028056013        0.0009381377        0.0022793509        0.0029668148        0.0017919909        0.6573446242        0.2379530646        0.0736334740        0.0202869430        1.0000000014
253.5000        0.0027855281        0.0008885117        0.0022104411        0.0029662469        0.0018594770        0.6582130245        0.2377805563        0.0731961330        0.0201000828        1.0000000014
254.0000        0.0027701870        0.0008420327        0.0021407248        0.0029626960        0.0019268221        0.6590777782        0.2376029790        0.0727583197        0.0199184618        1.0000000014
254.5000        0.0027581591        0.0007988218        0.0020703163        0.0029561204        0.0019939301        0.6599401468        0.2374207005        0.0723199138        0.0197418925        1.0000000014
255.0000        0.0027476618        0.0007590185        0.0019993487        0.0029464637        0.0020606733        0.6608013815        0.2372342989        0.0718809508        0.0195702042        1.0000000014
255.5000        0.0027367601        0.0007227756        0.0019279853        0.0029336697        0.0021268918        0.6616625497        0.2370444841        0.0714416200        0.0194032650        1.0000000014
256.0000        0.0027236023        0.0006902504        0.0018564257        0.0029176990        0.0021923983        0.6625243803        0.2368520009        0.0710022456        0.0192409990        1.0000000014
256.5000        0.0027066524        0.0006615912        0.0017849056        0.0028985438        0.0022569878        0.6633871465        0.2366575253        0.0705632504        0.0190833985        1.0000000014
257.0000        0.0026848870        0.0006369244        0.0017136905        0.0028762397        0.0023204509        0.6642506041        0.2364615678        0.0701251086        0.0189305285        1.0000000014
257.5000        0.0026579324        0.0006163419        0.0016430634        0.0028508714        0.0023825897        0.6651139934        0.2362643948        0.0696882912        0.0187825232        1.0000000014
258.0000        0.0026261194        0.0005998930        0.0015733101        0.0028225719        0.0024432320        0.6659761090        0.2360659800        0.0692532117        0.0186395743        1.0000000014
258.5000        0.0025904484        0.0005875814        0.0015047020        0.0027915148        0.0025022435        0.6668354287        0.2358659919        0.0688201777        0.0185019130        1.0000000014
259.0000        0.0025524645        0.0005793679        0.0014374820        0.0027579006        0.0025595346        0.6676902874        0.2356638213        0.0683893565        0.0183697868        1.0000000014
259.5000        0.0025140576        0.0005751788        0.0013718531        0.0027219401        0.0026150605        0.6685390755        0.2354586455        0.0679607565        0.0182434339        1.0000000014
260.0000        0.0024772114        0.0005749189        0.0013079743        0.0026838351        0.0026688158        0.6693804342        0.2352495234        0.0675342304        0.0181230581        1.0000000014
260.5000        0.0024437341        0.0005784857        0.0012459618        0.0026437628        0.0027208215        0.6702134231        0.2350355079        0.0671094974        0.0180088072        1.0000000014
261.0000        0.0024150067        0.0005857833        0.0011858977        0.0026018629        0.0027711093        0.6710376359        0.2348157640        0.0666861840        0.0179007576        1.0000000014
261.5000        0.0023917848        0.0005967325        0.0011278430        0.0025582326        0.0028197028        0.6718532468        0.2345896746        0.0662638780        0.0177989064        1.0000000014
262.0000        0.0023740821        0.0006112755        0.0010718528        0.0025129286        0.0028666012        0.6726609788        0.2343569213        0.0658421881        0.0177031729        1.0000000014
262.5000        0.0023611556        0.0006293744        0.0010179920        0.0024659763        0.0029117661        0.6734619969        0.2341175273        0.0654208035        0.0176134094        1.0000000014
263.0000        0.0023515959        0.0006510034        0.0009663468        0.0024173846        0.0029551154        0.6742577363        0.2338718563        0.0649995437        0.0175294190        1.0000000014
263.5000        0.0023435153        0.0006761356        0.0009170316        0.0023671650        0.0029965245        0.6750496906        0.2336205655        0.0645783924        0.0174509809        1.0000000014
264.0000        0.0023348064        0.0007047284        0.0008701888        0.0023153492        0.0030358362        0.6758391854        0.2333645185        0.0641575109        0.0173778776        1.0000000014
264.5000        0.0023234400        0.0007367081        0.0008259817        0.0022620054        0.0030728761        0.6766271715        0.2331046682        0.0637372283        0.0173099221        1.0000000014
265.0000        0.0023077564        0.0007719599        0.0007845823        0.0022072470        0.0031074731        0.6774140662        0.2328419256        0.0633180093        0.0172469818        1.0000000014
265.5000        0.0022867103        0.0008103225        0.0007461552        0.0021512355        0.0031394802        0.6781996674        0.2325770317        0.0629004030        0.0171889955        1.0000000014
266.0000        0.0022600311        0.0008515910        0.0007108424        0.0020941735        0.0031687934        0.6789831565        0.2323104523        0.0624849800        0.0171359812        1.0000000014
266.5000        0.0022282722        0.0008955267        0.0006787492        0.0020362920        0.0031953631        0.6797631905        0.2320423086        0.0620722654        0.0170880336        1.0000000014
267.0000        0.0021927402        0.0009418731        0.0006499370        0.0019778319        0.0032191991        0.6805380741        0.2317723574        0.0616626769        0.0170453117        1.0000000014
267.5000        0.0021553108        0.0009903738        0.0006244220        0.0019190239        0.0032403645        0.6813059901        0.2315000230        0.0612564768        0.0170080165        1.0000000014
268.0000        0.0021181561        0.0010407910        0.0006021818        0.0018600702        0.0032589620        0.6820652529        0.2312244793        0.0608537449        0.0169763632        1.0000000014
268.5000        0.0020834227        0.0010929192        0.0005831672        0.0018011315        0.0032751127        0.6828145518        0.2309447701        0.0604543761        0.0169505500        1.0000000014
269.0000        0.0020529081        0.0011465913        0.0005673186        0.0017423207        0.0032889327        0.6835531448        0.2306599529        0.0600581046        0.0169307277        1.0000000014
269.5000        0.0020277851        0.0012016772        0.0005545819        0.0016837055        0.0033005101        0.6842809736        0.2303692436        0.0596645498        0.0169169746        1.0000000014
270.0000        0.0020084172        0.0012580728        0.0005449220        0.0016253195        0.0033098869        0.6849986793        0.2300721429        0.0592732812        0.0169092796        1.0000000014
270.5000        0.0019942960        0.0013156831        0.0005383308        0.0015671784        0.0033170505        0.6857075136        0.2297685232        0.0588838890        0.0169075370        1.0000000014
271.0000        0.0019841132        0.0013744016        0.0005348275        0.0015092998        0.0033219340        0.6864091556        0.2294586626        0.0584960547        0.0169115525        1.0000000014
271.5000        0.0019759583        0.0014340913        0.0005344514        0.0014517220        0.0033244286        0.6871054603        0.2291432197        0.0581096079        0.0169210619        1.0000000014
272.0000        0.0019676143        0.0014945701        0.0005372489        0.0013945184        0.0033244038        0.6877981740        0.2288231505        0.0577245631        0.0169357583        1.0000000014
272.5000        0.0019569060        0.0015556058        0.0005432561        0.0013378049        0.0033217328        0.6884886621        0.2284995783        0.0573411288        0.0169553266        1.0000000014
273.0000        0.0019420470        0.0016169203        0.0005524827        0.0012817383        0.0033163188        0.6891776903        0.2281736364        0.0569596887        0.0169794789        1.0000000014
273.5000        0.0019219303        0.0016782045        0.0005648988        0.0012265065        0.0033081172        0.6898652973        0.2278463052        0.0565807549        0.0170079867        1.0000000014
274.0000        0.0018963134        0.0017391401        0.0005804285        0.0011723123        0.0032971487        0.6905507797        0.2275182707        0.0562049022        0.0170407059        1.0000000014
274.5000        0.0018658673        0.0017994252        0.0005989516        0.0011193537        0.0032835017        0.6912327977        0.2271898248        0.0558326901        0.0170775893        1.0000000014
275.0000        0.0018320780        0.0018587974        0.0006203143        0.0010678044        0.0032673224        0.6919095855        0.2268608268        0.0554645865        0.0171186862        1.0000000014
275.5000        0.0017970138        0.0019170507        0.0006443450        0.0010177989        0.0032487946        0.6925792373        0.2265307312        0.0551009025        0.0171641273        1.0000000014
276.0000        0.0017629947        0.0019740415        0.0006708740        0.0009694251        0.0032281128        0.6932400242        0.2261986811        0.0547417508        0.0172140971        1.0000000014
276.5000        0.0017322153        0.0020296826        0.0006997515        0.0009227250        0.0032054529        0.6938906912        0.2258636526        0.0543870319        0.0172687983        1.0000000014
277.0000        0.0017063840        0.0020839259        0.0007308609        0.0008777047        0.0031809472        0.6945306843        0.2255246299        0.0540364538        0.0173284107        1.0000000014
277.5000        0.0016864387        0.0021367371        0.0007641233        0.0008343502        0.0031546674        0.6951602688        0.2251807817        0.0536895804        0.0173930539        1.0000000014
278.0000        0.0016723870        0.0021880675        0.0007994932        0.0007926471        0.0031266203        0.6957805152        0.2248316122        0.0533459025        0.0174627563        1.0000000014
278.5000        0.0016633010        0.0022378295        0.0008369446        0.0007525990        0.0030967562        0.6963931521        0.2244770595        0.0530049219        0.0175374378        1.0000000014
279.0000        0.0016574697        0.0022858801        0.0008764520        0.0007142407        0.0030649890        0.6970003050        0.2241175247        0.0526662331        0.0176169071        1.0000000014
279.5000        0.0016526860        0.0023320186        0.0009179684        0.0006776445        0.0030312249        0.6976041638        0.2237538255        0.0523295923        0.0177008774        1.0000000014
280.0000        0.0016466219        0.0023759966        0.0009614072        0.0006429173        0.0029953929        0.6982066320        0.2233870782        0.0519949598        0.0177889954        1.0000000014
280.5000        0.0031284969        0.0031252260        0.0008015681        0.0014313830        0.0003840969        0.9509530281        0.0278534203        0.0083548033        0.0039679789        1.0000000014
281.0000        0.0031190029        0.0032127739        0.0008504483        0.0013554537        0.0003811286        0.9509160097        0.0278474688        0.0083517337        0.0039659818        1.0000000014
281.5000        0.0031066783        0.0032977852        0.0009031416        0.0012811852        0.0003785293        0.9508785449        0.0278414804        0.0083486623        0.0039639943        1.0000000014
282.0000        0.0030904147        0.0033798754        0.0009594739        0.0012087883        0.0003762812        0.9508417455        0.0278356439        0.0083456917        0.0039620868        1.0000000014
282.5000        0.0030697551        0.0034586775        0.0010192344        0.0011384799        0.0003743745        0.9508062406        0.0278300643        0.0083428781        0.0039602971        1.0000000014
283.0000        0.0030449880        0.0035338628        0.0010821838        0.0010704700        0.0003728072        0.9507720934        0.0278247482        0.0083402231        0.0039586250        1.0000000014
283.5000        0.0030171123        0.0036051563        0.0011480668        0.0010049484        0.0003715855        0.9507388163        0.0278196070        0.0083376754        0.0039570334        1.0000000014
284.0000        0.0029876742        0.0036723433        0.0012166275        0.0009420756        0.0003707214        0.9507054848        0.0278144765        0.0083351420        0.0039554561        1.0000000014
284.5000        0.0029585036        0.0037352652        0.0012876232        0.0008819782        0.0003702294        0.9506709330        0.0278091509        0.0083325070        0.0039538110        1.0000000014
285.0000        0.0029313959        0.0037938054        0.0013608340        0.0008247516        0.0003701231        0.9506339956        0.0278034249        0.0083296546        0.0039520163        1.0000000014
285.5000        0.0029077942        0.0038478688        0.0014360656        0.0007704674        0.0003704112        0.9505937564        0.0277971367        0.0083264937        0.0039500074        1.0000000014
286.0000        0.0028885315        0.0038973589        0.0015131447        0.0007191852        0.0003710942        0.9505497564        0.0277902035        0.0083229768        0.0039477502        1.0000000014
286.5000        0.0028736791        0.0039421578        0.0015919072        0.0006709650        0.0003721627        0.9505021221        0.0277826444        0.0083191130        0.0039452500        1.0000000014
287.0000        0.0028625325        0.0039821146        0.0016721834        0.0006258779        0.0003735963        0.9504515901        0.0277745838        0.0083149698        0.0039425530        1.0000000014
287.5000        0.0028537392        0.0040170448        0.0017537812        0.0005840122        0.0003753659        0.9503994180        0.0277662362        0.0083106642        0.0039397397        1.0000000014
288.0000        0.0028455484        0.0040467412        0.0018364742        0.0005454734        0.0003774357        0.9503471972        0.0277578733        0.0083063451        0.0039369129        1.0000000014
288.5000        0.0028361373        0.0040709946        0.0019199957        0.0005103791        0.0003797676        0.9502965978        0.0277497804        0.0083021687        0.0039341802        1.0000000014
289.0000        0.0028239561        0.0040896198        0.0020040421        0.0004788477        0.0003823256        0.9502490935        0.0277422086        0.0082982720        0.0039316359        1.0000000014
289.5000        0.0028080266        0.0041024808        0.0020882847        0.0004509863        0.0003850804        0.9502057156        0.0277353323        0.0082947498        0.0039293449        1.0000000014
290.0000        0.0027881373        0.0041095097        0.0021723872        0.0004268791        0.0003880118        0.9501668860        0.0277292207        0.0082916383        0.0039273313        1.0000000014
290.5000        0.0027648968        0.0041107140        0.0022560271        0.0004065794        0.0003911112        0.9501323597        0.0277238276        0.0082889104        0.0039255751        1.0000000014
291.0000        0.0027396317        0.0041061718        0.0023389136        0.0003901070        0.0003943803        0.9501012938        0.0277190043        0.0082864821        0.0039240168        1.0000000014
291.5000        0.0027141452        0.0040960133        0.0024207997        0.0003774531        0.0003978287        0.9500724308        0.0277145305        0.0082842302        0.0039225698        1.0000000014
292.0000        0.0026903813        0.0040803959        0.0025014844        0.0003685888        0.0004014701        0.9500443643        0.0277101608        0.0082820178        0.0039211380        1.0000000014
292.5000        0.0026700555        0.0040594752        0.0025808042        0.0003634779        0.0004053169        0.9500158376        0.0277056760        0.0082797225        0.0039196356        1.0000000014
293.0000        0.0026543230        0.0040333821        0.0026586169        0.0003620888        0.0004093750        0.9499860172        0.0277009302        0.0082772629        0.0039180053        1.0000000014
293.5000        0.0026435511        0.0040022087        0.0027347795        0.0003644032        0.0004136404        0.9499546869        0.0276958844        0.0082746163        0.0039162309        1.0000000014
294.0000        0.0026372401        0.0039660091        0.0028091267        0.0003704196        0.0004180964        0.9499223221        0.0276906189        0.0082718264        0.0039143421        1.0000000014
294.5000        0.0026341133        0.0039248127        0.0028814563        0.0003801489        0.0004227141        0.9498900265        0.0276853225        0.0082689966        0.0039124104        1.0000000014
295.0000        0.0026323612        0.0038786493        0.0029515229        0.0003936063        0.0004274553        0.9498593393        0.0276802590        0.0082662719        0.0039105360        1.0000000014
295.5000        0.0026299950        0.0038275777        0.0030190453        0.0004107976        0.0004322768        0.9498319502        0.0276757183        0.0082638114        0.0039088291        1.0000000014
296.0000        0.0026252415        0.0037717120        0.0030837237        0.0004317064        0.0004371366        0.9498093748        0.0276719601        0.0082617579        0.0039073885        1.0000000014
296.5000        0.0026169018        0.0037112389        0.0031452645        0.0004562850        0.0004419998        0.9497926575        0.0276691630        0.0082602092        0.0039062817        1.0000000014
297.0000        0.0026046003        0.0036464204        0.0032034065        0.0004844505        0.0004468436        0.9497821614        0.0276673884        0.0082591986        0.0039055316        1.0000000014
297.5000        0.0025888716        0.0035775820        0.0032579422        0.0005160888        0.0004516598        0.9497774916        0.0276665670        0.0082586873        0.0039051110        1.0000000014
298.0000        0.0025710638        0.0035050880        0.0033087287        0.0005510646        0.0004564546        0.9497775700        0.0276665120        0.0082585720        0.0039049476        1.0000000014
298.5000        0.0025530725        0.0034293108        0.0033556857        0.0005892365        0.0004612453        0.9497808507        0.0276669563        0.0082587047        0.0039049388        1.0000000014
299.0000        0.0025369579        0.0033506012        0.0033987796        0.0006304712        0.0004660552        0.9497856347        0.0276676065        0.0082589233        0.0039049716        1.0000000014
299.5000        0.0025245194        0.0032692664        0.0034379995        0.0006746553        0.0004709064        0.9497904202        0.0276682033        0.0082590845        0.0039049464        1.0000000014
300.0000        0.0025169155        0.0031855630        0.0034733278        0.0007216993        0.0004758129        0.9497942166        0.0276685754        0.0082590935        0.0039047972        1.0000000014
