       t         state 0 pop         state 1 pop         state 2 pop         state 3 pop         state 4 pop         state 5 pop         state 6 pop         state 7 pop         state 8 pop              poptot
  0.0000        1.0000000000        0.0000000000        0.0000000000        0.0000000000        0.0000000000        0.0000000000        0.0000000000        0.0000000000        0.0000000000        1.0000000000
  0.5000        0.9999535744        0.0000058093        0.0000058086        0.0000058079        0.0000058072        0.0000057996        0.0000057987        0.0000057977        0.0000057967        1.0000000001
  1.0000        0.9998131062        0.0000234594        0.0000234486        0.0000234374        0.0000234258        0.0000233042        0.0000232888        0.0000232730        0.0000232568        1.0000000002
  1.5000        0.9995790158        0.0000531193        0.0000530642        0.0000530071        0.0000529481        0.0000523305        0.0000522524        0.0000521724        0.0000520906        1.0000000005
  2.0000        0.9992546782        0.0000947327        0.0000945579        0.0000943769        0.0000941899        0.0000922404        0.0000919948        0.0000917435        0.0000914866        1.0000000009
  2.5000        0.9988463462        0.0001480160        0.0001475885        0.0001471465        0.0001466901        0.0001419563        0.0001413630        0.0001407569        0.0001401379        1.0000000013
  3.0000        0.9983629703        0.0002124595        0.0002115742        0.0002106599        0.0002097168        0.0001999953        0.0001987849        0.0001975500        0.0001962910        1.0000000017
  3.5000        0.9978159198        0.0002873341        0.0002857007        0.0002840157        0.0002822800        0.0002645192        0.0002623252        0.0002600907        0.0002578167        1.0000000022
  4.0000        0.9972186163        0.0003717021        0.0003689343        0.0003660833        0.0003631507        0.0003334002        0.0003297586        0.0003260576        0.0003222995        1.0000000026
  4.5000        0.9965860917        0.0004644319        0.0004600404        0.0004555239        0.0004508860        0.0004042982        0.0003986556        0.0003929350        0.0003871404        1.0000000030
  5.0000        0.9959344893        0.0005642174        0.0005576052        0.0005508171        0.0005438597        0.0004747483        0.0004664782        0.0004581167        0.0004496714        1.0000000033
  5.5000        0.9952805248        0.0006696003        0.0006600628        0.0006502916        0.0006402977        0.0005422547        0.0005306813        0.0005190168        0.0005072735        1.0000000036
  6.0000        0.9946409286        0.0007789960        0.0007657249        0.0007521591        0.0007383168        0.0006043864        0.0005888168        0.0005731801        0.0005574951        1.0000000037
  6.5000        0.9940318902        0.0008907221        0.0008728133        0.0008545522        0.0008359669        0.0006588721        0.0006386340        0.0006183888        0.0005981642        1.0000000037
  7.0000        0.9934685253        0.0010030287        0.0009794949        0.0009555631        0.0009312754        0.0007036907        0.0006781741        0.0006527611        0.0006274902        1.0000000037
  7.5000        0.9929643855        0.0011141309        0.0010839179        0.0010532846        0.0010222921        0.0007371525        0.0007058541        0.0006748361        0.0006441498        1.0000000035
  8.0000        0.9925310283        0.0012222412        0.0011842485        0.0011458509        0.0011071337        0.0007579691        0.0007205363        0.0006836425        0.0006473528        1.0000000032
  8.5000        0.9921776632        0.0013256031        0.0012787078        0.0012314775        0.0011840281        0.0007653089        0.0007215809        0.0006787472        0.0006368863        1.0000000029
  9.0000        0.9919108860        0.0014225239        0.0013656077        0.0013085006        0.0012513556        0.0007588352        0.0007088792        0.0006602817        0.0006131325        1.0000000025
  9.5000        0.9917345098        0.0015114060        0.0014433851        0.0013754131        0.0013076872        0.0007387266        0.0006828663        0.0006289459        0.0005770622        1.0000000021
 10.0000        0.9970961364        0.0005438996        0.0005045592        0.0004693378        0.0004376799        0.0002555006        0.0002426128        0.0002306762        0.0002195993        1.0000000017
 10.5000        0.9970943819        0.0005441277        0.0005047857        0.0004695628        0.0004379034        0.0002557146        0.0002428259        0.0002308885        0.0002198109        1.0000000013
 11.0000        0.9970890532        0.0005448232        0.0005054759        0.0004702481        0.0004385841        0.0002563629        0.0002434714        0.0002315312        0.0002204510        1.0000000009
 11.5000        0.9970781955        0.0005462483        0.0005068894        0.0004716506        0.0004399761        0.0002576793        0.0002447808        0.0002328338        0.0002217468        1.0000000006
 12.0000        0.9970599466        0.0005486620        0.0005092812        0.0004740215        0.0004423273        0.0002598810        0.0002469680        0.0002350068        0.0002239059        1.0000000004
 12.5000        0.9970325909        0.0005523148        0.0005128969        0.0004776019        0.0004458735        0.0002631609        0.0002502212        0.0002382336        0.0002271066        1.0000000003
 13.0000        0.9969946084        0.0005574451        0.0005179686        0.0004826169        0.0004508338        0.0002676801        0.0002546948        0.0002426621        0.0002314904        1.0000000002
 13.5000        0.9969447182        0.0005642748        0.0005247098        0.0004892722        0.0004574054        0.0002735617        0.0002605038        0.0002483989        0.0002371554        1.0000000003
 14.0000        0.9968819134        0.0005730055        0.0005333120        0.0004977491        0.0004657598        0.0002808861        0.0002677185        0.0002555042        0.0002441518        1.0000000004
 14.5000        0.9968054878        0.0005838149        0.0005439409        0.0005082012        0.0004760384        0.0002896876        0.0002763614        0.0002639891        0.0002524793        1.0000000006
 15.0000        0.9967150524        0.0005968539        0.0005567333        0.0005207514        0.0004883500        0.0002999528        0.0002864061        0.0002738146        0.0002620864        1.0000000009
 15.5000        0.9966105420        0.0006122441        0.0005717946        0.0005354890        0.0005027680        0.0003116203        0.0002977781        0.0002848927        0.0002728725        1.0000000012
 16.0000        0.9964922122        0.0006300755        0.0005891970        0.0005524682        0.0005193292        0.0003245830        0.0003103563        0.0002970894        0.0002846908        1.0000000016
 16.5000        0.9963606257        0.0006504053        0.0006089777        0.0005717069        0.0005380323        0.0003386915        0.0003239780        0.0003102296        0.0002973548        1.0000000019
 17.0000        0.9962166298        0.0006732568        0.0006311388        0.0005931865        0.0005588384        0.0003537586        0.0003384444        0.0003241037        0.0003106454        1.0000000023
 17.5000        0.9960613257        0.0006986190        0.0006556468        0.0006168516        0.0005816714        0.0003695660        0.0003535275        0.0003384754        0.0003243191        1.0000000026
 18.0000        0.9958960303        0.0007264470        0.0006824336        0.0006426120        0.0006064197        0.0003858720        0.0003689787        0.0003530908        0.0003381188        1.0000000029
 18.5000        0.9957222328        0.0007566627        0.0007113975        0.0006703436        0.0006329383        0.0004024192        0.0003845374        0.0003676884        0.0003517833        1.0000000032
 19.0000        0.9955415466        0.0007891564        0.0007424051        0.0006998911        0.0006610520        0.0004189440        0.0003999412        0.0003820086        0.0003650585        1.0000000034
 19.5000        0.9953556595        0.0008237883        0.0007752937        0.0007310711        0.0006905586        0.0004351856        0.0004149348        0.0003958044        0.0003777075        1.0000000035
 20.0000        0.9951662825        0.0008603913        0.0008098744        0.0007636753        0.0007212334        0.0004508951        0.0004292802        0.0004088507        0.0003895206        1.0000000035
 20.5000        0.9949751002        0.0008987737        0.0008459353        0.0007974748        0.0007528332        0.0004658441        0.0004427649        0.0004209533        0.0004003239        1.0000000034
 21.0000        0.9947837235        0.0009387223        0.0008832455        0.0008322242        0.0007851020        0.0004798328        0.0004552101        0.0004319564        0.0004099864        1.0000000033
 21.5000        0.9945936465        0.0009800061        0.0009215589        0.0008676663        0.0008177755        0.0004926975        0.0004664774        0.0004417491        0.0004184259        1.0000000031
 22.0000        0.9944062087        0.0010223800        0.0009606186        0.0009035371        0.0008505866        0.0005043156        0.0004764742        0.0004502696        0.0004256126        1.0000000029
 22.5000        0.9942225637        0.0010655890        0.0010001616        0.0009395702        0.0008832708        0.0005146109        0.0004851573        0.0004575084        0.0004315706        1.0000000026
 23.0000        0.9940436553        0.0011093722        0.0010399231        0.0009755026        0.0009155714        0.0005235563        0.0004925347        0.0004635089        0.0004363778        1.0000000023
 23.5000        0.9938702011        0.0011534668        0.0010796414        0.0010110786        0.0009472448        0.0005311746        0.0004986660        0.0004683658        0.0004401627        1.0000000019
 24.0000        0.9937026840        0.0011976128        0.0011190620        0.0010460554        0.0009780647        0.0005375390        0.0005036604        0.0004722228        0.0004431005        1.0000000016
 24.5000        0.9935413514        0.0012415567        0.0011579419        0.0010802069        0.0010078273        0.0005427701        0.0005076736        0.0004752672        0.0004454062        1.0000000013
 25.0000        0.9933862226        0.0012850555        0.0011960543        0.0011133278        0.0010363548        0.0005470330        0.0005109026        0.0004777235        0.0004473269        1.0000000011
 25.5000        0.9932371026        0.0013278807        0.0012331917        0.0011452379        0.0010634989        0.0005505318        0.0005135789        0.0004798455        0.0004491328        1.0000000008
 26.0000        0.9930936014        0.0013698216        0.0012691696        0.0011757846        0.0010891437        0.0005535036        0.0005159616        0.0004819076        0.0004511070        1.0000000007
 26.5000        0.9929551596        0.0014106887        0.0013038296        0.0012048460        0.0011132082        0.0005562106        0.0005183281        0.0004841949        0.0004535347        1.0000000006
 27.0000        0.9928210767        0.0014503164        0.0013370420        0.0012323333        0.0011356477        0.0005589325        0.0005209651        0.0004869936        0.0004566933        1.0000000005
 27.5000        0.9926905429        0.0014885654        0.0013687077        0.0012581916        0.0011564544        0.0005619574        0.0005241594        0.0004905804        0.0004608413        1.0000000005
 28.0000        0.9925626717        0.0015253252        0.0013987601        0.0012824019        0.0011756584        0.0005655726        0.0005281879        0.0004952132        0.0004662096        1.0000000006
 28.5000        0.9924365331        0.0015605152        0.0014271660        0.0013049807        0.0011933263        0.0005700562        0.0005333091        0.0005011220        0.0004729920        1.0000000007
 29.0000        0.9923111849        0.0015940862        0.0014539262        0.0013259801        0.0012095611        0.0005756684        0.0005397541        0.0005085009        0.0004813391        1.0000000009
 29.5000        0.9921857023        0.0016260212        0.0014790755        0.0013454871        0.0012244996        0.0005826430        0.0005477191        0.0005175015        0.0004913520        1.0000000011
 30.0000        0.9920592046        0.0016563352        0.0015026823        0.0013636220        0.0012383106        0.0005911808        0.0005573595        0.0005282275        0.0005030788        1.0000000014
 30.5000        0.9919308766        0.0016850757        0.0015248477        0.0013805371        0.0012511920        0.0006014433        0.0005687845        0.0005407314        0.0005165133        1.0000000017
 31.0000        0.9917999865        0.0017123217        0.0015457040        0.0013964134        0.0012633676        0.0006135479        0.0005820537        0.0005550126        0.0005315946        1.0000000019
 31.5000        0.9916658978        0.0017381828        0.0015654126        0.0014114589        0.0012750829        0.0006275645        0.0005971755        0.0005710175        0.0005482097        1.0000000022
 32.0000        0.9915280768        0.0017627976        0.0015841622        0.0014259047        0.0012866021        0.0006435135        0.0006141066        0.0005886414        0.0005661975        1.0000000024
 32.5000        0.9913860934        0.0017863323        0.0016021661        0.0014400020        0.0012982027        0.0006613653        0.0006327539        0.0006077322        0.0005853547        1.0000000027
 33.0000        0.9912396180        0.0018089786        0.0016196591        0.0014540181        0.0013101720        0.0006810415        0.0006529773        0.0006280955        0.0006054427        1.0000000028
 33.5000        0.9910884130        0.0018309510        0.0016368943        0.0014682330        0.0013228024        0.0007024171        0.0006745944        0.0006495014        0.0006261965        1.0000000030
 34.0000        0.9909323204        0.0018524845        0.0016541403        0.0014829348        0.0013363865        0.0007253250        0.0006973862        0.0006716917        0.0006473338        1.0000000031
 34.5000        0.9907712459        0.0018738318        0.0016716772        0.0014984162        0.0013512132        0.0007495604        0.0007211043        0.0006943893        0.0006685648        1.0000000031
 35.0000        0.9906051398        0.0018952604        0.0016897933        0.0015149702        0.0013675633        0.0007748877        0.0007454789        0.0007173066        0.0006896027        1.0000000031
 35.5000        0.9904339775        0.0019170493        0.0017087816        0.0015328863        0.0013857054        0.0008010471        0.0007702268        0.0007401557        0.0007101734        1.0000000031
 36.0000        0.9902577378        0.0019394861        0.0017289357        0.0015524466        0.0014058921        0.0008277623        0.0007950603        0.0007626573        0.0007300248        1.0000000030
 36.5000        0.9900763819        0.0019628638        0.0017505473        0.0015739223        0.0014283565        0.0008547488        0.0008196967        0.0007845499        0.0007489358        1.0000000029
 37.0000        0.9898898336        0.0019874776        0.0017739017        0.0015975703        0.0014533095        0.0008817221        0.0008438659        0.0008055985        0.0007667234        1.0000000027
 37.5000        0.9896979613        0.0020136218        0.0017992756        0.0016236302        0.0014809367        0.0009084060        0.0008673197        0.0008256018        0.0007832494        1.0000000025
 38.0000        0.9895005623        0.0020415871        0.0018269332        0.0016523214        0.0015113964        0.0009345403        0.0008898384        0.0008443987        0.0007984246        1.0000000023
 38.5000        0.9892973507        0.0020716574        0.0018571242        0.0016838406        0.0015448180        0.0009598880        0.0009112378        0.0008618734        0.0008122119        1.0000000021
 39.0000        0.9890879491        0.0021041072        0.0018900809        0.0017183601        0.0015813007        0.0009842425        0.0009313745        0.0008779591        0.0008246278        1.0000000019
 39.5000        0.9888718843        0.0021391992        0.0019260157        0.0017560260        0.0016209124        0.0010074327        0.0009501501        0.0008926397        0.0008357415        1.0000000017
 40.0000        0.9886485870        0.0021771818        0.0019651200        0.0017969570        0.0016636899        0.0010293281        0.0009675141        0.0009059509        0.0008456728        1.0000000015
 40.5000        0.9884173965        0.0022182872        0.0020075617        0.0018412433        0.0017096390        0.0010498419        0.0009834650        0.0009179783        0.0008545883        1.0000000013
 41.0000        0.9881775691        0.0022627297        0.0020534846        0.0018889468        0.0017587349        0.0010689337        0.0009980509        0.0009288555        0.0008626960        1.0000000012
 41.5000        0.9879282901        0.0023107039        0.0021030073        0.0019401004        0.0018109238        0.0010866103        0.0010113673        0.0009387595        0.0008702386        1.0000000011
 42.0000        0.9876686906        0.0023623833        0.0021562226        0.0019947090        0.0018661236        0.0011029252        0.0010235548        0.0009479057        0.0008774862        1.0000000010
 42.5000        0.9873978654        0.0024179199        0.0022131972        0.0020527498        0.0019242269        0.0011179774        0.0010347953        0.0009565414        0.0008847276        1.0000000009
 43.0000        0.9871148949        0.0024774430        0.0022739721        0.0021141739        0.0019851020        0.0011319087        0.0010453062        0.0009649387        0.0008922613        1.0000000009
 43.5000        0.9868188675        0.0025410589        0.0023385627        0.0021789070        0.0020485966        0.0011448998        0.0010553350        0.0009733863        0.0009003870        1.0000000009
 44.0000        0.9865089037        0.0026088509        0.0024069597        0.0022468520        0.0021145394        0.0011571656        0.0010651524        0.0009821815        0.0009093958        1.0000000010
 44.5000        0.9861841792        0.0026808790        0.0024791303        0.0023178905        0.0021827439        0.0011689495        0.0010750449        0.0009916215        0.0009195620        1.0000000010
 45.0000        0.9858439487        0.0027571811        0.0025550192        0.0023918849        0.0022530112        0.0011805178        0.0010853072        0.0010019957        0.0009311353        1.0000000011
 45.5000        0.9854875669        0.0028377729        0.0026345500        0.0024686813        0.0023251331        0.0011921524        0.0010962345        0.0010135770        0.0009443331        1.0000000012
 46.0000        0.9851145085        0.0029226490        0.0027176278        0.0025481119        0.0023988955        0.0012041442        0.0011081150        0.0010266149        0.0009593347        1.0000000014
 46.5000        0.9847243842        0.0030117844        0.0028041399        0.0026299975        0.0024740816        0.0012167861        0.0011212225        0.0010413289        0.0009762765        1.0000000015
 47.0000        0.9843169548        0.0031051354        0.0028939591        0.0027141505        0.0025504753        0.0012303659        0.0011358095        0.0010579027        0.0009952486        1.0000000017
 47.5000        0.9838921406        0.0032026412        0.0029869451        0.0028003778        0.0026278641        0.0012451598        0.0011521014        0.0010764798        0.0010162921        1.0000000018
 48.0000        0.9834500267        0.0033042255        0.0030829474        0.0028884836        0.0027060427        0.0012614258        0.0011702909        0.0010971600        0.0010393994        1.0000000020
 48.5000        0.9829908646        0.0034097987        0.0031818072        0.0029782721        0.0027848152        0.0012793986        0.0011905340        0.0011199975        0.0010645143        1.0000000021
 49.0000        0.9825150691        0.0035192593        0.0032833604        0.0030695506        0.0028639983        0.0012992839        0.0012129463        0.0011450001        0.0010915343        1.0000000023
 49.5000        0.9820232111        0.0036324964        0.0033874399        0.0031621319        0.0029434238        0.0013212545        0.0012376009        0.0011721292        0.0011203146        1.0000000024
 50.0000        0.9815160056        0.0037493914        0.0034938781        0.0032558372        0.0030229411        0.0013454471        0.0012645275        0.0012013022        0.0011506723        1.0000000025
 50.5000        0.9809942972        0.0038698205        0.0036025091        0.0033504981        0.0031024187        0.0013719595        0.0012937123        0.0012323949        0.0011823922        1.0000000026
 51.0000        0.9804590405        0.0039936567        0.0037131717        0.0034459596        0.0031817466        0.0014008494        0.0013250990        0.0012652458        0.0012152333        1.0000000026
 51.5000        0.9799112787        0.0041207719        0.0038257111        0.0035420816        0.0032608375        0.0014321341        0.0013585913        0.0012996604        0.0012489360        1.0000000027
 52.0000        0.9793521192        0.0042510394        0.0039399816        0.0036387413        0.0033396283        0.0014657906        0.0013940554        0.0013354173        0.0012832295        1.0000000027
 52.5000        0.9787827071        0.0043843357        0.0040558485        0.0037358344        0.0034180810        0.0015017572        0.0014313248        0.0013722744        0.0013178397        1.0000000027
 53.0000        0.9782041979        0.0045205428        0.0041731899        0.0038332773        0.0034961830        0.0015399356        0.0014702042        0.0014099754        0.0013524965        1.0000000027
 53.5000        0.9776177293        0.0046595501        0.0042918990        0.0039310079        0.0035739483        0.0015801944        0.0015104753        0.0014482565        0.0013869418        1.0000000026
 54.0000        0.9770243926        0.0048012565        0.0044118855        0.0040289868        0.0036514169        0.0016223723        0.0015519024        0.0014868538        0.0014209358        1.0000000026
 54.5000        0.9764252057        0.0049455719        0.0045330770        0.0041271981        0.0037286551        0.0016662825        0.0015942383        0.0015255100        0.0014542639        1.0000000025
 55.0000        0.9758210863        0.0050924193        0.0046554203        0.0042256502        0.0038057550        0.0017117178        0.0016372306        0.0015639807        0.0014867423        1.0000000025
 55.5000        0.9752128274        0.0052417362        0.0047788830        0.0043243759        0.0038828340        0.0017584552        0.0016806279        0.0016020406        0.0015182223        1.0000000024
 56.0000        0.9746010748        0.0053934760        0.0049034538        0.0044234328        0.0039600337        0.0018062619        0.0017241858        0.0016394892        0.0015485943        1.0000000023
 56.5000        0.9739863078        0.0055476097        0.0050291437        0.0045229029        0.0040375191        0.0018549000        0.0017676727        0.0016761556        0.0015777907        1.0000000022
 57.0000        0.9733688225        0.0057041263        0.0051559866        0.0046228929        0.0041154775        0.0019041325        0.0018108747        0.0017119021        0.0016057868        1.0000000021
 57.5000        0.9727487183        0.0058630348        0.0052840393        0.0047235333        0.0041941170        0.0019537283        0.0018536011        0.0017466278        0.0016326020        1.0000000020
 58.0000        0.9721258884        0.0060243644        0.0054133822        0.0048249779        0.0042736649        0.0020034670        0.0018956881        0.0017802707        0.0016582984        1.0000000019
 58.5000        0.9715000133        0.0061881654        0.0055441189        0.0049274031        0.0043543664        0.0020531441        0.0019370025        0.0018128086        0.0016829796        1.0000000018
 59.0000        0.9708705587        0.0063545098        0.0056763765        0.0050310070        0.0044364826        0.0021025747        0.0019774443        0.0018442602        0.0017067879        1.0000000017
 59.5000        0.9702367764        0.0065234919        0.0058103051        0.0051360083        0.0045202890        0.0021515977        0.0020169489        0.0018746835        0.0017299008        1.0000000017
 60.0000        0.9695977086        0.0066952284        0.0059460776        0.0052426451        0.0046060737        0.0022000785        0.0020554881        0.0019041751        0.0017525266        1.0000000016
 60.5000        0.9689521957        0.0068698585        0.0060838888        0.0053511736        0.0046941354        0.0022479118        0.0020930706        0.0019328676        0.0017748994        1.0000000015
 61.0000        0.9682988869        0.0070475445        0.0062239552        0.0054618673        0.0047847819        0.0022950237        0.0021297418        0.0019609264        0.0017972739        1.0000000015
 61.5000        0.9676362537        0.0072284708        0.0063665139        0.0055750148        0.0048783279        0.0023413724        0.0021655821        0.0019885464        0.0018199194        1.0000000014
 62.0000        0.9669626048        0.0074128448        0.0065118223        0.0056909192        0.0049750937        0.0023869495        0.0022007058        0.0020159473        0.0018431141        1.0000000014
 62.5000        0.9662761042        0.0076008957        0.0066601566        0.0058098961        0.0050754033        0.0024317794        0.0022352582        0.0020433692        0.0018671388        1.0000000014
 63.0000        0.9655747895        0.0077928748        0.0068118112        0.0059322726        0.0051795828        0.0024759190        0.0022694128        0.0020710678        0.0018922709        1.0000000014
 63.5000        0.9648565920        0.0079890548        0.0069670977        0.0060583857        0.0052879591        0.0025194563        0.0023033677        0.0020993088        0.0019187792        1.0000000014
 64.0000        0.9641193568        0.0081897294        0.0071263440        0.0061885811        0.0054008582        0.0025625087        0.0023373421        0.0021283631        0.0019469180        1.0000000014
 64.5000        0.9633608638        0.0083952130        0.0072898929        0.0063232115        0.0055186042        0.0026052208        0.0023715717        0.0021585013        0.0019769223        1.0000000014
 65.0000        0.9625788474        0.0086058396        0.0074581018        0.0064626359        0.0056415177        0.0026477619        0.0024063047        0.0021899888        0.0020090036        1.0000000014
 65.5000        0.9617710167        0.0088219630        0.0076313409        0.0066072181        0.0057699155        0.0026903228        0.0024417974        0.0022230810        0.0020433462        1.0000000015
 66.0000        0.9609350736        0.0090439554        0.0078099928        0.0067573256        0.0059041092        0.0027331124        0.0024783094        0.0022580190        0.0020801040        1.0000000015
 66.5000        0.9600687306        0.0092722077        0.0079944516        0.0069133290        0.0060444044        0.0027763549        0.0025161000        0.0022950252        0.0021193981        1.0000000015
 67.0000        0.9591697263        0.0095071283        0.0081851218        0.0070756004        0.0061911005        0.0028202856        0.0025554230        0.0023343002        0.0021613155        1.0000000016
 67.5000        0.9582358393        0.0097491427        0.0083824175        0.0072445134        0.0063444900        0.0028651472        0.0025965235        0.0023760196        0.0022059084        1.0000000016
 68.0000        0.9572649000        0.0099986934        0.0085867620        0.0074204419        0.0065048584        0.0029111867        0.0026396342        0.0024203315        0.0022531935        1.0000000017
 68.5000        0.9524113872        0.0113430095        0.0097385793        0.0084519622        0.0074044434        0.0029805147        0.0027523910        0.0025494896        0.0023682248        1.0000000017
 69.0000        0.9524048791        0.0113440694        0.0097395806        0.0084529129        0.0074053500        0.0029811850        0.0027530452        0.0025501290        0.0023688504        1.0000000018
 69.5000        0.9523822055        0.0113477685        0.0097430744        0.0084562293        0.0074085117        0.0029835165        0.0027553202        0.0025523515        0.0023710242        1.0000000018
 70.0000        0.9523332445        0.0113557773        0.0097506362        0.0084634049        0.0074153500        0.0029885389        0.0027602179        0.0025571336        0.0023756987        1.0000000018
 70.5000        0.9522479714        0.0113697751        0.0097638475        0.0084759358        0.0074272865        0.0029972571        0.0027687132        0.0025654217        0.0023837936        1.0000000019
 71.0000        0.9521165495        0.0113914440        0.0097842883        0.0084953135        0.0074457341        0.0030106373        0.0027817387        0.0025781168        0.0023961798        1.0000000019
 71.5000        0.9519294142        0.0114224624        0.0098135311        0.0085230171        0.0074720897        0.0030295934        0.0028001708        0.0025960594        0.0024136638        1.0000000020
 72.0000        0.9516773489        0.0114644998        0.0098531342        0.0085605076        0.0075077269        0.0030549755        0.0028248173        0.0026200172        0.0024369744        1.0000000020
 72.5000        0.9513515523        0.0115192116        0.0099046370        0.0086092213        0.0075539900        0.0030875589        0.0028564066        0.0026506732        0.0024667512        1.0000000020
 73.0000        0.9509436954        0.0115882348        0.0099695546        0.0086705647        0.0076121878        0.0031280352        0.0028955781        0.0026886166        0.0025035348        1.0000000021
 73.5000        0.9504459699        0.0116731838        0.0100493735        0.0087459101        0.0076835888        0.0031770052        0.0029428751        0.0027343356        0.0025477601        1.0000000021
 74.0000        0.9498511257        0.0117756474        0.0101455482        0.0088365909        0.0077694167        0.0032349725        0.0029987391        0.0027882114        0.0025997502        1.0000000021
 74.5000        0.9491524981        0.0118971854        0.0102594975        0.0089438989        0.0078708465        0.0033023403        0.0030635059        0.0028505153        0.0026597143        1.0000000021
 75.0000        0.9483440259        0.0120393267        0.0103926025        0.0090690806        0.0079890018        0.0033794081        0.0031374036        0.0029214068        0.0027277462        1.0000000021
 75.5000        0.9474202592        0.0122035673        0.0105462041        0.0092133360        0.0081249525        0.0034663710        0.0032205521        0.0030009341        0.0028038257        1.0000000021
 76.0000        0.9463763578        0.0123913692        0.0107216020        0.0093778162        0.0082797127        0.0035633207        0.0033129650        0.0030890365        0.0028878218        1.0000000021
 76.5000        0.9452080812        0.0126041592        0.0109200534        0.0095636229        0.0084542400        0.0036702474        0.0034145520        0.0031855482        0.0029794979        1.0000000022
 77.0000        0.9439117702        0.0128433289        0.0111427726        0.0097718077        0.0086494351        0.0037870429        0.0035251234        0.0032902036        0.0030785177        1.0000000022
 77.5000        0.9424843214        0.0131102348        0.0113909317        0.0100033723        0.0088661418        0.0039135059        0.0036443961        0.0034026441        0.0031844542        1.0000000022
 78.0000        0.9409231548        0.0134061986        0.0116656603        0.0102592692        0.0091051476        0.0040493471        0.0037720001        0.0035224265        0.0032967980        1.0000000022
 78.5000        0.9392261757        0.0137325087        0.0119680471        0.0105404025        0.0093671854        0.0041941963        0.0039074864        0.0036490315        0.0034149684        1.0000000022
 79.0000        0.9373917320        0.0140904209        0.0122991410        0.0108476300        0.0096529346        0.0043476099        0.0040503357        0.0037818741        0.0035383241        1.0000000022
 79.5000        0.9354185668        0.0144811603        0.0126599532        0.0111817641        0.0099630236        0.0045090787        0.0041999676        0.0039203133        0.0036661746        1.0000000021
 80.0000        0.9333057688        0.0149059235        0.0130514588        0.0115435752        0.0102980322        0.0046780370        0.0043557502        0.0040636635        0.0037977927        1.0000000021
 80.5000        0.9310527198        0.0153658806        0.0134745996        0.0119337935        0.0106584944        0.0048538714        0.0045170107        0.0042112058        0.0039324263        1.0000000021
 81.0000        0.9286590411        0.0158621775        0.0139302865        0.0123531121        0.0110449016        0.0050359301        0.0046830449        0.0043621981        0.0040693102        1.0000000021
 81.5000        0.9261245392        0.0163959389        0.0144194026        0.0128021902        0.0114577057        0.0052235321        0.0048531277        0.0045158873        0.0042076783        1.0000000021
 82.0000        0.9234491524        0.0169682709        0.0149428060        0.0132816562        0.0118973232        0.0054159766        0.0050265231        0.0046715192        0.0043467745        1.0000000021
 82.5000        0.9206328968        0.0175802641        0.0155013330        0.0137921114        0.0123641386        0.0056125520        0.0052024940        0.0048283489        0.0044858633        1.0000000021
 83.0000        0.9176758161        0.0182329963        0.0160958016        0.0143341332        0.0128585081        0.0058125446        0.0053803113        0.0049856507        0.0046242401        1.0000000021
 83.5000        0.9145779315        0.0189275361        0.0167270146        0.0149082789        0.0133807642        0.0060152475        0.0055592626        0.0051427268        0.0047612398        1.0000000021
 84.0000        0.9113391956        0.0196649454        0.0173957633        0.0155150897        0.0139312188        0.0062199678        0.0057386608        0.0052989157        0.0048962450        1.0000000021
 84.5000        0.9079594491        0.0204462829        0.0181028304        0.0161550937        0.0145101680        0.0064260344        0.0059178510        0.0054535995        0.0050286931        1.0000000021
 85.0000        0.9044383810        0.0212726068        0.0188489938        0.0168288102        0.0151178953        0.0066328050        0.0060962176        0.0056062102        0.0051580822        1.0000000021
 85.5000        0.9007754928        0.0221449780        0.0196350294        0.0175367527        0.0157546763        0.0068396716        0.0062731901        0.0057562353        0.0052839758        1.0000000020
 86.0000        0.8969700666        0.0230644626        0.0204617149        0.0182794330        0.0164207816        0.0070460664        0.0064482480        0.0059032225        0.0054060065        1.0000000020
 86.5000        0.8930211377        0.0240321347        0.0213298322        0.0190573638        0.0171164811        0.0072514663        0.0066209251        0.0060467826        0.0055238786        1.0000000020
 87.0000        0.8889274714        0.0250490787        0.0222401706        0.0198710627        0.0178420472        0.0074553967        0.0067908129        0.0061865925        0.0056373695        1.0000000020
 87.5000        0.8846875444        0.0261163916        0.0231935291        0.0207210545        0.0185977580        0.0076574352        0.0069575630        0.0063223965        0.0057463298        1.0000000020
 88.0000        0.8802995304        0.0272351849        0.0241907195        0.0216078745        0.0193839007        0.0078572131        0.0071208888        0.0064540072        0.0058506830        1.0000000020
 88.5000        0.8757612903        0.0284065863        0.0252325680        0.0225320708        0.0202007742        0.0080544180        0.0072805661        0.0065813046        0.0059504238        1.0000000020
 89.0000        0.8710703667        0.0296317410        0.0263199171        0.0234942069        0.0210486918        0.0082487943        0.0074364333        0.0067042357        0.0060456153        1.0000000020
 89.5000        0.8662239823        0.0309118128        0.0274536278        0.0244948633        0.0219279835        0.0084401438        0.0075883909        0.0068228118        0.0061363859        1.0000000020
 90.0000        0.8612190427        0.0322479845        0.0286345804        0.0255346397        0.0228389983        0.0086283249        0.0077363995        0.0069371066        0.0062229253        1.0000000020
 90.5000        0.8560521427        0.0336414586        0.0298636755        0.0266141564        0.0237821057        0.0088132523        0.0078804784        0.0070472525        0.0063054799        1.0000000020
 91.0000        0.8507195762        0.0350934568        0.0311418350        0.0277340554        0.0247576974        0.0089948949        0.0080207026        0.0071534366        0.0063843472        1.0000000020
 91.5000        0.8452173501        0.0366052193        0.0324700019        0.0288950008        0.0257661881        0.0091732740        0.0081572000        0.0072558969        0.0064598710        1.0000000020
 92.0000        0.8395412006        0.0381780043        0.0338491402        0.0300976799        0.0268080169        0.0093484611        0.0082901473        0.0073549171        0.0065324346        1.0000000020
 92.5000        0.8336866129        0.0398130856        0.0352802348        0.0313428032        0.0278836473        0.0095205745        0.0084197666        0.0074508219        0.0066024551        1.0000000020
 93.0000        0.8276488438        0.0415117513        0.0367642898        0.0326311035        0.0289935678        0.0096897765        0.0085463210        0.0075439713        0.0066703771        1.0000000020
 93.5000        0.8214229462        0.0432753007        0.0383023274        0.0339633359        0.0301382913        0.0098562694        0.0086701100        0.0076347552        0.0067366659        1.0000000020
 94.0000        0.8150037968        0.0451050415        0.0398953862        0.0353402764        0.0313183550        0.0100202921        0.0087914644        0.0077235881        0.0068018014        1.0000000020
 94.5000        0.8083861253        0.0470022855        0.0415445181        0.0367627206        0.0325343191        0.0101821160        0.0089107423        0.0078109031        0.0068662720        1.0000000020
 95.0000        0.8015645453        0.0489683451        0.0432507863        0.0382314817        0.0337867658        0.0103420406        0.0090283233        0.0078971462        0.0069305677        1.0000000020
 95.5000        0.7945335880        0.0510045274        0.0450152610        0.0397473880        0.0350762977        0.0105003895        0.0091446042        0.0079827712        0.0069951750        1.0000000020
 96.0000        0.7872877363        0.0531121295        0.0468390161        0.0413112804        0.0364035358        0.0106575058        0.0092599935        0.0080682339        0.0070605706        1.0000000020
 96.5000        0.7798214613        0.0552924316        0.0487231243        0.0429240092        0.0377691170        0.0108137480        0.0093749071        0.0081539870        0.0071272165        1.0000000020
 97.0000        0.7721292593        0.0575466903        0.0506686526        0.0445864302        0.0391736914        0.0109694858        0.0094897629        0.0082404750        0.0071955545        1.0000000020
 97.5000        0.7642056911        0.0598761313        0.0526766558        0.0462994005        0.0406179193        0.0111250952        0.0096049770        0.0083281297        0.0072660021        1.0000000020
 98.0000        0.7560454211        0.0622819408        0.0547481712        0.0480637743        0.0421024677        0.0112809550        0.0097209584        0.0084173656        0.0073389479        1.0000000020
 98.5000        0.7476432591        0.0647652565        0.0568842113        0.0498803974        0.0436280061        0.0114374424        0.0098381056        0.0085085755        0.0074147480        1.0000000020
 99.0000        0.7389942013        0.0673271582        0.0590857568        0.0517501018        0.0451952025        0.0115949291        0.0099568020        0.0086021274        0.0074937228        1.0000000020
 99.5000        0.7300934738        0.0699686572        0.0613537482        0.0536736995        0.0468047186        0.0117537777        0.0100774126        0.0086983604        0.0075761540        1.0000000020
100.0000        0.7209365764        0.0726906851        0.0636890776        0.0556519759        0.0484572047        0.0119143380        0.0102002805        0.0087975818        0.0076622819        1.0000000020
100.5000        0.7115193270        0.0754940825        0.0660925793        0.0576856830        0.0501532942        0.0120769436        0.0103257234        0.0089000647        0.0077523043        1.0000000020
101.0000        0.7018379075        0.0783795857        0.0685650201        0.0597755313        0.0518935976        0.0122419089        0.0104540314        0.0090060455        0.0078463740        1.0000000020
101.5000        0.6918889102        0.0813478141        0.0711070887        0.0619221821        0.0536786963        0.0124095263        0.0105854639        0.0091157218        0.0079445985        1.0000000020
102.0000        0.6816693850        0.0843992564        0.0737193852        0.0641262387        0.0555091357        0.0125800632        0.0107202476        0.0092292512        0.0080470390        1.0000000020
102.5000        0.6711768877        0.0875342555        0.0764024086        0.0663882373        0.0573854186        0.0127537598        0.0108585745        0.0093467497        0.0081537103        1.0000000020
103.0000        0.6604095286        0.0907529939        0.0791565457        0.0687086374        0.0593079966        0.0129308270        0.0110006005        0.0094682913        0.0082645809        1.0000000020
103.5000        0.6493660223        0.0940554778        0.0819820575        0.0710878118        0.0612772635        0.0131114445        0.0111464438        0.0095939072        0.0083795736        1.0000000020
104.0000        0.6380457379        0.0974415210        0.0848790664        0.0735260355        0.0632935457        0.0132957589        0.0112961844        0.0097235859        0.0084985663        1.0000000020
104.5000        0.6264487501        0.1009107279        0.0878475422        0.0760234755        0.0653570945        0.0134838828        0.0114498627        0.0098572730        0.0086213932        1.0000000020
105.0000        0.6145758901        0.1044624771        0.0908872881        0.0785801786        0.0674680764        0.0136758930        0.0116074798        0.0099948723        0.0087478467        1.0000000020
105.5000        0.6024287976        0.1080959030        0.0939979258        0.0811960597        0.0696265639        0.0138718305        0.0117689970        0.0101362459        0.0088776785        1.0000000020
106.0000        0.5900099727        0.1118098791        0.0971788809        0.0838708898        0.0718325258        0.0140716992        0.0119343361        0.0102812160        0.0090106024        1.0000000020
106.5000        0.5773228280        0.1156029997        0.1004293672        0.0866042830        0.0740858170        0.0142754658        0.0121033799        0.0104295657        0.0091462958        1.0000000020
107.0000        0.5643717402        0.1194735623        0.1037483714        0.0893956839        0.0763861680        0.0144830598        0.0122759727        0.0105810406        0.0092844031        1.0000000020
107.5000        0.5511621016        0.1234195499        0.1071346375        0.0922443543        0.0787331746        0.0146943736        0.0124519217        0.0107353513        0.0094245375        1.0000000020
108.0000        0.5377003706        0.1274386136        0.1105866510        0.0951493597        0.0811262870        0.0149092629        0.0126309977        0.0108921746        0.0095662848        1.0000000020
108.5000        0.5239941215        0.1315280556        0.1141026235        0.0981095564        0.0835647984        0.0151275475        0.0128129371        0.0110511563        0.0097092057        1.0000000020
109.0000        0.5100520924        0.1356848125        0.1176804769        0.1011235775        0.0860478345        0.0153490118        0.0129974432        0.0112119138        0.0098528394        1.0000000020
109.5000        0.4958842315        0.1399054404        0.1213178288        0.1041898196        0.0885743419        0.0155734065        0.0131841883        0.0113740384        0.0099967066        1.0000000020
110.0000        0.4815017409        0.1441860993        0.1250119773        0.1073064299        0.0911430770        0.0158004497        0.0133728159        0.0115370983        0.0101403137        1.0000000020
110.5000        0.4669171179        0.1485225404        0.1287598874        0.1104712926        0.0937525949        0.0160298285        0.0135629430        0.0117006420        0.0102831553        1.0000000020
111.0000        0.4521441920        0.1529100936        0.1325581774        0.1136820167        0.0964012386        0.0162612010        0.0137541628        0.0118642010        0.0104247188        1.0000000020
111.5000        0.4371981587        0.1573436571        0.1364031070        0.1169359239        0.0990871278        0.0164941985        0.0139460475        0.0120272937        0.0105644878        1.0000000020
112.0000        0.4220956078        0.1618176894        0.1402905657        0.1202300366        0.1018081493        0.0167284275        0.0141381514        0.0121894286        0.0107019457        1.0000000020
112.5000        0.4068545469        0.1663262026        0.1442160634        0.1235610680        0.1045619462        0.0169634728        0.0143300137        0.0123501081        0.0108365803        1.0000000020
113.0000        0.3914944181        0.1708627587        0.1481747222        0.1269254117        0.1073459091        0.0171988998        0.0145211627        0.0125088324        0.0109678872        1.0000000020
113.5000        0.3760361075        0.1754204689        0.1521612698        0.1303191337        0.1101571671        0.0174342581        0.0147111189        0.0126651037        0.0110953743        1.0000000020
114.0000        0.3605019477        0.1799919954        0.1561700356        0.1337379644        0.1129925802        0.0176690846        0.0148993987        0.0128184299        0.0112185656        1.0000000020
114.5000        0.3449157101        0.1845695571        0.1601949484        0.1371772937        0.1158487319        0.0179029067        0.0150855190        0.0129683292        0.0113370059        1.0000000020
115.0000        0.3293025893        0.1891449387        0.1642295372        0.1406321661        0.1187219236        0.0181352468        0.0152690012        0.0131143344        0.0114502647        1.0000000020
115.5000        0.3136891749        0.1937095038        0.1682669348        0.1440972793        0.1216081700        0.0183656257        0.0154493752        0.0132559976        0.0115579408        1.0000000020
116.0000        0.2981034136        0.1982542124        0.1722998838        0.1475669836        0.1245031956        0.0185935671        0.0156261845        0.0133928947        0.0116596666        1.0000000020
116.5000        0.2825745579        0.2027696430        0.1763207471        0.1510352847        0.1274024336        0.0188186020        0.0157989908        0.0135246301        0.0117551127        1.0000000020
117.0000        0.2671331017        0.2072460193        0.1803215211        0.1544958481        0.1303010254        0.0190402735        0.0159673789        0.0136508418        0.0118439922        1.0000000020
117.5000        0.2518107020        0.2116732421        0.1842938532        0.1579420073        0.1331938231        0.0192581414        0.0161309615        0.0137712060        0.0119260653        1.0000000020
118.0000        0.2366400855        0.2160409268        0.1882290635        0.1613667744        0.1360753931        0.0194717876        0.0162893848        0.0138854426        0.0120011438        1.0000000020
118.5000        0.2216549395        0.2203384456        0.1921181699        0.1647628536        0.1389400234        0.0196808207        0.0164423336        0.0139933198        0.0120690959        1.0000000020
119.0000        0.2068897868        0.2245549765        0.1959519197        0.1681226592        0.1417817313        0.0198848823        0.0165895366        0.0140946595        0.0121298502        1.0000000020
119.5000        0.1923798433        0.2286795568        0.1997208235        0.1714383360        0.1445942758        0.0200836515        0.0167307721        0.0141893422        0.0121834008        1.0000000020
120.0000        0.1781608588        0.2327011432        0.2034151960        0.1747017846        0.1473711717        0.0202768511        0.0168658731        0.0142773124        0.0122298112        1.0000000020
120.5000        0.1642689400        0.2366086773        0.2070252006        0.1779046897        0.1501057063        0.0204642530        0.0169947331        0.0143585833        0.0122692187        1.0000000020
121.0000        0.1507403558        0.2403911569        0.2105408993        0.1810385534        0.1527909603        0.0206456839        0.0171173115        0.0144332420        0.0123018389        1.0000000020
121.5000        0.1376113253        0.2440377125        0.2139523082        0.1840947316        0.1554198311        0.0208210310        0.0172336388        0.0145014540        0.0123279694        1.0000000020
122.0000        0.1249177884        0.2475376898        0.2172494568        0.1870644758        0.1579850596        0.0209902475        0.0173438223        0.0145634683        0.0123479934        1.0000000020
122.5000        0.1126951600        0.2508807358        0.2204224537        0.1899389786        0.1604792604        0.0211533578        0.0174480503        0.0146196215        0.0123623840        1.0000000020
123.0000        0.1009780674        0.2540568907        0.2234615557        0.1927094234        0.1628949558        0.0213104632        0.0175465977        0.0146703418        0.0123717064        1.0000000020
123.5000        0.0898000743        0.2570566829        0.2263572422        0.1953670383        0.1652246125        0.0214617469        0.0176398304        0.0147161530        0.0123766215        1.0000000020
124.0000        0.0791933902        0.2598712272        0.2291002935        0.1979031547        0.1674606830        0.0216074781        0.0177282090        0.0147576779        0.0123778882        1.0000000019
124.5000        0.0691885686        0.2624923262        0.2316818729        0.2003092691        0.1695956491        0.0217480171        0.0178122928        0.0147956411        0.0123763650        1.0000000019
125.0000        0.0598141955        0.2649125725        0.2340936116        0.2025771085        0.1716220694        0.0218838188        0.0178927431        0.0148308709        0.0123730117        1.0000000019
125.5000        0.0510965706        0.2671254515        0.2363276967        0.2046986999        0.1735326306        0.0220154357        0.0179703254        0.0148643017        0.0123688897        1.0000000019
126.0000        0.0430593842        0.2691254445        0.2383769611        0.2066664421        0.1753202006        0.0221435211        0.0180459114        0.0148969744        0.0123651625        1.0000000019
126.5000        0.0357233922        0.2709081287        0.2402349738        0.2084731799        0.1769778852        0.0222688308        0.0181204802        0.0149300367        0.0123630945        1.0000000019
127.0000        0.0291060938        0.2724702754        0.2418961314        0.2101122806        0.1784990870        0.0223922240        0.0181951182        0.0149647423        0.0123640493        1.0000000019
127.5000        0.0232214149        0.2738099425        0.2433557477        0.2115777116        0.1798775667        0.0225146637        0.0182710185        0.0150024491        0.0123694873        1.0000000019
128.0000        0.0598096930        0.2781820345        0.2432964552        0.2107374481        0.1817494927        0.0202012699        0.0023610234        0.0007395807        0.0029230045        1.0000000019
128.5000        0.0590650192        0.2793875179        0.2437886309        0.2105752740        0.1810387793        0.0204254602        0.0023112875        0.0006131369        0.0027948959        1.0000000019
129.0000        0.0584007786        0.2805825604        0.2442605138        0.2103856356        0.1802979202        0.0206153477        0.0022570541        0.0005013473        0.0026988441        1.0000000019
129.5000        0.0578093122        0.2817692623        0.2447139008        0.2101700513        0.1795282712        0.0207707967        0.0021987108        0.0004046586        0.0026350379        1.0000000019
130.0000        0.0572827877        0.2829497771        0.2451506591        0.2099301084        0.1787312445        0.0208918249        0.0021366694        0.0003234439        0.0026034870        1.0000000019
130.5000        0.0568132335        0.2841262982        0.2455727176        0.2096674591        0.1779083065        0.0209785974        0.0020713621        0.0002580018        0.0026040259        1.0000000019
131.0000        0.0563925763        0.2853010437        0.2459820573        0.2093838152        0.1770609758        0.0210314210        0.0020032382        0.0002085559        0.0026363184        1.0000000019
131.5000        0.0560126823        0.2864762407        0.2463807011        0.2090809420        0.1761908202        0.0210507379        0.0019327603        0.0001752544        0.0026998630        1.0000000019
132.0000        0.0556654022        0.2876541075        0.2467707015        0.2087606512        0.1752994534        0.0210371185        0.0018604004        0.0001581695        0.0027939978        1.0000000019
132.5000        0.0553426186        0.2888368362        0.2471541281        0.2084247926        0.1743885302        0.0209912548        0.0017866359        0.0001572979        0.0029179077        1.0000000019
133.0000        0.0550362977        0.2900265733        0.2475330536        0.2080752454        0.1734597416        0.0209139523        0.0017119463        0.0001725610        0.0030706307        1.0000000019
133.5000        0.0547385429        0.2912254001        0.2479095392        0.2077139083        0.1725148090        0.0208061232        0.0016368089        0.0002038052        0.0032510652        1.0000000019
134.0000        0.0544416511        0.2924353127        0.2482856186        0.2073426883        0.1715554774        0.0206687777        0.0015616952        0.0002508029        0.0034579780        1.0000000019
134.5000        0.0541381713        0.2936582017        0.2486632822        0.2069634893        0.1705835082        0.0205030164        0.0014870671        0.0003132536        0.0036900122        1.0000000019
135.0000        0.0538209639        0.2948958314        0.2490444598        0.2065782000        0.1696006708        0.0203100220        0.0014133732        0.0003907846        0.0039456961        1.0000000019
135.5000        0.0534832612        0.2961498205        0.2494310037        0.2061886803        0.1686087347        0.0200910512        0.0013410456        0.0004829534        0.0042234514        1.0000000019
136.0000        0.0531187284        0.2974216216        0.2498246710        0.2057967485        0.1676094589        0.0198474259        0.0012704959        0.0005892487        0.0045216030        1.0000000019
136.5000        0.0527215235        0.2987125031        0.2502271066        0.2054041664        0.1666045833        0.0195805255        0.0012021125        0.0007090927        0.0048383883        1.0000000019
137.0000        0.0522863556        0.3000235317        0.2506398255        0.2050126258        0.1655958174        0.0192917783        0.0011362575        0.0008418435        0.0051719666        1.0000000019
137.5000        0.0518085416        0.3013555560        0.2510641967        0.2046237338        0.1645848296        0.0189826534        0.0010732638        0.0009867978        0.0055204291        1.0000000019
138.0000        0.0512840590        0.3027091927        0.2515014270        0.2042389985        0.1635732369        0.0186546529        0.0010134325        0.0011431934        0.0058818090        1.0000000019
138.5000        0.0507095945        0.3040848146        0.2519525464        0.2038598149        0.1625625924        0.0183093036        0.0009570310        0.0013102127        0.0062540918        1.0000000019
139.0000        0.0500825880        0.3054825408        0.2524183945        0.2034874514        0.1615543752        0.0179481498        0.0009042907        0.0014869861        0.0066352254        1.0000000019
139.5000        0.0494012695        0.3069022308        0.2528996086        0.2031230368        0.1605499783        0.0175727461        0.0008554058        0.0016725956        0.0070231305        1.0000000019
140.0000        0.0486646894        0.3083434802        0.2533966137        0.2027675484        0.1595506983        0.0171846497        0.0008105319        0.0018660791        0.0074157111        1.0000000019
140.5000        0.0478727403        0.3098056216        0.2539096152        0.2024218009        0.1585577242        0.0167854144        0.0007697852        0.0020664349        0.0078108652        1.0000000019
141.0000        0.0470261693        0.3112877276        0.2544385929        0.2020864373        0.1575721280        0.0163765840        0.0007332419        0.0022726260        0.0082064949        1.0000000019
141.5000        0.0461265812        0.3127886185        0.2549832991        0.2017619207        0.1565948551        0.0159596862        0.0007009386        0.0024835853        0.0086005172        1.0000000019
142.0000        0.0451764296        0.3143068739        0.2555432587        0.2014485283        0.1556267164        0.0155362276        0.0006728723        0.0026982209        0.0089908742        1.0000000019
142.5000        0.0441789976        0.3158408484        0.2561177726        0.2011463477        0.1546683806        0.0151076881        0.0006490016        0.0029154217        0.0093755435        1.0000000019
143.0000        0.0431383658        0.3173886910        0.2567059253        0.2008552752        0.1537203687        0.0146755169        0.0006292476        0.0031340632        0.0097525482        1.0000000019
143.5000        0.0420593683        0.3189483691        0.2573065943        0.2005750162        0.1527830495        0.0142411280        0.0006134960        0.0033530132        0.0101199674        1.0000000019
144.0000        0.0409475356        0.3205176961        0.2579184648        0.2003050892        0.1518566369        0.0138058967        0.0006015987        0.0035711387        0.0104759452        1.0000000019
144.5000        0.0398090258        0.3220943625        0.2585400464        0.2000448316        0.1509411889        0.0133711567        0.0005933769        0.0037873121        0.0108187010        1.0000000019
145.0000        0.0386505430        0.3236759706        0.2591696944        0.1997934088        0.1500366086        0.0129381972        0.0005886235        0.0040004174        0.0111465385        1.0000000019
145.5000        0.0374792438        0.3252600720        0.2598056336        0.1995498262        0.1491426469        0.0125082607        0.0005871066        0.0042093576        0.0114578544        1.0000000019
146.0000        0.0363026334        0.3268442076        0.2604459857        0.1993129438        0.1482589083        0.0120825419        0.0005885726        0.0044130611        0.0117511474        1.0000000019
146.5000        0.0351284515        0.3284259490        0.2610887994        0.1990814939        0.1473848576        0.0116621855        0.0005927506        0.0046104885        0.0120250258        1.0000000019
147.0000        0.0339645494        0.3300029415        0.2617320828        0.1988541015        0.1465198298        0.0112482860        0.0005993561        0.0048006394        0.0122782154        1.0000000019
147.5000        0.0328187613        0.3315729468        0.2623738378        0.1986293069        0.1456630419        0.0108418868        0.0006080948        0.0049825592        0.0125095665        1.0000000019
148.0000        0.0316987686        0.3331338860        0.2630120965        0.1984055910        0.1448136069        0.0104439801        0.0006186675        0.0051553453        0.0127180601        1.0000000019
148.5000        0.0306119636        0.3346838799        0.2636449579        0.1981814025        0.1439705496        0.0100555070        0.0006307741        0.0053181536        0.0129028139        1.0000000019
149.0000        0.0295653108        0.3362212882        0.2642706247        0.1979551866        0.1431328249        0.0096773574        0.0006441177        0.0054702042        0.0130630874        1.0000000019
149.5000        0.0285652114        0.3377447447        0.2648874404        0.1977254147        0.1422993377        0.0093103710        0.0006584092        0.0056107872        0.0131982858        1.0000000019
150.0000        0.0276173721        0.3392531875        0.2654939244        0.1974906154        0.1414689635        0.0089553371        0.0006733708        0.0057392677        0.0133079634        1.0000000019
150.5000        0.0267266819        0.3407458852        0.2660888049        0.1972494050        0.1406405719        0.0086129959        0.0006887403        0.0058550903        0.0133918265        1.0000000019
151.0000        0.0258970994        0.3422224555        0.2666710494        0.1970005179        0.1398130494        0.0082840384        0.0007042741        0.0059577832        0.0134497345        1.0000000019
151.5000        0.0251315534        0.3436828776        0.2672398912        0.1967428362        0.1389853236        0.0079691072        0.0007197506        0.0060469615        0.0134817007        1.0000000019
152.0000        0.0244318603        0.3451274967        0.2677948506        0.1964754164        0.1381563875        0.0076687967        0.0007349724        0.0061223300        0.0134878914        1.0000000019
152.5000        0.0237986607        0.3465570189        0.2683357518        0.1961975153        0.1373253232        0.0073836535        0.0007497691        0.0061836845        0.0134686249        1.0000000019
153.0000        0.0232313771        0.3479724989        0.2688627330        0.1959086115        0.1364913251        0.0071141762        0.0007639981        0.0062309136        0.0134243686        1.0000000019
153.5000        0.0227281959        0.3493753168        0.2693762494        0.1956084236        0.1356537218        0.0068608152        0.0007775460        0.0062639981        0.0133557350        1.0000000019
154.0000        0.0222860752        0.3507671471        0.2698770700        0.1952969241        0.1348119960        0.0066239721        0.0007903289        0.0062830111        0.0132634774        1.0000000019
154.5000        0.0219007792        0.3521499173        0.2703662651        0.1949743481        0.1339658020        0.0064039991        0.0008022921        0.0062881154        0.0131484835        1.0000000019
155.0000        0.0215669409        0.3535257588        0.2708451875        0.1946411962        0.1331149813        0.0062011978        0.0008134086        0.0062795619        0.0130117689        1.0000000019
155.5000        0.0212781525        0.3548969489        0.2713154441        0.1942982322        0.1322595738        0.0060158178        0.0008236784        0.0062576856        0.0128544686        1.0000000019
156.0000        0.0210270838        0.3562658467        0.2717788610        0.1939464737        0.1313998257        0.0058480553        0.0008331253        0.0062229017        0.0126778288        1.0000000019
156.5000        0.0208056273        0.3576348222        0.2722374402        0.1935871766        0.1305361936        0.0056980511        0.0008417946        0.0061757001        0.0124831962        1.0000000019
157.0000        0.0206050669        0.3590061816        0.2726933095        0.1932218131        0.1296693440        0.0055658890        0.0008497494        0.0061166400        0.0122720084        1.0000000019
157.5000        0.0204162700        0.3603820899        0.2731486662        0.1928520430        0.1288001475        0.0054515934        0.0008570667        0.0060463434        0.0120457819        1.0000000019
158.0000        0.0202298969        0.3617644923        0.2736057160        0.1924796788        0.1279296692        0.0053551275        0.0008638335        0.0059654873        0.0118061004        1.0000000019
158.5000        0.0200366254        0.3631550379        0.2740666074        0.1921066451        0.1270591531        0.0052763914        0.0008701416        0.0058747972        0.0115546029        1.0000000019
159.0000        0.0198273843        0.3645550058        0.2745333640        0.1917349333        0.1261900023        0.0052152203        0.0008760832        0.0057750383        0.0112929705        1.0000000019
159.5000        0.0195935919        0.3659652382        0.2750078161        0.1913665510        0.1253237541        0.0051713827        0.0008817463        0.0056670076        0.0110229141        1.0000000019
160.0000        0.0193273917        0.3673860816        0.2754915331        0.1910034688        0.1244620508        0.0051445799        0.0008872091        0.0055515255        0.0107461614        1.0000000019
160.5000        0.0190218808        0.3688173380        0.2759857585        0.1906475647        0.1236066064        0.0051344449        0.0008925365        0.0054294279        0.0104644442        1.0000000019
161.0000        0.0186713235        0.3702582299        0.2764913506        0.1903005672        0.1227591694        0.0051405426        0.0008977749        0.0053015576        0.0101794864        1.0000000019
161.5000        0.0182713431        0.3717073787        0.2770087292        0.1899639995        0.1219214836        0.0051623704        0.0009029490        0.0051687568        0.0098929916        1.0000000019
162.0000        0.0178190871        0.3731628015        0.2775378317        0.1896391254        0.1210952461        0.0051993599        0.0009080583        0.0050318598        0.0096066321        1.0000000019
162.5000        0.0173133574        0.3746219232        0.2780780801        0.1893268985        0.1202820643        0.0052508792        0.0009130748        0.0048916861        0.0093220385        1.0000000019
163.0000        0.0167547015        0.3760816099        0.2786283596        0.1890279167        0.1194834129        0.0053162361        0.0009179412        0.0047490345        0.0090407895        1.0000000019
163.5000        0.0161454600        0.3775382191        0.2791870124        0.1887423842        0.1187005917        0.0053946826        0.0009225703        0.0046046778        0.0087644038        1.0000000019
164.0000        0.0154897648        0.3789876700        0.2797518456        0.1884700807        0.1179346858        0.0054854201        0.0009268447        0.0044593586        0.0084943317        1.0000000019
164.5000        0.0147934872        0.3804255318        0.2803201555        0.1882103408        0.1171865277        0.0055876055        0.0009306189        0.0043137854        0.0082319491        1.0000000019
165.0000        0.0140641331        0.3818471281        0.2808887683        0.1879620445        0.1164566659        0.0057003589        0.0009337205        0.0041686310        0.0079785517        1.0000000019
165.5000        0.0133106868        0.3832476566        0.2814540971        0.1877236189        0.1157453365        0.0058227709        0.0009359543        0.0040245301        0.0077353508        1.0000000019
166.0000        0.0125434033        0.3846223197        0.2820122143        0.1874930535        0.1150524435        0.0059539122        0.0009371059        0.0038820795        0.0075034700        1.0000000019
166.5000        0.0117735545        0.3859664647        0.2825589390        0.1872679277        0.1143775448        0.0060928423        0.0009369473        0.0037418384        0.0072839432        1.0000000019
167.0000        0.0110131324        0.3872757277        0.2830899373        0.1870454517        0.1137198475        0.0062386200        0.0009352424        0.0036043293        0.0070777136        1.0000000019
167.5000        0.0102745181        0.3885461788        0.2836008329        0.1868225201        0.1130782116        0.0063903129        0.0009317536        0.0034700406        0.0068856333        1.0000000019
168.0000        0.0095701236        0.3897744618        0.2840873266        0.1865957777        0.1124511633        0.0065470077        0.0009262491        0.0033394285        0.0067084638        1.0000000019
168.5000        0.0089120158        0.3909579256        0.2845453197        0.1863616957        0.1118369172        0.0067078202        0.0009185096        0.0032129208        0.0065468772        1.0000000019
169.0000        0.0083115363        0.3920947415        0.2849710393        0.1861166574        0.1112334086        0.0068719043        0.0009083365        0.0030909197        0.0064014583        1.0000000019
169.5000        0.0077789252        0.3931840003        0.2853611606        0.1858570513        0.1106383345        0.0070384607        0.0008955580        0.0029738054        0.0062727058        1.0000000019
170.0000        0.0073229646        0.3942257875        0.2857129228        0.1855793682        0.1100492028        0.0072067444        0.0008800371        0.0028619397        0.0061610348        1.0000000019
170.5000        0.0069506529        0.3952212298        0.2860242339        0.1852803012        0.1094633894        0.0073760706        0.0008616767        0.0027556687        0.0060667788        1.0000000019
171.0000        0.0066669229        0.3961725104        0.2862937600        0.1849568448        0.1088782012        0.0075458199        0.0008404258        0.0026553257        0.0059901910        1.0000000019
171.5000        0.0064744155        0.3970828522        0.2865209969        0.1846063896        0.1082909443        0.0077154407        0.0008162832        0.0025612332        0.0059314464        1.0000000019
172.0000        0.0063733189        0.3979564642        0.2867063175        0.1842268096        0.1076989945        0.0078844502        0.0007893010        0.0024737039        0.0058906421        1.0000000019
172.5000        0.0063612842        0.3987984536        0.2868509953        0.1838165399        0.1070998700        0.0080524336        0.0007595858        0.0023930416        0.0058677978        1.0000000019
173.0000        0.0064334214        0.3996147037        0.2869571989        0.1833746400        0.1064913018        0.0082190408        0.0007272992        0.0023195402        0.0058628558        1.0000000019
173.5000        0.0065823834        0.4004117187        0.2870279582        0.1829008410        0.1058713018        0.0083839808        0.0006926562        0.0022534822        0.0058756796        1.0000000019
174.0000        0.0067985363        0.4011964410        0.2870670996        0.1823955736        0.1052382256        0.0085470150        0.0006559218        0.0021951364        0.0059060526        1.0000000019
174.5000        0.0070702175        0.4019760444        0.2870791531        0.1818599758        0.1045908266        0.0087079472        0.0006174072        0.0021447543        0.0059536759        1.0000000019
175.0000        0.0073840738        0.4027577108        0.2870692306        0.1812958777        0.1039283012        0.0088666135        0.0005774627        0.0021025656        0.0060181659        1.0000000019
175.5000        0.0077254739        0.4035483962        0.2870428801        0.1807057634        0.1032503226        0.0090228694        0.0005364711        0.0020687737        0.0060990516        1.0000000019
176.0000        0.0080789810        0.4043545960        0.2870059182        0.1800927099        0.1025570599        0.0091765767        0.0004948387        0.0020435495        0.0061957720        1.0000000019
176.5000        0.0084288740        0.4051821171        0.2869642467        0.1794603045        0.1018491841        0.0093275898        0.0004529858        0.0020270266        0.0063076733        1.0000000019
177.0000        0.0087596967        0.4060358669        0.2869236590        0.1788125408        0.1011278578        0.0094757413        0.0004113372        0.0020192947        0.0064340076        1.0000000019
177.5000        0.0090568188        0.4069196674        0.2868896435        0.1781536979        0.1003947087        0.0096208283        0.0003703116        0.0020203947        0.0065739311        1.0000000019
178.0000        0.0093069847        0.4078361045        0.2868671894        0.1774882049        0.0996517880        0.0097626002        0.0003303116        0.0020303139        0.0067265047        1.0000000019
178.5000        0.0094988305        0.4087864192        0.2868606057        0.1768204958        0.0989015130        0.0099007465        0.0002917142        0.0020489815        0.0068906955        1.0000000019
179.0000        0.0096233454        0.4097704479        0.2868733580        0.1761548583        0.0981465956        0.0100348886        0.0002548621        0.0020762664        0.0070653797        1.0000000019
179.5000        0.0096742587        0.4107866170        0.2869079322        0.1754952837        0.0973899595        0.0101645718        0.0002200558        0.0021119755        0.0072493478        1.0000000019
180.0000        0.0096483309        0.4118319944        0.2869657313        0.1748453219        0.0966346467        0.0102892622        0.0001875483        0.0021558540        0.0074413122        1.0000000019
180.5000        0.0095455349        0.4129023992        0.2870470123        0.1742079490        0.0958837168        0.0104083459        0.0001575399        0.0022075875        0.0076399164        1.0000000019
181.0000        0.0093691127        0.4139925680        0.2871508654        0.1735854507        0.0951401439        0.0105211317        0.0001301768        0.0022668056        0.0078437470        1.0000000019
181.5000        0.0091255017        0.4150963733        0.2872752416        0.1729793301        0.0944067113        0.0106268579        0.0001055503        0.0023330880        0.0080513476        1.0000000019
182.0000        0.0088241249        0.4162070872        0.2874170276        0.1723902421        0.0936859117        0.0107247027        0.0000836991        0.0024059716        0.0082612351        1.0000000019
182.5000        0.0084770509        0.4173176819        0.2875721685        0.1718179591        0.0929798535        0.0108137980        0.0000646128        0.0024849597        0.0084719175        1.0000000019
183.0000        0.0080985292        0.4184211541        0.2877358355        0.1712613721        0.0922901791        0.0108932469        0.0000482386        0.0025695329        0.0086819135        1.0000000019
183.5000        0.0077044173        0.4195108621        0.2879026327        0.1707185267        0.0916179977        0.0109621443        0.0000344880        0.0026591599        0.0088897731        1.0000000019
184.0000        0.0073115189        0.4205808579        0.2880668380        0.1701866963        0.0909638363        0.0110195992        0.0000232467        0.0027533101        0.0090940986        1.0000000019
184.5000        0.0069368583        0.4216262024        0.2882226663        0.1696624894        0.0903276114        0.0110647594        0.0000143838        0.0028514654        0.0092935655        1.0000000019
185.0000        0.0065969203        0.4226432446        0.2883645473        0.1691419901        0.0897086236        0.0110968375        0.0000077628        0.0029531324        0.0094869432        1.0000000019
185.5000        0.0063068895        0.4236298524        0.2884874043        0.1686209254        0.0891055762        0.0111151360        0.0000032517        0.0030578531        0.0096731134        1.0000000019
186.0000        0.0060799207        0.4245855797        0.2885869221        0.1680948549        0.0885166174        0.0111190727        0.0000007330        0.0031652141        0.0098510874        1.0000000019
186.5000        0.0059264781        0.4255117598        0.2886597910        0.1675593746        0.0879394077        0.0111082037        0.0000001130        0.0032748541        0.0100200198        1.0000000019
187.0000        0.0058537753        0.4264115160        0.2887039138        0.1670103277        0.0873712077        0.0110822444        0.0000013284        0.0033864690        0.0101792196        1.0000000019
187.5000        0.0058653458        0.4272896836        0.2887185655        0.1664440119        0.0868089864        0.0110410860        0.0000043525        0.0034998133        0.0103281569        1.0000000019
188.0000        0.0059607727        0.4281526443        0.2887044943        0.1658573751        0.0862495445        0.0109848085        0.0000091974        0.0036146997        0.0104664653        1.0000000019
188.5000        0.0061355935        0.4290080749        0.2886639566        0.1652481895        0.0856896497        0.0109136887        0.0000159151        0.0037309940        0.0105939399        1.0000000019
189.0000        0.0063813951        0.4298646193        0.2886006810        0.1646151944        0.0851261774        0.0108282018        0.0000245945        0.0038486077        0.0107105308        1.0000000019
189.5000        0.0066861007        0.4307314952        0.2885197593        0.1639582015        0.0845562521        0.0107290182        0.0000353570        0.0039674869        0.0108163310        1.0000000019
190.0000        0.0070344439        0.4316180533        0.2884274663        0.1632781533        0.0839773832        0.0106169935        0.0000483484        0.0040875986        0.0109115614        1.0000000019
190.5000        0.0074086131        0.4325333083        0.2883310123        0.1625771324        0.0833875890        0.0104931531        0.0000637290        0.0042089147        0.0109965500        1.0000000019
191.0000        0.0077890428        0.4334854641        0.2882382398        0.1618583171        0.0827855025        0.0103586709        0.0000816616        0.0043313937        0.0110717092        1.0000000019
191.5000        0.0081553173        0.4344814591        0.2881572736        0.1611258833        0.0821704545        0.0102148433        0.0001022989        0.0044549622        0.0111375097        1.0000000019
192.0000        0.0084871454        0.4355265541        0.2880961422        0.1603848551        0.0815425288        0.0100630586        0.0001257690        0.0045794958        0.0111944530        1.0000000019
192.5000        0.0087653612        0.4366239895        0.2880623866        0.1596409091        0.0809025854        0.0099047635        0.0001521621        0.0047048013        0.0112430431        1.0000000019
193.0000        0.0089728987        0.4377747316        0.2880626777        0.1589001395        0.0802522504        0.0097414273        0.0001815176        0.0048306002        0.0112837587        1.0000000019
193.5000        0.0090956896        0.4389773271        0.2881024600        0.1581687934        0.0795938704        0.0095745056        0.0002138129        0.0049565157        0.0113170271        1.0000000019
194.0000        0.0091234349        0.4402278790        0.2881856443        0.1574529890        0.0789304332        0.0094054035        0.0002489548        0.0050820624        0.0113432008        1.0000000019
194.5000        0.0090502041        0.4415201512        0.2883143658        0.1567584299        0.0782654558        0.0092354419        0.0002867732        0.0052066421        0.0113625381        1.0000000019
195.0000        0.0088748245        0.4428458023        0.2884888249        0.1560901291        0.0776028447        0.0090658255        0.0003270196        0.0053295432        0.0113751881        1.0000000019
195.5000        0.0086010314        0.4441947431        0.2887072227        0.1554521578        0.0769467335        0.0088976166        0.0003693685        0.0054499469        0.0113811814        1.0000000019
196.0000        0.0082373626        0.4455556012        0.2889657986        0.1548474330        0.0763013046        0.0087317127        0.0004134235        0.0055669383        0.0113804274        1.0000000019
196.5000        0.0077967945        0.4469162753        0.2892589739        0.1542775562        0.0756706028        0.0085688313        0.0004587269        0.0056795240        0.0113727170        1.0000000019
197.0000        0.0072961288        0.4482645481        0.2895795976        0.1537427152        0.0750583503        0.0084095009        0.0005047736        0.0057866544        0.0113577331        1.0000000019
197.5000        0.0067551578        0.4495887287        0.2899192856        0.1532416547        0.0744677705        0.0082540594        0.0005510279        0.0058872515        0.0113350657        1.0000000019
198.0000        0.0061956455        0.4508782861        0.2902688387        0.1527717221        0.0739014325        0.0081026596        0.0005969431        0.0059802397        0.0113042347        1.0000000019
198.5000        0.0056401759        0.4521244379        0.2906187189        0.1523289884        0.0733611215        0.0079552812        0.0006419823        0.0060645800        0.0112647158        1.0000000019
199.0000        0.0051109316        0.4533206567        0.2909595609        0.1519084408        0.0728477458        0.0078117493        0.0006856403        0.0061393049        0.0112159717        1.0000000019
199.5000        0.0046284683        0.4544630605        0.2912826882        0.1515042395        0.0723612838        0.0076717587        0.0007274642        0.0062035536        0.0111574850        1.0000000019
200.0000        0.0042105575        0.4555506584        0.2915806072        0.1511100269        0.0719007781        0.0075349023        0.0007670732        0.0062566053        0.0110887930        1.0000000019
200.5000        0.0053450057        0.4559119722        0.2911820679        0.1505522566        0.0717480571        0.0074341345        0.0007562681        0.0061566270        0.0109136127        1.0000000019
201.0000        0.0052137013        0.4570443648        0.2913887609        0.1500456762        0.0712647243        0.0072736563        0.0007939947        0.0061805689        0.0107945545        1.0000000019
201.5000        0.0050754310        0.4581730706        0.2916018739        0.1495476920        0.0707891947        0.0071152955        0.0008310678        0.0061974790        0.0106688973        1.0000000019
202.0000        0.0049291720        0.4592968710        0.2918213920        0.1490589228        0.0703217753        0.0069595443        0.0008673511        0.0062074893        0.0105374841        1.0000000019
202.5000        0.0047742963        0.4604142771        0.2920470980        0.1485799632        0.0698628485        0.0068068854        0.0009027045        0.0062107533        0.0104011757        1.0000000019
203.0000        0.0046106360        0.4615235538        0.2922785437        0.1481113482        0.0694128628        0.0066577879        0.0009369842        0.0062074424        0.0102608429        1.0000000019
203.5000        0.0044385235        0.4626227605        0.2925150333        0.1476535186        0.0689723179        0.0065127032        0.0009700427        0.0061977433        0.0101173588        1.0000000019
204.0000        0.0042588000        0.4637098077        0.2927556198        0.1472067889        0.0685417477        0.0063720610        0.0010017294        0.0061818559        0.0099715913        1.0000000019
204.5000        0.0040727927        0.4647825280        0.2929991162        0.1467713210        0.0681216989        0.0062362655        0.0010318920        0.0061599909        0.0098243966        1.0000000019
205.0000        0.0038822608        0.4658387557        0.2932441207        0.1463471039        0.0677127085        0.0061056917        0.0010603784        0.0061323696        0.0096766125        1.0000000019
205.5000        0.0036893123        0.4668764118        0.2934890563        0.1459339427        0.0673152811        0.0059806832        0.0010870384        0.0060992228        0.0095290533        1.0000000019
206.0000        0.0034962968        0.4678935890        0.2937322211        0.1455314569        0.0669298653        0.0058615487        0.0011117275        0.0060607921        0.0093825046        1.0000000019
206.5000        0.0033056808        0.4688886308        0.2939718492        0.1451390884        0.0665568339        0.0057485609        0.0011343086        0.0060173299        0.0092377195        1.0000000019
207.0000        0.0031199119        0.4698601999        0.2942061763        0.1447561199        0.0661964659        0.0056419548        0.0011546562        0.0059691015        0.0090954153        1.0000000019
207.5000        0.0029412826        0.4708073304        0.2944335082        0.1443817028        0.0658489336        0.0055419270        0.0011726592        0.0059163869        0.0089562711        1.0000000019
208.0000        0.0027718009        0.4717294600        0.2946522863        0.1440148922        0.0655142952        0.0054486355        0.0011882237        0.0058594825        0.0088209256        1.0000000019
208.5000        0.0026130780        0.4726264395        0.2948611468        0.1436546889        0.0651924924        0.0053622001        0.0012012761        0.0057987035        0.0086899765        1.0000000019
209.0000        0.0024662407        0.4734985183        0.2950589696        0.1433000847        0.0648833554        0.0052827034        0.0012117649        0.0057343855        0.0085639794        1.0000000019
209.5000        0.0023318747        0.4743463045        0.2952449117        0.1429501083        0.0645866138        0.0052101921        0.0012196627        0.0056668863        0.0084434478        1.0000000019
210.0000        0.0022100041        0.4751707044        0.2954184253        0.1426038701        0.0643019126        0.0051446787        0.0012249668        0.0055965868        0.0083288531        1.0000000019
210.5000        0.0021001090        0.4759728417        0.2955792557        0.1422606009        0.0640288347        0.0050861436        0.0012276997        0.0055238914        0.0082206251        1.0000000019
211.0000        0.0020011807        0.4767539645        0.2957274207        0.1419196840        0.0637669261        0.0050345378        0.0012279076        0.0054492278        0.0081191527        1.0000000019
211.5000        0.0019118109        0.4775153440        0.2958631715        0.1415806765        0.0635157238        0.0049897854        0.0012256598        0.0053730456        0.0080247843        1.0000000019
212.0000        0.0018303102        0.4782581738        0.2959869380        0.1412433197        0.0632747847        0.0049517863        0.0012210460        0.0052958144        0.0079378286        1.0000000019
212.5000        0.0017548464        0.4789834766        0.2960992605        0.1409075358        0.0630437133        0.0049204193        0.0012141736        0.0052180210        0.0078585554        1.0000000019
213.0000        0.0016835933        0.4796920249        0.2962007138        0.1405734121        0.0628221862        0.0048955453        0.0012051643        0.0051401657        0.0077871962        1.0000000019
213.5000        0.0016148791        0.4803842841        0.2962918290        0.1402411733        0.0626099728        0.0048770102        0.0011941509        0.0050627578        0.0077239446        1.0000000019
214.0000        0.0015473222        0.4810603810        0.2963730176        0.1399111427        0.0624069488        0.0048646480        0.0011812734        0.0049863109        0.0076689572        1.0000000019
214.5000        0.0014799450        0.4817201031        0.2964445048        0.1395836951        0.0622131035        0.0048582839        0.0011666754        0.0049113375        0.0076223535        1.0000000019
215.0000        0.0014122549        0.4823629278        0.2965062775        0.1392592050        0.0620285383        0.0048577367        0.0011505014        0.0048383435        0.0075842167        1.0000000019
215.5000        0.0013442857        0.4829880829        0.2965580505        0.1389379938        0.0618534579        0.0048628216        0.0011328936        0.0047678226        0.0075545933        1.0000000019
216.0000        0.0012765966        0.4835946319        0.2965992557        0.1386202782        0.0616881526        0.0048733523        0.0011139902        0.0047002507        0.0075334936        1.0000000019
216.5000        0.0012102256        0.4841815814        0.2966290554        0.1383061262        0.0615329746        0.0048891426        0.0010939239        0.0046360808        0.0075208915        1.0000000019
217.0000        0.0011466019        0.4847479997        0.2966463790        0.1379954228        0.0613883084        0.0049100073        0.0010728211        0.0045757380        0.0075167238        1.0000000019
217.5000        0.0010874225        0.4852931393        0.2966499833        0.1376878483        0.0612545370        0.0049357632        0.0010508027        0.0045196153        0.0075208903        1.0000000019
218.0000        0.0010345033        0.4858165536        0.2966385297        0.1373828722        0.0611320077        0.0049662284        0.0010279843        0.0044680703        0.0075332526        1.0000000019
218.5000        0.0009896151        0.4863181959        0.2966106762        0.1370797629        0.0610209979        0.0050012214        0.0010044781        0.0044214212        0.0075536332        1.0000000019
219.0000        0.0009543198        0.4867984942        0.2965651747        0.1367776140        0.0609216849        0.0050405595        0.0009803945        0.0043799457        0.0075818146        1.0000000019
219.5000        0.0009298187        0.4872583919        0.2965009680        0.1364753851        0.0608341211        0.0050840562        0.0009558445        0.0043438786        0.0076175377        1.0000000019
220.0000        0.0009168287        0.4876993516        0.2964172776        0.1361719551        0.0607582170        0.0051315179        0.0009309417        0.0043134115        0.0076605007        1.0000000019
220.5000        0.0009154959        0.4881233187        0.2963136753        0.1358661838        0.0606937340        0.0051827405        0.0009058045        0.0042886921        0.0077103571        1.0000000019
221.0000        0.0009253558        0.4885326457        0.2961901321        0.1355569781        0.0606402866        0.0052375053        0.0008805578        0.0042698253        0.0077667152        1.0000000019
221.5000        0.0009453461        0.4889299834        0.2960470396        0.1352433575        0.0605973557        0.0052955749        0.0008553345        0.0042568740        0.0078291363        1.0000000019
222.0000        0.0009738713        0.4893181442        0.2958852007        0.1349245129        0.0605643117        0.0053566897        0.0008302758        0.0042498609        0.0078971348        1.0000000019
222.5000        0.0010089149        0.4896999506        0.2957057895        0.1345998560        0.0605404459        0.0054205644        0.0008055315        0.0042487707        0.0079701784        1.0000000019
223.0000        0.0010481927        0.4900780782        0.2955102827        0.1342690524        0.0605250086        0.0054868857        0.0007812598        0.0042535530        0.0080476889        1.0000000019
223.5000        0.0010893317        0.4904549089        0.2953003664        0.1339320374        0.0605172511        0.0055553111        0.0007576253        0.0042641251        0.0081290451        1.0000000019
224.0000        0.0011300621        0.4908324051        0.2950778261        0.1335890113        0.0605164684        0.0056254692        0.0007347978        0.0042803759        0.0082135858        1.0000000019
224.5000        0.0011684034        0.4912120184        0.2948444285        0.1332404149        0.0605220396        0.0056969617        0.0007129502        0.0043021694        0.0083006158        1.0000000019
225.0000        0.0012028282        0.4915946390        0.2946018040        0.1328868857        0.0605334622        0.0057693668        0.0006922556        0.0043293490        0.0083894115        1.0000000019
225.5000        0.0012323887        0.4919805952        0.2943513410        0.1325291985        0.0605503784        0.0058422446        0.0006728848        0.0043617410        0.0084792298        1.0000000019
226.0000        0.0012567905        0.4923697006        0.2940941009        0.1321681947        0.0605725901        0.0059151445        0.0006550041        0.0043991594        0.0085693171        1.0000000019
226.5000        0.0012764083        0.4927613496        0.2938307624        0.1318047062        0.0606000610        0.0059876130        0.0006387724        0.0044414089        0.0086589201        1.0000000019
227.0000        0.0012922380        0.4931546502        0.2935616002        0.1314394787        0.0606329065        0.0060592037        0.0006243395        0.0044882885        0.0087472966        1.0000000019
227.5000        0.0013057877        0.4935485870        0.2932865015        0.1310731039        0.0606713695        0.0061294865        0.0006118436        0.0045395946        0.0088337277        1.0000000019
228.0000        0.0013189181        0.4939421955        0.2930050196        0.1307059636        0.0607157859        0.0061980581        0.0006014106        0.0045951221        0.0089175285        1.0000000019
228.5000        0.0013336428        0.4943347354        0.2927164616        0.1303381930        0.0607665406        0.0062645504        0.0005931524        0.0046546660        0.0089980598        1.0000000019
229.0000        0.0013519092        0.4947258434        0.2924200020        0.1299696662        0.0608240185        0.0063286389        0.0005871662        0.0047180212        0.0090747364        1.0000000019
229.5000        0.0013753796        0.4951156513        0.2921148132        0.1296000061        0.0608885534        0.0063900479        0.0005835340        0.0047849806        0.0091470359        1.0000000019
230.0000        0.0014052334        0.4955048564        0.2918002005        0.1292286185        0.0609603800        0.0064485545        0.0005823222        0.0048553333        0.0092145031        1.0000000019
230.5000        0.0014420120        0.4958947345        0.2914757307        0.1288547482        0.0610395925        0.0065039889        0.0005835811        0.0049288606        0.0092767535        1.0000000019
231.0000        0.0014855216        0.4962870938        0.2911413385        0.1284775523        0.0611261143        0.0065562323        0.0005873445        0.0050053316        0.0093334730        1.0000000019
231.5000        0.0015348076        0.4966841694        0.2907974033        0.1280961857        0.0612196813        0.0066052115        0.0005936298        0.0050844983        0.0093844151        1.0000000019
232.0000        0.0015882039        0.4970884685        0.2904447852        0.1277098897        0.0613198409        0.0066508916        0.0006024372        0.0051660898        0.0094293952        1.0000000019
232.5000        0.0016434562        0.4975025789        0.2900848160        0.1273180771        0.0614259681        0.0066932651        0.0006137495        0.0052498076        0.0094682834        1.0000000019
233.0000        0.0016979095        0.4979289573        0.2897192451        0.1269204049        0.0615372965        0.0067323411        0.0006275324        0.0053353210        0.0095009941        1.0000000019
233.5000        0.0017487421        0.4983697202        0.2893501423        0.1265168275        0.0616529636        0.0067681327        0.0006437340        0.0054222640        0.0095274755        1.0000000019
234.0000        0.0017932256        0.4988264558        0.2889797662        0.1261076251        0.0617720662        0.0068006449        0.0006622856        0.0055102336        0.0095476989        1.0000000019
234.5000        0.0018289844        0.4993000778        0.2886104102        0.1256934038        0.0618937209        0.0068298643        0.0006831026        0.0055987906        0.0095616474        1.0000000019
235.0000        0.0018542288        0.4997907385        0.2882442392        0.1252750653        0.0620171253        0.0068557495        0.0007060858        0.0056874623        0.0095693072        1.0000000019
235.5000        0.0018679362        0.5002978095        0.2878831335        0.1248537503        0.0621416135        0.0068782265        0.0007311237        0.0057757484        0.0095706602        1.0000000019
236.0000        0.0018699608        0.5008199370        0.2875285561        0.1244307575        0.0622667016        0.0068971856        0.0007580953        0.0058631286        0.0095656794        1.0000000019
236.5000        0.0018610577        0.5013551664        0.2871814556        0.1240074476        0.0623921173        0.0069124834        0.0007868726        0.0059490730        0.0095543283        1.0000000019
237.0000        0.0018079054        0.5018735259        0.2868919047        0.1236206741        0.0624966593        0.0069268366        0.0008130980        0.0060254942        0.0095439036        1.0000000019
237.5000        0.0018176955        0.5024034224        0.2865441646        0.1232067057        0.0626308464        0.0069309589        0.0008453513        0.0061048259        0.0095160312        1.0000000019
238.0000        0.0018231214        0.5029444950        0.2862000763        0.1227917797        0.0627670976        0.0069308894        0.0008792904        0.0061818277        0.0094814245        1.0000000019
238.5000        0.0018235333        0.5034965661        0.2858605827        0.1223763271        0.0629050262        0.0069266883        0.0009147778        0.0062561803        0.0094403201        1.0000000019
239.0000        0.0018184834        0.5040591845        0.2855265538        0.1219608693        0.0630442715        0.0069184216        0.0009516651        0.0063275679        0.0093929846        1.0000000019
239.5000        0.0018077764        0.5046316282        0.2851987385        0.1215460003        0.0631845166        0.0069061579        0.0009897946        0.0063956796        0.0093397099        1.0000000019
240.0000        0.0017914956        0.5052129309        0.2848777246        0.1211323606        0.0633255035        0.0068899658        0.0010290005        0.0064602118        0.0092808086        1.0000000019
240.5000        0.0017700028        0.5058019299        0.2845639117        0.1207206069        0.0634670439        0.0068699133        0.0010691116        0.0065208719        0.0092166100        1.0000000019
241.0000        0.0017439080        0.5063973311        0.2842574998        0.1203113794        0.0636090229        0.0068460679        0.0011099533        0.0065773819        0.0091474577        1.0000000019
241.5000        0.0017140150        0.5069977859        0.2839584947        0.1199052702        0.0637513973        0.0068184983        0.0011513497        0.0066294836        0.0090737073        1.0000000019
242.0000        0.0016812453        0.5076019699        0.2836667319        0.1195027967        0.0638941865        0.0067872764        0.0011931265        0.0066769429        0.0089957257        1.0000000019
242.5000        0.0016465498        0.5082086576        0.2833819144        0.1191043813        0.0640374580        0.0067524816        0.0012351124        0.0067195555        0.0089138913        1.0000000019
243.0000        0.0016108168        0.5088167827        0.2831036626        0.1187103411        0.0641813079        0.0067142045        0.0012771413        0.0067571508        0.0088285942        1.0000000019
243.5000        0.0015747875        0.5094254782        0.2828315699        0.1183208884        0.0643258388        0.0066725509        0.0013190536        0.0067895966        0.0087402381        1.0000000019
244.0000        0.0015389869        0.5100340913        0.2825652590        0.1179361417        0.0644711373        0.0066276465        0.0013606965        0.0068168014        0.0086492414        1.0000000019
244.5000        0.0015036803        0.5106421711        0.2823044315        0.1175561467        0.0646172529        0.0065796397        0.0014019242        0.0068387168        0.0085560387        1.0000000019
245.0000        0.0014688588        0.5112494295        0.2820489060        0.1171809055        0.0647641811        0.0065287048        0.0014425973        0.0068553371        0.0084610818        1.0000000019
245.5000        0.0014342571        0.5118556802        0.2817986393        0.1168104099        0.0649118526        0.0064750422        0.0014825818        0.0068666990        0.0083648397        1.0000000019
246.0000        0.0013994016        0.5124607626        0.2815537281        0.1164446765        0.0650601299        0.0064188791        0.0015217472        0.0068728784        0.0082677983        1.0000000019
246.5000        0.0013636841        0.5130644588        0.2813143911        0.1160837785        0.0652088113        0.0063604670        0.0015599654        0.0068739869        0.0081704587        1.0000000019
247.0000        0.0013264522        0.5136664155        0.2810809317        0.1157278714        0.0653576435        0.0063000787        0.0015971084        0.0068701668        0.0080733338        1.0000000019
247.5000        0.0012871059        0.5142660786        0.2808536864        0.1153772088        0.0655063406        0.0062380038        0.0016330470        0.0068615860        0.0079769448        1.0000000019
248.0000        0.0012451898        0.5148626515        0.2806329642        0.1150321469        0.0656546083        0.0061745429        0.0016676502        0.0068484322        0.0078818160        1.0000000019
248.5000        0.0012004687        0.5154550817        0.2804189838        0.1146931358        0.0658021698        0.0061100019        0.0017007846        0.0068309071        0.0077884685        1.0000000019
249.0000        0.0011529776        0.5160420793        0.2802118158        0.1143606991        0.0659487929        0.0060446857        0.0017323151        0.0068092224        0.0076974138        1.0000000019
249.5000        0.0011030393        0.5166221672        0.2800113389        0.1140354033        0.0660943122        0.0059788923        0.0017621065        0.0067835952        0.0076091471        1.0000000019
250.0000        0.0010512469        0.5171937568        0.2798172129        0.1137178199        0.0662386461        0.0059129077        0.0017900255        0.0067542458        0.0075241403        1.0000000019
250.5000        0.0009984138        0.5177552432        0.2796288754        0.1134084851        0.0663818060        0.0058470026        0.0018159439        0.0067213968        0.0074428352        1.0000000019
251.0000        0.0009454948        0.5183051068        0.2794455616        0.1131078608        0.0665238955        0.0057814291        0.0018397423        0.0066852730        0.0073656381        1.0000000019
251.5000        0.0008934897        0.5188420110        0.2792663466        0.1128163024        0.0666651005        0.0057164206        0.0018613134        0.0066461032        0.0072929146        1.0000000019
252.0000        0.0008433406        0.5193648829        0.2790902050        0.1125340360        0.0668056697        0.0056521922        0.0018805662        0.0066041232        0.0072249861        1.0000000019
252.5000        0.0007958352        0.5198729671        0.2789160828        0.1122611495        0.0669458890        0.0055889430        0.0018974291        0.0065595791        0.0071621271        1.0000000019
253.0000        0.0007515292        0.5203658456        0.2787429708        0.1119975981        0.0670860512        0.0055268595        0.0019118520        0.0065127310        0.0071045645        1.0000000019
253.5000        0.0007106984        0.5208434196        0.2785699735        0.1117432239        0.0672264245        0.0054661194        0.0019238082        0.0064638570        0.0070524774        1.0000000019
254.0000        0.0006733253        0.5213058555        0.2783963625        0.1114977876        0.0673672247        0.0054068968        0.0019332946        0.0064132558        0.0070059991        1.0000000019
254.5000        0.0006391238        0.5217535020        0.2782216089        0.1112610097        0.0675085926        0.0053493657        0.0019403310        0.0063612487        0.0069652194        1.0000000019
255.0000        0.0006075989        0.5221867864        0.2780453897        0.1110326144        0.0676505813        0.0052937049        0.0019449574        0.0063081806        0.0069301882        1.0000000019
255.5000        0.0005781321        0.5226061055        0.2778675675        0.1108123737        0.0677931534        0.0052400998        0.0019472319        0.0062544185        0.0069009193        1.0000000019
256.0000        0.0005500836        0.5230117251        0.2776881446        0.1106001432        0.0679361906        0.0051887447        0.0019472262        0.0062003490        0.0068773948        1.0000000019
256.5000        0.0005228953        0.5234037003        0.2775071980        0.1103958872        0.0680795135        0.0051398424        0.0019450219        0.0061463740        0.0068595693        1.0000000019
257.0000        0.0004961819        0.5237818307        0.2773248028        0.1101996887        0.0682229099        0.0050936029        0.0019407064        0.0060929050        0.0068473735        1.0000000019
257.5000        0.0004697957        0.5241456552        0.2771409549        0.1100117428        0.0683661691        0.0050502402        0.0019343697        0.0060403566        0.0068407177        1.0000000019
258.0000        0.0004438579        0.5244944901        0.2769555018        0.1098323337        0.0685091167        0.0050099681        0.0019261011        0.0059891390        0.0068394934        1.0000000019
258.5000        0.0004187491        0.5248275054        0.2767680930        0.1096617987        0.0686516465        0.0049729949        0.0019159882        0.0059396508        0.0068435753        1.0000000019
259.0000        0.0003950616        0.5251438308        0.2765781560        0.1095004817        0.0687937460        0.0049395172        0.0019041163        0.0058922718        0.0068528204        1.0000000019
259.5000        0.0003735189        0.5254426776        0.2763849029        0.1093486842        0.0689355095        0.0049097147        0.0018905692        0.0058473570        0.0068670678        1.0000000019
260.0000        0.0003548738        0.5257234597        0.2761873674        0.1092066184        0.0690771402        0.0048837438        0.0018754311        0.0058052318        0.0068861356        1.0000000019
260.5000        0.0003397999        0.5259858968        0.2759844682        0.1090743692        0.0692189372        0.0048617337        0.0018587899        0.0057661884        0.0069098186        1.0000000019
261.0000        0.0003287918        0.5262300855        0.2757750916        0.1089518705        0.0693612711        0.0048437825        0.0018407401        0.0057304843        0.0069378845        1.0000000019
261.5000        0.0003220898        0.5264565258        0.2755581828        0.1088388995        0.0695045494        0.0048299557        0.0018213865        0.0056983422        0.0069700701        1.0000000019
262.0000        0.0003196399        0.5266660997        0.2753328325        0.1087350896        0.0696491764        0.0048202858        0.0018008472        0.0056699522        0.0070060785        1.0000000019
262.5000        0.0003210969        0.5268600017        0.2750983486        0.1086399613        0.0697955128        0.0048147740        0.0017792564        0.0056454741        0.0070455760        1.0000000019
263.0000        0.0003258702        0.5270396297        0.2748543026        0.1085529681        0.0699438393        0.0048133935        0.0017567652        0.0056250421        0.0070881912        1.0000000019
263.5000        0.0003332070        0.5272064523        0.2746005422        0.1084735497        0.0700943305        0.0048160940        0.0017335419        0.0056087691        0.0071335151        1.0000000019
264.0000        0.0003423007        0.5273618680        0.2743371693        0.1084011882        0.0702470417        0.0048228074        0.0017097711        0.0055967516        0.0071811038        1.0000000019
264.5000        0.0003524084        0.5275070786        0.2740644852        0.1083354578        0.0704019113        0.0048334538        0.0016856507        0.0055890737        0.0072304824        1.0000000019
265.0000        0.0003629602        0.5276429934        0.2737829098        0.1082760615        0.0705587787        0.0048479473        0.0016613884        0.0055858111        0.0072811515        1.0000000019
265.5000        0.0003736420        0.5277701802        0.2734928858        0.1082228504        0.0707174158        0.0048662019        0.0016371977        0.0055870329        0.0073325952        1.0000000019
266.0000        0.0003844385        0.5278888705        0.2731947821        0.1081758214        0.0708775681        0.0048881349        0.0016132927        0.0055928029        0.0073842908        1.0000000019
266.5000        0.0003956295        0.5279990185        0.2728888093        0.1081350938        0.0710390005        0.0049136701        0.0015898835        0.0056031781        0.0074357186        1.0000000019
267.0000        0.0004077359        0.5281004083        0.2725749609        0.1081008673        0.0712015404        0.0049427382        0.0015671720        0.0056182068        0.0074863721        1.0000000019
267.5000        0.0004214259        0.5281927912        0.2722529888        0.1080733672        0.0713651135        0.0049752754        0.0015453485        0.0056379240        0.0075357673        1.0000000019
268.0000        0.0004373923        0.5282760351        0.2719224186        0.1080527839        0.0715297656        0.0050112202        0.0015245888        0.0056623467        0.0075834508        1.0000000019
268.5000        0.0004562210        0.5283502619        0.2715826017        0.1080392156        0.0716956681        0.0050505079        0.0015050532        0.0056914674        0.0076290051        1.0000000019
269.0000        0.0004782718        0.5284159518        0.2712328000        0.1080326228        0.0718631044        0.0050930646        0.0014868862        0.0057252484        0.0076720519        1.0000000019
269.5000        0.0005035900        0.5284739967        0.2708722887        0.1080328007        0.0720324406        0.0051388003        0.0014702175        0.0057636154        0.0077122521        1.0000000019
270.0000        0.0005318671        0.5285256923        0.2705004645        0.1080393749        0.0722040814        0.0051876019        0.0014551638        0.0058064530        0.0077493031        1.0000000019
270.5000        0.0005624559        0.5285726691        0.2701169412        0.1080518218        0.0723784196        0.0052393276        0.0014418312        0.0058536016        0.0077829340        1.0000000019
271.0000        0.0005944425        0.5286167700        0.2697216191        0.1080695103        0.0725557847        0.0052938029        0.0014303181        0.0059048556        0.0078128987        1.0000000019
271.5000        0.0006267640        0.5286598909        0.2693147168        0.1080917613        0.0727363985        0.0053508185        0.0014207180        0.0059599651        0.0078389687        1.0000000019
272.0000        0.0006583562        0.5287038103        0.2688967583        0.1081179144        0.0729203445        0.0054101319        0.0014131216        0.0060186395        0.0078609251        1.0000000019
272.5000        0.0006883066        0.5287500311        0.2684685177        0.1081473941        0.0731075556        0.0054714709        0.0014076189        0.0060805536        0.0078785533        1.0000000019
273.0000        0.0007159892        0.5287996618        0.2680309285        0.1081797652        0.0732978229        0.0055345404        0.0014043001        0.0061453553        0.0078916385        1.0000000019
273.5000        0.0007411578        0.5288533555        0.2675849691        0.1082147679        0.0734908243        0.0055990310        0.0014032558        0.0062126755        0.0078999650        1.0000000020
274.0000        0.0007639798        0.5289113176        0.2671315447        0.1082523279        0.0736861703        0.0056646293        0.0014045760        0.0062821380        0.0079033184        1.0000000020
274.5000        0.0007850037        0.5289733827        0.2666713800        0.1082925395        0.0738834589        0.0057310282        0.0014083485        0.0063533692        0.0079014911        1.0000000020
275.0000        0.0008050622        0.5290391491        0.2662049436        0.1083356229        0.0740823339        0.0057979367        0.0014146560        0.0064260065        0.0078942910        1.0000000020
275.5000        0.0008251247        0.5291081508        0.2657324136        0.1083818616        0.0742825351        0.0058650870        0.0014235731        0.0064997045        0.0078815517        1.0000000020
276.0000        0.0008461217        0.5291800383        0.2652536924        0.1084315300        0.0744839348        0.0059322398        0.0014351622        0.0065741386        0.0078631441        1.0000000020
276.5000        0.0008687697        0.5292547396        0.2647684687        0.1084848220        0.0746865538        0.0059991852        0.0014494702        0.0066490051        0.0078389876        1.0000000020
277.0000        0.0008934258        0.5293325722        0.2642763179        0.1085417907        0.0748905528        0.0060657399        0.0014665246        0.0067240185        0.0078090596        1.0000000020
277.5000        0.0009199979        0.5294142882        0.2637768248        0.1086023105        0.0750962017        0.0061317415        0.0014863306        0.0067989049        0.0077734019        1.0000000020
278.0000        0.0009479288        0.5295010407        0.2632697098        0.1086660673        0.0753038291        0.0061970389        0.0015088686        0.0068733947        0.0077321241        1.0000000020
278.5000        0.0009762580        0.5295942762        0.2627549371        0.1087325797        0.0755137609        0.0062614818        0.0015340936        0.0069472129        0.0076854018        1.0000000020
279.0000        0.0010037563        0.5296955687        0.2622327864        0.1088012478        0.0757262561        0.0063249098        0.0015619351        0.0070200706        0.0076334713        1.0000000020
279.5000        0.0010291105        0.5298064215        0.2617038761        0.1088714240        0.0759414506        0.0063871422        0.0015922991        0.0070916576        0.0075766204        1.0000000020
280.0000        0.0010511315        0.5299280708        0.2611691315        0.1089424934        0.0761593184        0.0064479714        0.0016250713        0.0071616375        0.0075151762        1.0000000020
280.5000        0.0010689481        0.5300613229        0.2606297028        0.1090139524        0.0763796558        0.0065071593        0.0016601213        0.0072296476        0.0074494917        1.0000000020
281.0000        0.0010821555        0.5302064549        0.2600868448        0.1090854720        0.0766020941        0.0065644394        0.0016973076        0.0072953016        0.0073799321        1.0000000020
281.5000        0.0010908882        0.5303631978        0.2595417768        0.1091569359        0.0768261362        0.0066195223        0.0017364838        0.0073581978        0.0073068632        1.0000000020
282.0000        0.0010958058        0.5305308059        0.2589955473        0.1092284447        0.0770512159        0.0066721070        0.0017775032        0.0074179303        0.0072306419        1.0000000020
282.5000        0.0010979871        0.5307082033        0.2584489249        0.1093002878        0.0772767671        0.0067218939        0.0018202237        0.0074741032        0.0071516109        1.0000000020
283.0000        0.0010987509        0.5308941842        0.2579023343        0.1093728830        0.0775022952        0.0067686005        0.0018645108        0.0075263454        0.0070700976        1.0000000020
283.5000        0.0010994306        0.5310876317        0.2573558511        0.1094466968        0.0777274358        0.0068119755        0.0019102381        0.0075743253        0.0069864171        1.0000000020
284.0000        0.0011011417        0.5312877179        0.2568092548        0.1095221550        0.0779519936        0.0068518109        0.0019572870        0.0076177625        0.0069008786        1.0000000020
284.5000        0.0011045817        0.5314940494        0.2562621337        0.1095995608        0.0781759525        0.0068879507        0.0020055427        0.0076564357        0.0068137948        1.0000000020
285.0000        0.0011099000        0.5317067304        0.2557140238        0.1096790328        0.0783994553        0.0069202925        0.0020548897        0.0076901862        0.0067254913        1.0000000019
285.5000        0.0011166619        0.5319263303        0.2551645575        0.1097604753        0.0786227553        0.0069487852        0.0021052053        0.0077189145        0.0066363167        1.0000000019
286.0000        0.0011239163        0.5321537603        0.2546135972        0.1098435852        0.0788461474        0.0069734196        0.0021563530        0.0077425730        0.0065466498        1.0000000019
286.5000        0.0011303585        0.5323900784        0.2540613278        0.1099278968        0.0790698903        0.0069942154        0.0022081769        0.0077611541        0.0064569038        1.0000000019
287.0000        0.0011345600        0.5326362573        0.2535082920        0.1100128564        0.0792941317        0.0070112055        0.0022604971        0.0077746752        0.0063675268        1.0000000019
287.5000        0.0011352276        0.5328929577        0.2529553606        0.1100979159        0.0795188515        0.0070244198        0.0023131081        0.0077831638        0.0062789969        1.0000000019
288.0000        0.0011314437        0.5331603483        0.2524036407        0.1101826281        0.0797438311        0.0070338709        0.0023657803        0.0077866440        0.0061918147        1.0000000019
288.5000        0.0011228456        0.5334380077        0.2518543371        0.1102667279        0.0799686566        0.0070395451        0.0024182648        0.0077851262        0.0061064908        1.0000000019
289.0000        0.0011097070        0.5337249291        0.2513085913        0.1103501852        0.0801927562        0.0070413973        0.0024703004        0.0077786028        0.0060235325        1.0000000019
289.5000        0.0010929073        0.5340196290        0.2507673268        0.1104332178        0.0804154649        0.0070393545        0.0025216237        0.0077670492        0.0059434287        1.0000000019
290.0000        0.0010737887        0.5343203434        0.2502311276        0.1105162627        0.0806361077        0.0070333246        0.0025719798        0.0077504309        0.0058666364        1.0000000019
290.5000        0.0010539274        0.5346252764        0.2497001750        0.1105999091        0.0808540859        0.0070232104        0.0026211322        0.0077287161        0.0057935693        1.0000000019
291.0000        0.0010348572        0.5349328556        0.2491742536        0.1106848035        0.0810689520        0.0070089276        0.0026688717        0.0077018911        0.0057245894        1.0000000019
291.5000        0.0010177985        0.5352419472        0.2486528281        0.1107715446        0.0812804591        0.0069904226        0.0027150209        0.0076699775        0.0056600034        1.0000000019
292.0000        0.0010034413        0.5355519883        0.2481351771        0.1108605846        0.0814885755        0.0069676887        0.0027594365        0.0076330474        0.0056000625        1.0000000019
292.5000        0.0009918257        0.5358630100        0.2476205609        0.1109521582        0.0816934614        0.0069407775        0.0028020051        0.0075912356        0.0055449674        1.0000000019
293.0000        0.0009823433        0.5361755446        0.2471083918        0.1110462487        0.0818954102        0.0069098041        0.0028426375        0.0075447460        0.0054948758        1.0000000019
293.5000        0.0009738630        0.5364904324        0.2465983751        0.1111426019        0.0820947647        0.0068749443        0.0028812577        0.0074938507        0.0054499121        1.0000000018
294.0000        0.0009649569        0.5368085642        0.2460905932        0.1112407847        0.0822918232        0.0068364255        0.0029177926        0.0074388835        0.0054101780        1.0000000018
294.5000        0.0009541874        0.5371306083        0.2455855161        0.1113402782        0.0824867519        0.0067945105        0.0029521605        0.0073802261        0.0053757629        1.0000000018
295.0000        0.0009403981        0.5374567761        0.2450839338        0.1114405904        0.0826795206        0.0067494789        0.0029842626        0.0073182904        0.0053467510        1.0000000018
295.5000        0.0009229544        0.5377866740        0.2445868232        0.1115413657        0.0828698737        0.0067016067        0.0030139784        0.0072534990        0.0053232269        1.0000000018
296.0000        0.0009018837        0.5381192724        0.2440951727        0.1116424724        0.0830573438        0.0066511486        0.0030411658        0.0071862664        0.0053052762        1.0000000018
296.5000        0.0008778879        0.5384530027        0.2436097987        0.1117440502        0.0832413057        0.0065983253        0.0030656657        0.0071169831        0.0052929824        1.0000000018
297.0000        0.0008522221        0.5387859653        0.2431311890        0.1118465074        0.0834210619        0.0065433175        0.0030873125        0.0070460055        0.0052864205        1.0000000018
297.5000        0.0008264628        0.5391162094        0.2426594047        0.1119504677        0.0835959444        0.0064862674        0.0031059467        0.0069736521        0.0052856467        1.0000000018
298.0000        0.0008022088        0.5394420312        0.2421940611        0.1120566746        0.0837654144        0.0064272886        0.0031214293        0.0069002071        0.0052906868        1.0000000018
298.5000        0.0007807756        0.5397622305        0.2417343935        0.1121658719        0.0839291396        0.0063664810        0.0031336553        0.0068259304        0.0053015241        1.0000000018
299.0000        0.0007629433        0.5400762725        0.2412793959        0.1122786812        0.0840870354        0.0063039496        0.0031425639        0.0067510715        0.0053180885        1.0000000018
299.5000        0.0007488110        0.5403843201        0.2408280076        0.1123955016        0.0842392599        0.0062398236        0.0031481443        0.0066758860        0.0053402477        1.0000000018
300.0000        0.0007377881        0.5406871276        0.2403793102        0.1125164500        0.0843861627        0.0061742731        0.0031504348        0.0066006518        0.0053678036        1.0000000018
