       t         state 0 pop         state 1 pop         state 2 pop         state 3 pop         state 4 pop         state 5 pop         state 6 pop         state 7 pop         state 8 pop              poptot
  0.0000        1.0000000000        0.0000000000        0.0000000000        0.0000000000        0.0000000000        0.0000000000        0.0000000000        0.0000000000        0.0000000000        1.0000000000
  0.5000        0.9999178111        0.0000102834        0.0000102823        0.0000102812        0.0000102801        0.0000102679        0.0000102663        0.0000102647        0.0000102630        1.0000000000
  1.0000        0.9996693396        0.0000414896        0.0000414726        0.0000414549        0.0000414365        0.0000412402        0.0000412150        0.0000411891        0.0000411626        1.0000000001
  1.5000        0.9992549992        0.0000939224        0.0000938358        0.0000937456        0.0000936521        0.0000926560        0.0000925284        0.0000923975        0.0000922632        1.0000000003
  2.0000        0.9986795594        0.0001675731        0.0001672983        0.0001670127        0.0001667163        0.0001635723        0.0001631710        0.0001627595        0.0001623380        1.0000000005
  2.5000        0.9979520256        0.0002621191        0.0002614475        0.0002607500        0.0002600266        0.0002523871        0.0002514167        0.0002504227        0.0002494055        1.0000000008
  3.0000        0.9970853904        0.0003769275        0.0003755364        0.0003740926        0.0003725968        0.0003568858        0.0003549016        0.0003528720        0.0003507979        1.0000000011
  3.5000        0.9960962635        0.0005110632        0.0005084938        0.0005058301        0.0005030733        0.0004743070        0.0004706992        0.0004670150        0.0004632562        1.0000000014
  4.0000        0.9950043926        0.0006633019        0.0006589413        0.0006544259        0.0006497588        0.0006014283        0.0005954160        0.0005892882        0.0005830486        1.0000000017
  4.5000        0.9938320935        0.0008321478        0.0008252133        0.0008180427        0.0008106416        0.0007346672        0.0007253044        0.0007157826        0.0007061090        1.0000000020
  5.0000        0.9952479502        0.0009188150        0.0008452603        0.0007801971        0.0007223671        0.0004023164        0.0003805579        0.0003605179        0.0003420203        1.0000000023
  5.5000        0.9952463852        0.0009190225        0.0008454655        0.0007804002        0.0007225682        0.0004025050        0.0003807454        0.0003607045        0.0003422059        1.0000000025
  6.0000        0.9952404558        0.0009198106        0.0008462447        0.0007811713        0.0007233317        0.0004032181        0.0003814543        0.0003614094        0.0003429069        1.0000000027
  6.5000        0.9952272522        0.0009215735        0.0008479869        0.0007828943        0.0007250367        0.0004048012        0.0003830268        0.0003629717        0.0003444595        1.0000000028
  7.0000        0.9946521702        0.0010392328        0.0009547297        0.0008801295        0.0008139432        0.0004499242        0.0004253333        0.0004027048        0.0003818352        1.0000000029
  7.5000        0.9946510561        0.0010393812        0.0009548763        0.0008802745        0.0008140867        0.0004500580        0.0004254663        0.0004028370        0.0003819667        1.0000000029
  8.0000        0.9946459083        0.0010400685        0.0009555553        0.0008809457        0.0008147508        0.0004506751        0.0004260796        0.0004034467        0.0003825728        1.0000000028
  8.5000        0.9946336154        0.0010417167        0.0009571826        0.0008825538        0.0008163409        0.0004521449        0.0004275391        0.0004048963        0.0003840131        1.0000000027
  9.0000        0.9946111345        0.0010447485        0.0009601742        0.0008855078        0.0008192598        0.0004548222        0.0004301951        0.0004075318        0.0003866286        1.0000000026
  9.5000        0.9945755631        0.0010495823        0.0009649396        0.0008902093        0.0008239011        0.0004590369        0.0004343708        0.0004116696        0.0003907296        1.0000000024
 10.0000        0.9945242060        0.0010566263        0.0009718767        0.0008970457        0.0008306424        0.0004650833        0.0004403517        0.0004175864        0.0003965837        1.0000000021
 10.5000        0.9944546364        0.0010662735        0.0009813655        0.0009063846        0.0008398388        0.0004732112        0.0004483761        0.0004255092        0.0004044065        1.0000000019
 11.0000        0.9943647494        0.0010788966        0.0009937635        0.0009185684        0.0008518178        0.0004836182        0.0004586274        0.0004356072        0.0004143533        1.0000000016
 11.5000        0.9942528054        0.0010948433        0.0010094002        0.0009339086        0.0008668732        0.0004964433        0.0004712280        0.0004479861        0.0004265132        1.0000000014
 12.0000        0.9941174638        0.0011144326        0.0010285733        0.0009526819        0.0008852608        0.0005117631        0.0004862352        0.0004626845        0.0004409060        1.0000000011
 12.5000        0.9939578054        0.0011379504        0.0010515444        0.0009751259        0.0009071947        0.0005295885        0.0005036391        0.0004796716        0.0004574809        1.0000000009
 13.0000        0.9937733434        0.0011656467        0.0010785362        0.0010014362        0.0009328435        0.0005498650        0.0005233627        0.0004988489        0.0004761181        1.0000000007
 13.5000        0.9935640229        0.0011977326        0.0011097292        0.0010317635        0.0009623284        0.0005724740        0.0005452644        0.0005200525        0.0004966328        1.0000000005
 14.0000        0.9933302093        0.0012343786        0.0011452606        0.0010662119        0.0009957214        0.0005972360        0.0005691421        0.0005430591        0.0005187813        1.0000000004
 14.5000        0.9930726660        0.0012757127        0.0011852221        0.0011048379        0.0010330446        0.0006239161        0.0005947394        0.0005675923        0.0005422693        1.0000000004
 15.0000        0.9927925224        0.0013218196        0.0012296598        0.0011476500        0.0010742704        0.0006522304        0.0006217533        0.0005933322        0.0005667622        1.0000000003
 15.5000        0.9924912343        0.0013727404        0.0012785740        0.0011946096        0.0011193222        0.0006818547        0.0006498438        0.0006199256        0.0005918958        1.0000000003
 16.0000        0.9921705355        0.0014284727        0.0013319200        0.0012456313        0.0011680767        0.0007124337        0.0006786439        0.0006469970        0.0006172895        1.0000000004
 16.5000        0.9918323860        0.0014889718        0.0013896095        0.0013005856        0.0012203657        0.0007435911        0.0007077713        0.0006741612        0.0006425585        1.0000000005
 17.0000        0.9914789145        0.0015541516        0.0014515120        0.0013593010        0.0012759796        0.0007749404        0.0007368392        0.0007010351        0.0006673273        1.0000000006
 17.5000        0.9911123601        0.0016238868        0.0015174580        0.0014215672        0.0013346714        0.0008060962        0.0007654686        0.0007272505        0.0006912420        1.0000000008
 18.0000        0.9907350127        0.0016980152        0.0015872414        0.0014871387        0.0013961607        0.0008366849        0.0007932997        0.0007524652        0.0007139824        1.0000000010
 18.5000        0.9903491552        0.0017763405        0.0016606232        0.0015557390        0.0014601386        0.0008663552        0.0008200023        0.0007763744        0.0007352729        1.0000000012
 19.0000        0.9899570080        0.0018586352        0.0017373351        0.0016270647        0.0015262732        0.0008947882        0.0008452858        0.0007987200        0.0007548913        1.0000000014
 19.5000        0.9895606779        0.0019446445        0.0018170839        0.0017007909        0.0015942145        0.0009217063        0.0008689079        0.0008192988        0.0007726768        1.0000000016
 20.0000        0.9891621131        0.0020340898        0.0018995555        0.0017765759        0.0016636006        0.0009468806        0.0008906820        0.0008379693        0.0007885349        1.0000000018
 20.5000        0.9887630629        0.0021266729        0.0019844200        0.0018540662        0.0017340632        0.0009701378        0.0009104821        0.0008546555        0.0008024413        1.0000000020
 21.0000        0.9883650470        0.0022220797        0.0020713359        0.0019329021        0.0018052333        0.0009913645        0.0009282474        0.0008693500        0.0008144422        1.0000000021
 21.5000        0.9879693303        0.0023199851        0.0021599550        0.0020127228        0.0018767472        0.0010105107        0.0009439834        0.0008821142        0.0008246537        1.0000000023
 22.0000        0.9875769074        0.0024200565        0.0022499275        0.0020931713        0.0019482515        0.0010275911        0.0009577624        0.0008930767        0.0008332580        1.0000000024
 22.5000        0.9871884941        0.0025219588        0.0023409061        0.0021739001        0.0020194090        0.0010426848        0.0009697218        0.0009024297        0.0008404981        1.0000000024
 23.0000        0.9868045277        0.0026253581        0.0024325511        0.0022545752        0.0020899029        0.0010559337        0.0009800597        0.0009104236        0.0008466706        1.0000000025
 23.5000        0.9864251740        0.0027299261        0.0025245342        0.0023348812        0.0021594419        0.0010675384        0.0009890304        0.0009173597        0.0008521165        1.0000000025
 24.0000        0.9860503415        0.0028353440        0.0026165432        0.0024145252        0.0022277643        0.0010777537        0.0009969372        0.0009235822        0.0008572112        1.0000000025
 24.5000        0.9856797016        0.0029413060        0.0027082855        0.0024932406        0.0022946412        0.0010868817        0.0010041247        0.0009294678        0.0008623534        1.0000000024
 25.0000        0.9853127137        0.0030475232        0.0027994915        0.0025707907        0.0023598799        0.0010952650        0.0010109693        0.0009354160        0.0008679530        1.0000000024
 25.5000        0.9849486546        0.0031537267        0.0028899184        0.0026469716        0.0024233265        0.0011032776        0.0010178697        0.0009418374        0.0008744199        1.0000000023
 26.0000        0.9845866502        0.0032596705        0.0029793523        0.0027216145        0.0024848678        0.0011113163        0.0010252367        0.0009491428        0.0008821511        1.0000000022
 26.5000        0.9851260954        0.0030863302        0.0027819397        0.0025204560        0.0022941781        0.0011482587        0.0010771013        0.0010123591        0.0009532835        1.0000000020
 27.0000        0.9851245187        0.0030865542        0.0027821581        0.0025206693        0.0022943869        0.0011484398        0.0010772803        0.0010125361        0.0009534585        1.0000000019
 27.5000        0.9851163031        0.0030877234        0.0027832981        0.0025217829        0.0022954764        0.0011493819        0.0010782111        0.0010134562        0.0009543686        1.0000000018
 28.0000        0.9841047981        0.0033176849        0.0029850419        0.0027000298        0.0024539707        0.0012172010        0.0011409893        0.0010717177        0.0010085682        1.0000000016
 28.5000        0.9841010947        0.0033182142        0.0029855574        0.0027005328        0.0024544625        0.0012176244        0.0011414075        0.0010721310        0.0010089769        1.0000000015
 29.0000        0.9840881862        0.0033200634        0.0029873580        0.0027022895        0.0024561793        0.0012190977        0.0011428621        0.0010735679        0.0010103972        1.0000000013
 29.5000        0.9840603275        0.0033240695        0.0029912570        0.0027060918        0.0024598934        0.0012222684        0.0011459903        0.0010766560        0.0010134472        1.0000000012
 30.0000        0.9840118886        0.0033310707        0.0029980673        0.0027127287        0.0024663725        0.0012277603        0.0011514036        0.0010819946        0.0010187148        1.0000000011
 30.5000        0.9839374449        0.0033419002        0.0030085935        0.0027229793        0.0024763710        0.0012361594        0.0011596724        0.0010901393        0.0010267410        1.0000000010
 31.0000        0.9838318610        0.0033573792        0.0030236259        0.0027376044        0.0024906224        0.0012480008        0.0011713133        0.0011015882        0.0010380056        1.0000000009
 31.5000        0.9836903656        0.0033783115        0.0030439332        0.0027573400        0.0025098319        0.0012637577        0.0011867766        0.0011167694        0.0010529150        1.0000000008
 32.0000        0.9835086177        0.0034054769        0.0030702566        0.0027828905        0.0025346687        0.0012838312        0.0012064368        0.0011360310        0.0010717913        1.0000000008
 32.5000        0.9832827617        0.0034396270        0.0031033043        0.0028149231        0.0025657607        0.0013085420        0.0012305840        0.0011596331        0.0010948649        1.0000000008
 33.0000        0.9830094710        0.0034814797        0.0031437464        0.0028540622        0.0026036884        0.0013381246        0.0012594182        0.0011877417        0.0011222685        1.0000000008
 33.5000        0.9826859797        0.0035317152        0.0031922107        0.0029008849        0.0026489799        0.0013727234        0.0012930457        0.0012204260        0.0011540352        1.0000000008
 34.0000        0.9823101020        0.0035909727        0.0032492786        0.0029559170        0.0027021076        0.0014123902        0.0013314776        0.0012576574        0.0011900978        1.0000000008
 34.5000        0.9818802397        0.0036598470        0.0033154818        0.0030196300        0.0027634843        0.0014570843        0.0013746303        0.0012993113        0.0012302922        1.0000000008
 35.0000        0.9813953773        0.0037388861        0.0033913005        0.0030924382        0.0028334613        0.0015066751        0.0014223294        0.0013451710        0.0012743619        1.0000000009
 35.5000        0.9808550665        0.0038285895        0.0034771610        0.0031746976        0.0029123266        0.0015609456        0.0014743137        0.0013949345        0.0013219661        1.0000000010
 36.0000        0.9802593998        0.0039294065        0.0035734344        0.0032667045        0.0030003042        0.0016195981        0.0015302430        0.0014482217        0.0013726889        1.0000000010
 36.5000        0.9796089747        0.0040417361        0.0036804367        0.0033686949        0.0030975542        0.0016822622        0.0015897063        0.0015045854        0.0014260508        1.0000000011
 37.0000        0.9789048499        0.0041659262        0.0037984281        0.0034808457        0.0032041736        0.0017485028        0.0016522318        0.0015635220        0.0014815210        1.0000000012
 37.5000        0.9781484940        0.0043022746        0.0039276145        0.0036032752        0.0033201978        0.0018178305        0.0017172985        0.0016244843        0.0015385320        1.0000000013
 38.0000        0.9773417292        0.0044510292        0.0040681477        0.0037360446        0.0034456029        0.0018897122        0.0017843477        0.0016868945        0.0015964933        1.0000000014
 38.5000        0.9764866703        0.0046123899        0.0042201281        0.0038791608        0.0035803081        0.0019635830        0.0018527963        0.0017501585        0.0016548066        1.0000000015
 39.0000        0.9755856613        0.0047865102        0.0043836064        0.0040325785        0.0037241796        0.0020388575        0.0019220490        0.0018136788        0.0017128802        1.0000000016
 39.5000        0.9746412104        0.0049734992        0.0045585863        0.0041962039        0.0038770339        0.0021149427        0.0019915120        0.0018768694        0.0017701437        1.0000000017
 40.0000        0.9736559257        0.0051734247        0.0047450277        0.0043698981        0.0040386427        0.0021912490        0.0020606049        0.0019391679        0.0018260611        1.0000000017
 40.5000        0.9726324512        0.0053863155        0.0049428497        0.0045534808        0.0042087367        0.0022672028        0.0021287733        0.0020000484        0.0018801434        1.0000000018
 41.0000        0.9715734067        0.0056121649        0.0051519349        0.0047467351        0.0043870112        0.0023422569        0.0021954998        0.0020590325        0.0019319597        1.0000000019
 41.5000        0.9704813307        0.0058509340        0.0053721327        0.0049494114        0.0045731310        0.0024159011        0.0022603147        0.0021156998        0.0019811466        1.0000000019
 42.0000        0.9693586277        0.0061025552        0.0056032635        0.0051612324        0.0047667353        0.0024876716        0.0023228044        0.0021696957        0.0020274161        1.0000000019
 42.5000        0.9682075218        0.0063669362        0.0058451232        0.0053818978        0.0049674437        0.0025571590        0.0023826196        0.0022207393        0.0020705614        1.0000000020
 43.0000        0.9670300152        0.0066439635        0.0060974872        0.0056110890        0.0051748611        0.0026240156        0.0024394819        0.0022686278        0.0021104609        1.0000000020
 43.5000        0.9658278543        0.0069335066        0.0063601149        0.0058484739        0.0053885831        0.0026879612        0.0024931877        0.0023132404        0.0021470799        1.0000000020
 44.0000        0.9646025020        0.0072354218        0.0066327540        0.0060937121        0.0056082013        0.0027487873        0.0025436121        0.0023545403        0.0021804712        1.0000000020
 44.5000        0.9633551168        0.0075495561        0.0069151446        0.0063464589        0.0058333087        0.0028063602        0.0025907105        0.0023925739        0.0022107724        1.0000000020
 45.0000        0.9620865392        0.0078757512        0.0072070241        0.0066063706        0.0060635039        0.0028606224        0.0026345181        0.0024274698        0.0022382028        1.0000000020
 45.5000        0.9607972846        0.0082138473        0.0075081305        0.0068731084        0.0062983965        0.0029115930        0.0026751489        0.0024594352        0.0022630577        1.0000000020
 46.0000        0.9594875427        0.0085636868        0.0078182068        0.0071463429        0.0065376111        0.0029593665        0.0027127926        0.0024887509        0.0022857017        1.0000000020
 46.5000        0.9581571827        0.0089251179        0.0081370049        0.0074257580        0.0067807915        0.0030041102        0.0027477107        0.0025157655        0.0023065605        1.0000000019
 47.0000        0.9568057639        0.0092979984        0.0084642891        0.0077110546        0.0070276047        0.0030460610        0.0027802306        0.0025408878        0.0023261119        1.0000000019
 47.5000        0.9554325516        0.0096821983        0.0087998395        0.0080019544        0.0072777442        0.0030855204        0.0028107395        0.0025645787        0.0023448752        1.0000000019
 48.0000        0.9530091814        0.0111813565        0.0096063364        0.0083420978        0.0073119468        0.0029513666        0.0027259801        0.0025254594        0.0023462768        1.0000000018
 48.5000        0.9530044901        0.0111821077        0.0096070484        0.0083427761        0.0073125955        0.0029518572        0.0027264600        0.0025259293        0.0023467375        1.0000000018
 49.0000        0.9529850169        0.0111852306        0.0096100080        0.0083455946        0.0073152909        0.0029538909        0.0027284485        0.0025278760        0.0023486453        1.0000000017
 49.5000        0.9529401440        0.0111924447        0.0096168430        0.0083521017        0.0073215116        0.0029585668        0.0027330182        0.0025323471        0.0023530246        1.0000000017
 50.0000        0.9528593135        0.0112054841        0.0096291923        0.0083638538        0.0073327414        0.0029669634        0.0027412181        0.0025403641        0.0023608710        1.0000000017
 50.5000        0.9527321270        0.0112260906        0.0096486986        0.0083824067        0.0073504599        0.0029801231        0.0027540576        0.0025529052        0.0023731329        1.0000000016
 51.0000        0.9525484385        0.0112560070        0.0096770008        0.0084093088        0.0073761345        0.0029990375        0.0027724910        0.0025708888        0.0023906947        1.0000000016
 51.5000        0.9522984389        0.0112969712        0.0097157282        0.0084460930        0.0074112125        0.0030246339        0.0027974031        0.0025951593        0.0024143615        1.0000000015
 52.0000        0.9519727319        0.0113507105        0.0097664936        0.0084942707        0.0074571142        0.0030577633        0.0028295972        0.0026264739        0.0024448462        1.0000000015
 52.5000        0.9515624000        0.0114189368        0.0098308884        0.0085553256        0.0075152261        0.0030991903        0.0028697843        0.0026654920        0.0024827581        1.0000000015
 53.0000        0.9510590605        0.0115033419        0.0099104771        0.0086307084        0.0075868951        0.0031495841        0.0029185744        0.0027127661        0.0025285939        1.0000000014
 53.5000        0.9504549113        0.0116055935        0.0100067935        0.0087218318        0.0076734236        0.0032095117        0.0029764694        0.0027687351        0.0025827316        1.0000000014
 54.0000        0.9497427648        0.0117273316        0.0101213365        0.0088300666        0.0077760650        0.0032794326        0.0030438582        0.0028337197        0.0026454262        1.0000000014
 54.5000        0.9489160729        0.0118701660        0.0102555671        0.0089567384        0.0078960200        0.0033596955        0.0031210138        0.0029079202        0.0027168075        1.0000000014
 55.0000        0.9479689397        0.0120356736        0.0104109056        0.0091031243        0.0080344333        0.0034505363        0.0032080920        0.0029914155        0.0027968810        1.0000000014
 55.5000        0.9468961254        0.0122253966        0.0105887298        0.0092704512        0.0081923917        0.0035520783        0.0033051324        0.0030841654        0.0028855305        1.0000000013
 56.0000        0.9456930400        0.0124408413        0.0107903735        0.0094598939        0.0083709223        0.0036643336        0.0034120607        0.0031860135        0.0029825225        1.0000000013
 56.5000        0.9443557278        0.0126834770        0.0110171255        0.0096725744        0.0085709917        0.0037872066        0.0035286926        0.0032966931        0.0030875127        1.0000000013
 57.0000        0.9428808441        0.0129547361        0.0112702292        0.0099095611        0.0087935051        0.0039204978        0.0036547399        0.0034158333        0.0032000548        1.0000000013
 57.5000        0.9412656235        0.0132560138        0.0115508828        0.0101718696        0.0090393072        0.0040639100        0.0037898170        0.0035429679        0.0033196094        1.0000000013
 58.0000        0.9395078428        0.0135886692        0.0118602400        0.0104604627        0.0093091829        0.0042170549        0.0039334492        0.0036775444        0.0034455551        1.0000000013
 58.5000        0.9376057765        0.0139540256        0.0121994106        0.0107762521        0.0096038583        0.0043794612        0.0040850816        0.0038189347        0.0035772007        1.0000000013
 59.0000        0.9355581494        0.0143533723        0.0125694627        0.0111200995        0.0099240027        0.0045505827        0.0042440891        0.0039664459        0.0037137970        1.0000000013
 59.5000        0.9333640835        0.0147879661        0.0129714238        0.0114928191        0.0102702312        0.0047298079        0.0044097867        0.0041193324        0.0038545506        1.0000000013
 60.0000        0.9310230434        0.0152590336        0.0134062834        0.0118951797        0.0106431067        0.0049164695        0.0045814403        0.0042768078        0.0039986367        1.0000000013
 60.5000        0.9285347793        0.0157677732        0.0138749953        0.0123279074        0.0110431434        0.0051098547        0.0047582783        0.0044380572        0.0041452125        1.0000000013
 61.0000        0.9258992685        0.0163153573        0.0143784802        0.0127916888        0.0114708102        0.0053092147        0.0049395023        0.0046022492        0.0042934302        1.0000000013
 61.5000        0.9231166575        0.0169029360        0.0149176290        0.0132871737        0.0119265336        0.0055137757        0.0051242983        0.0047685479        0.0044424497        1.0000000013
 62.0000        0.9201872042        0.0175316389        0.0154933056        0.0138149792        0.0124107022        0.0057227485        0.0053118475        0.0049361246        0.0045914506        1.0000000013
 62.5000        0.9171112218        0.0182025786        0.0161063505        0.0143756928        0.0129236702        0.0059353384        0.0055013370        0.0051041684        0.0047396436        1.0000000013
 63.0000        0.9138890248        0.0189168539        0.0167575837        0.0149698763        0.0134657615        0.0061507546        0.0056919694        0.0052718967        0.0048862804        1.0000000013
 63.5000        0.9105208773        0.0196755525        0.0174478085        0.0155980695        0.0140372740        0.0063682192        0.0058829723        0.0054385644        0.0050306636        1.0000000013
 64.0000        0.9070069452        0.0204797546        0.0181778149        0.0162607937        0.0146384834        0.0065869757        0.0060736067        0.0056034725        0.0051721546        1.0000000013
 64.5000        0.8608977725        0.0408271926        0.0316807190        0.0252959620        0.0206634361        0.0059361135        0.0053682922        0.0048782116        0.0044523019        1.0000000014
 65.0000        0.8608880617        0.0408290411        0.0316823787        0.0252974730        0.0206648270        0.0059369805        0.0053691295        0.0048790220        0.0044530878        1.0000000014
 65.5000        0.8608513159        0.0408360434        0.0316886647        0.0253031950        0.0206700935        0.0059402573        0.0053722932        0.0048820830        0.0044560553        1.0000000014
 66.0000        0.8607693520        0.0408516884        0.0317027066        0.0253159744        0.0206818526        0.0059475516        0.0053793326        0.0048888911        0.0044626521        1.0000000014
 66.5000        0.8606239650        0.0408795012        0.0317276629        0.0253386803        0.0207027393        0.0059604551        0.0053917779        0.0049009197        0.0044743000        1.0000000014
 67.0000        0.8603970242        0.0409230358        0.0317667140        0.0253741976        0.0207353981        0.0059805282        0.0054111236        0.0049196029        0.0044923769        1.0000000014
 67.5000        0.8600705628        0.0409858685        0.0318230549        0.0254254188        0.0207824754        0.0060092862        0.0054388143        0.0049463198        0.0045182008        1.0000000014
 68.0000        0.8596268614        0.0410715909        0.0318998883        0.0254952373        0.0208466116        0.0060481863        0.0054762308        0.0049823800        0.0045530148        1.0000000014
 68.5000        0.8590485242        0.0411838044        0.0320004185        0.0255865407        0.0209304347        0.0060986160        0.0055246780        0.0050290112        0.0045979737        1.0000000014
 69.0000        0.8583185487        0.0413261134        0.0321278453        0.0257022046        0.0210365533        0.0061618824        0.0055853740        0.0050873474        0.0046541323        1.0000000014
 69.5000        0.8574203870        0.0415021200        0.0322853581        0.0258450868        0.0211675506        0.0062392033        0.0056594404        0.0051584197        0.0047224354        1.0000000014
 70.0000        0.8563380004        0.0417154184        0.0324761310        0.0260180220        0.0213259795        0.0063316989        0.0057478942        0.0052431474        0.0048037097        1.0000000014
 70.5000        0.8550559063        0.0419695896        0.0327033171        0.0262238164        0.0215143568        0.0064403854        0.0058516413        0.0053423317        0.0048986568        1.0000000014
 71.0000        0.8535592178        0.0422681962        0.0329700443        0.0264652438        0.0217351591        0.0065661693        0.0059714711        0.0054566509        0.0050078491        1.0000000014
 71.5000        0.8518336762        0.0426147774        0.0332794102        0.0267450406        0.0219908180        0.0067098437        0.0061080528        0.0055866564        0.0051317262        1.0000000014
 72.0000        0.8498656767        0.0430128444        0.0336344785        0.0270659019        0.0222837170        0.0068720852        0.0062619325        0.0057327712        0.0052705940        1.0000000014
 72.5000        0.8476422879        0.0434658755        0.0340382740        0.0274304782        0.0226161876        0.0070534523        0.0064335327        0.0058952889        0.0054246245        1.0000000014
 73.0000        0.8451512646        0.0439773110        0.0344937795        0.0278413716        0.0229905061        0.0072543846        0.0066231518        0.0060743747        0.0055938576        1.0000000014
 73.5000        0.8423810562        0.0445505490        0.0350039312        0.0283011326        0.0234088912        0.0074752036        0.0068309655        0.0062700678        0.0057782042        1.0000000014
 74.0000        0.8393208093        0.0451889407        0.0355716156        0.0288122572        0.0238735012        0.0077161138        0.0070570290        0.0064822840        0.0059774506        1.0000000015
 74.5000        0.8359603659        0.0458957848        0.0361996653        0.0293771838        0.0243864316        0.0079772056        0.0073012806        0.0067108203        0.0061912637        1.0000000015
 75.0000        0.8322902582        0.0466743237        0.0368908555        0.0299982904        0.0249497132        0.0082584577        0.0075635452        0.0069553602        0.0064191974        1.0000000015
 75.5000        0.8283017002        0.0475277373        0.0376479003        0.0306778922        0.0255653101        0.0085597416        0.0078435399        0.0072154798        0.0066607001        1.0000000015
 76.0000        0.8239865757        0.0484591385        0.0384734489        0.0314182385        0.0262351178        0.0088808261        0.0081408790        0.0074906541        0.0069151228        1.0000000015
 76.5000        0.8193374262        0.0494715674        0.0393700815        0.0322215102        0.0269609616        0.0092213819        0.0084550807        0.0077802647        0.0071817272        1.0000000015
 77.0000        0.8143474351        0.0505679851        0.0403403054        0.0330898170        0.0277445947        0.0095809877        0.0087855733        0.0080836079        0.0074596952        1.0000000015
 77.5000        0.8090104136        0.0517512680        0.0413865506        0.0340251946        0.0285876965        0.0099591358        0.0091317024        0.0083999020        0.0077481380        1.0000000015
 78.0000        0.8033207842        0.0530242010        0.0425111650        0.0350296014        0.0294918709        0.0103552387        0.0094927383        0.0087282965        0.0080461056        1.0000000015
 78.5000        0.7972735663        0.0543894703        0.0437164100        0.0361049156        0.0304586444        0.0107686349        0.0098678832        0.0090678802        0.0083525966        1.0000000015
 79.0000        0.7908643617        0.0558496563        0.0450044551        0.0372529319        0.0314894641        0.0111985959        0.0102562789        0.0094176899        0.0086665677        1.0000000015
 79.5000        0.7840893420        0.0574072251        0.0463773720        0.0384753573        0.0325856956        0.0116443331        0.0106570146        0.0097767190        0.0089869428        1.0000000015
 80.0000        0.7769452379        0.0590645201        0.0478371292        0.0397738076        0.0337486204        0.0121050037        0.0110691340        0.0101439257        0.0093126228        1.0000000015
 80.5000        0.7694293310        0.0608237531        0.0493855850        0.0411498027        0.0349794336        0.0125797178        0.0114916430        0.0105182414        0.0096424938        1.0000000015
 81.0000        0.7615394479        0.0626869939        0.0510244807        0.0426047622        0.0362792408        0.0130675448        0.0119235169        0.0108985783        0.0099754359        1.0000000015
 81.5000        0.7532739576        0.0646561603        0.0527554331        0.0441400002        0.0376490548        0.0135675195        0.0123637073        0.0112838373        0.0103103313        1.0000000015
 82.0000        0.7446317732        0.0667330066        0.0545799267        0.0457567193        0.0390897922        0.0140786485        0.0128111488        0.0116729150        0.0106460713        1.0000000015
 82.5000        0.7356123555        0.0689191119        0.0564993045        0.0474560053        0.0406022695        0.0145999154        0.0132647653        0.0120647102        0.0109815640        1.0000000015
 83.0000        0.7262157224        0.0712158676        0.0585147594        0.0492388198        0.0421871983        0.0151302872        0.0137234761        0.0124581307        0.0113157399        1.0000000015
 83.5000        0.7164424611        0.0736244638        0.0606273237        0.0511059940        0.0438451813        0.0156687189        0.0141862017        0.0128520987        0.0116475582        1.0000000015
 84.0000        0.7062937449        0.0761458756        0.0628378592        0.0530582204        0.0455767064        0.0162141586        0.0146518684        0.0132455563        0.0119760117        1.0000000015
 84.5000        0.6957713544        0.0787808482        0.0651470457        0.0550960449        0.0473821411        0.0167655521        0.0151194138        0.0136374700        0.0123001312        1.0000000015
 85.0000        0.6848777024        0.0815298814        0.0675553695        0.0572198582        0.0492617269        0.0173218473        0.0155877907        0.0140268354        0.0126189897        1.0000000015
 85.5000        0.6736158636        0.0843932140        0.0700631108        0.0594298864        0.0512155719        0.0178819978        0.0160559711        0.0144126804        0.0129317054        1.0000000015
 86.0000        0.6619896081        0.0873708067        0.0726703308        0.0617261814        0.0532436443        0.0184449666        0.0165229501        0.0147940690        0.0132374445        1.0000000015
 86.5000        0.6500034384        0.0904623250        0.0753768587        0.0641086103        0.0553457645        0.0190097291        0.0169877484        0.0151701036        0.0135354235        1.0000000015
 87.0000        0.6376626308        0.0936671219        0.0781822768        0.0665768448        0.0575215971        0.0195752764        0.0174494155        0.0155399277        0.0138249105        1.0000000015
 87.5000        0.6249732794        0.0969842197        0.0810859071        0.0691303500        0.0597706425        0.0201406173        0.0179070319        0.0159027273        0.0141052263        1.0000000015
 88.0000        0.6119423441        0.1004122915        0.0840867954        0.0717683723        0.0620922279        0.0207047810        0.0183597110        0.0162577329        0.0143757455        1.0000000015
 88.5000        0.5985776998        0.1039496433        0.0871836970        0.0744899277        0.0644854982        0.0212668186        0.0188066011        0.0166042200        0.0146358959        1.0000000015
 89.0000        0.5848881892        0.1075941950        0.0903750609        0.0772937892        0.0669494060        0.0218258053        0.0192468861        0.0169415105        0.0148851592        1.0000000015
 89.5000        0.5708836766        0.1113434629        0.0936590143        0.0801784742        0.0694827020        0.0223808416        0.0196797874        0.0172689726        0.0151230699        1.0000000015
 90.0000        0.5565751019        0.1151945408        0.0970333476        0.0831422317        0.0720839246        0.0229310545        0.0201045644        0.0175860210        0.0153492150        1.0000000015
 90.5000        0.5419745368        0.1191440837        0.1004954983        0.0861830294        0.0747513898        0.0234755987        0.0205205150        0.0178921174        0.0155632324        1.0000000015
 91.0000        0.5270952385        0.1231882902        0.1040425369        0.0892985408        0.0774831804        0.0240136578        0.0209269765        0.0181867698        0.0157648105        1.0000000015
 91.5000        0.5119517040        0.1273228876        0.1076711517        0.0924861328        0.0802771359        0.0245444448        0.0213233258        0.0184695324        0.0159536865        1.0000000015
 92.0000        0.4965597212        0.1315431169        0.1113776354        0.0957428531        0.0831308419        0.0250672030        0.0217089799        0.0187400051        0.0161296449        1.0000000015
 92.5000        0.4809364178        0.1358437203        0.1151578720        0.0990654185        0.0860416201        0.0255812070        0.0220833959        0.0189978332        0.0162925167        1.0000000015
 93.0000        0.4651003058        0.1402189300        0.1190073249        0.1024502035        0.0890065183        0.0260857629        0.0224460717        0.0192427068        0.0164421775        1.0000000015
 93.5000        0.4490713216        0.1446624592        0.1229210264        0.1058932299        0.0920223012        0.0265802099        0.0227965460        0.0194743605        0.0165785467        1.0000000015
 94.0000        0.4328708595        0.1491674956        0.1268935689        0.1093901574        0.0950854415        0.0270639204        0.0231343988        0.0196925733        0.0167015861        1.0000000015
 94.5000        0.4165217989        0.1537266979        0.1309190977        0.1129362755        0.0981921116        0.0275363013        0.0234592518        0.0198971680        0.0168112988        1.0000000015
 95.0000        0.4000485223        0.1583321947        0.1349913062        0.1165264960        0.1013381770        0.0279967952        0.0237707695        0.0200880115        0.0169077291        1.0000000015
 95.5000        0.3834769253        0.1629755882        0.1391034331        0.1201553485        0.1045191900        0.0284448813        0.0240686592        0.0202650149        0.0169909610        1.0000000015
 96.0000        0.3668344141        0.1676479604        0.1432482629        0.1238169768        0.1077303844        0.0288800771        0.0243526729        0.0204281340        0.0170611188        1.0000000015
 96.5000        0.3501498931        0.1723398843        0.1474181293        0.1275051375        0.1109666732        0.0293019399        0.0246226078        0.0205773698        0.0171183666        1.0000000015
 97.0000        0.3334537384        0.1770414397        0.1516049211        0.1312132015        0.1142226457        0.0297100688        0.0248783081        0.0207127693        0.0171629089        1.0000000015
 97.5000        0.3167777572        0.1817422334        0.1558000932        0.1349341573        0.1174925688        0.0301041065        0.0251196669        0.0208344271        0.0171949911        1.0000000015
 98.0000        0.3001551320        0.1864314256        0.1599946804        0.1386606182        0.1207703883        0.0304837421        0.0253466277        0.0209424866        0.0172149006        1.0000000015
 98.5000        0.2836203487        0.1910977610        0.1641793159        0.1423848317        0.1240497339        0.0308487134        0.0255591872        0.0210371418        0.0172229681        1.0000000015
 99.0000        0.2672091065        0.1957296061        0.1683442542        0.1460986929        0.1273239261        0.0311988099        0.0257573973        0.0211186394        0.0172195692        1.0000000015
 99.5000        0.2509582100        0.2003149929        0.1724793990        0.1497937613        0.1305859858        0.0315338760        0.0259413684        0.0211872813        0.0172051268        1.0000000015
100.0000        0.2349054417        0.2048416689        0.1765743360        0.1534612817        0.1338286468        0.0318538143        0.0261112722        0.0212434272        0.0171801128        1.0000000015
100.5000        0.2190894143        0.2092971528        0.1806183708        0.1570922085        0.1370443716        0.0321585895        0.0262673452        0.0212874976        0.0171450512        1.0000000015
101.0000        0.2035494032        0.2136687983        0.1846005727        0.1606772354        0.1402253703        0.0324482320        0.0264098919        0.0213199767        0.0171005209        1.0000000015
101.5000        0.1883251574        0.2179438631        0.1885098233        0.1642068287        0.1433636229        0.0327228423        0.0265392890        0.0213414160        0.0170471587        1.0000000015
102.0000        0.1734566898        0.2221095852        0.1923348717        0.1676712654        0.1464509052        0.0329825949        0.0266559887        0.0213524379        0.0169856628        1.0000000015
102.5000        0.1589840464        0.2261532655        0.1960643941        0.1710606762        0.1494788185        0.0332277428        0.0267605231        0.0213537389        0.0169167959        1.0000000015
103.0000        0.1449470549        0.2300623565        0.1996870606        0.1743650928        0.1524388235        0.0334586221        0.0268535081        0.0213460938        0.0168413891        1.0000000015
103.5000        0.1313850537        0.2338245573        0.2031916057        0.1775745007        0.1553222769        0.0336756560        0.0269356473        0.0213303589        0.0167603449        1.0000000015
104.0000        0.1183366014        0.2374279130        0.2065669059        0.1806788958        0.1581204735        0.0338793594        0.0270077357        0.0213074757        0.0166746412        1.0000000015
104.5000        0.1058391693        0.2408609198        0.2098020602        0.1836683462        0.1608246908        0.0340703431        0.0270706638        0.0212784744        0.0165853339        1.0000000015
105.0000        0.0939288177        0.2441126341        0.2128864775        0.1865330584        0.1634262383        0.0342493175        0.0271254206        0.0212444768        0.0164935604        1.0000000015
105.5000        0.0826398585        0.2471727844        0.2158099662        0.1892634474        0.1659165104        0.0344170965        0.0271730970        0.0212066991        0.0164005420        1.0000000015
106.0000        0.0720045063        0.2500318857        0.2185628281        0.1918502105        0.1682870424        0.0345746004        0.0272148882        0.0211664539        0.0163075860        1.0000000015
106.5000        0.0620525212        0.2526813553        0.2211359552        0.1942844050        0.1705295707        0.0347228589        0.0272520955        0.0211251524        0.0162160874        1.0000000015
107.0000        0.0528108467        0.2551136282        0.2235209283        0.1965575283        0.1726360950        0.0348630127        0.0272861280        0.0210843047        0.0161275296        1.0000000015
107.5000        0.0443032462        0.2573222711        0.2257101165        0.1986616007        0.1745989441        0.0349963150        0.0273185028        0.0210455204        0.0160434847        1.0000000015
108.0000        0.0365499422        0.2593020937        0.2276967766        0.2005892493        0.1764108434        0.0351241317        0.0273508445        0.0210105074        0.0159656127        1.0000000015
108.5000        0.0295672634        0.2610492546        0.2294751519        0.2023337932        0.1780649845        0.0352479406        0.0273848839        0.0209810703        0.0158956591        1.0000000015
109.0000        0.0233673038        0.2625613617        0.2310405677        0.2038893285        0.1795550958        0.0353693299        0.0274224547        0.0209591070        0.0158354524        1.0000000015
109.5000        0.0179576002        0.2638375643        0.2323895235        0.2052508117        0.1808755136        0.0354899948        0.0274654901        0.0209466041        0.0157868991        1.0000000015
110.0000        0.0133408329        0.2648786342        0.2335197797        0.2064141419        0.1820212531        0.0356117329        0.0275160168        0.0209456316        0.0157519784        1.0000000015
110.5000        0.0095145559        0.2656870357        0.2344304375        0.2073762391        0.1829880781        0.0357364385        0.0275761477        0.0209583346        0.0157327345        1.0000000015
111.0000        0.0064709624        0.2662669812        0.2351220099        0.2081351179        0.1837725693        0.0358660948        0.0276480737        0.0209869248        0.0157312675        1.0000000015
111.5000        0.0041966925        0.2666244709        0.2355964833        0.2086899559        0.1843721894        0.0360027647        0.0277340527        0.0210336692        0.0157497232        1.0000000015
112.0000        0.0026726887        0.2667673140        0.2358573666        0.2090411544        0.1847853442        0.0361485794        0.0278363970        0.0211008773        0.0157902801        1.0000000015
112.5000        0.0018741058        0.2667051311        0.2359097269        0.2091903912        0.1850114395        0.0363057257        0.0279574596        0.0211908866        0.0158551351        1.0000000015
113.0000        0.0017702810        0.2664493340        0.2357602104        0.2091406630        0.1850509311        0.0364764311        0.0280996172        0.0213060460        0.0159464877        1.0000000015
113.5000        0.0023247700        0.2660130832        0.2354170463        0.2088963162        0.1849053686        0.0366629469        0.0282652524        0.0214486968        0.0160665211        1.0000000015
114.0000        0.0034954544        0.2654112204        0.2348900321        0.2084630660        0.1845774303        0.0368675297        0.0284567329        0.0216211527        0.0162173831        1.0000000015
114.5000        0.0052347256        0.2646601760        0.2341905000        0.2078480003        0.1840709489        0.0370924205        0.0286763899        0.0218256768        0.0164011635        1.0000000015
115.0000        0.0074897478        0.2637778501        0.2333312620        0.2070595692        0.1833909273        0.0373398229        0.0289264938        0.0220644576        0.0166198708        1.0000000015
115.5000        0.0102028051        0.2627834665        0.2323265334        0.2061075576        0.1825435417        0.0376118789        0.0292092283        0.0223395831        0.0168754070        1.0000000015
116.0000        0.0133117336        0.2616974005        0.2311918341        0.2050030402        0.1815361334        0.0379106431        0.0295266632        0.0226530127        0.0171695408        1.0000000015
116.5000        0.0167504391        0.2605409802        0.2299438663        0.2037583190        0.1803771867        0.0382380564        0.0298807253        0.0230065489        0.0175038796        1.0000000015
117.0000        0.0204495016        0.2593362631        0.2286003702        0.2023868412        0.1790762917        0.0385959178        0.0302731692        0.0234018065        0.0178798403        1.0000000015
117.5000        0.0243368630        0.2581057876        0.2271799562        0.2009030979        0.1776440938        0.0389858558        0.0307055458        0.0238401820        0.0182986195        1.0000000015
118.0000        0.0283385951        0.2568723047        0.2257019158        0.1993225037        0.1760922263        0.0394092992        0.0311791713        0.0243228222        0.0187611631        1.0000000015
118.5000        0.0323797432        0.2556584894        0.2241860114        0.1976612572        0.1744332281        0.0398674482        0.0316950961        0.0248505922        0.0192681357        1.0000000015
119.0000        0.0363852377        0.2544866367        0.2226522467        0.1959361823        0.1726804449        0.0403612455        0.0322540729        0.0254240442        0.0198198906        1.0000000015
119.5000        0.0402808647        0.2533783458        0.2211206211        0.1941645522        0.1708479155        0.0408913480        0.0328565273        0.0260433866        0.0204164402        1.0000000015
120.0000        0.0439942853        0.2523541977        0.2196108686        0.1923638968        0.1689502421        0.0414581006        0.0335025277        0.0267084549        0.0210574278        1.0000000015
120.5000        0.0474560904        0.2514334288        0.2181421862        0.1905517955        0.1670024459        0.0420615115        0.0341917589        0.0274186835        0.0217421008        1.0000000015
121.0000        0.0506008765        0.2506336096        0.2167329546        0.1887456568        0.1650198098        0.0427012297        0.0349234966        0.0281730809        0.0224692870        1.0000000015
121.5000        0.0533683268        0.2499703317        0.2154004557        0.1869624886        0.1630177076        0.0433765261        0.0356965861        0.0289702064        0.0232373725        1.0000000016
122.0000        0.0557042780        0.2494569106        0.2141605914        0.1852186604        0.1610114240        0.0440862776        0.0365094235        0.0298081519        0.0240442841        1.0000000016
122.5000        0.0575617549        0.2491041112        0.2130276082        0.1835296625        0.1590159639        0.0448289568        0.0373599424        0.0306845266        0.0248874751        1.0000000016
123.0000        0.0589019515        0.2489199026        0.2120138342        0.1819098644        0.1570458573        0.0456026248        0.0382456041        0.0315964470        0.0257639156        1.0000000016
123.5000        0.0596951365        0.2489092489        0.2111294334        0.1803722776        0.1551149584        0.0464049312        0.0391633949        0.0325405321        0.0266700884        1.0000000016
124.0000        0.0599214619        0.2490739435        0.2103821821        0.1789283270        0.1532362455        0.0472331190        0.0401098279        0.0335129045        0.0276019902        1.0000000016
124.5000        0.0595716516        0.2494124923        0.2097772761        0.1775876344        0.1514216214        0.0480840366        0.0410809525        0.0345091981        0.0285551385        1.0000000016
125.0000        0.0586475486        0.2499200537        0.2093171716        0.1763578211        0.1496817208        0.0489541566        0.0420723705        0.0355245722        0.0295245864        1.0000000016
125.5000        0.0571624987        0.2505884386        0.2090014672        0.1752443322        0.1480257263        0.0498396021        0.0430792599        0.0365537336        0.0305049430        1.0000000016
126.0000        0.0551415526        0.2514061767        0.2088268322        0.1742502887        0.1464611977        0.0507361802        0.0440964060        0.0375909659        0.0314904016        1.0000000016
126.5000        0.0526214659        0.2523586524        0.2087869851        0.1733763729        0.1449939176        0.0516394240        0.0451182415        0.0386301664        0.0324747757        1.0000000016
127.0000        0.0496504847        0.2534283118        0.2088727286        0.1726207492        0.1436277589        0.0525446412        0.0461388937        0.0396648917        0.0334515418        1.0000000016
127.5000        0.0462879018        0.2545949426        0.2090720415        0.1719790276        0.1423645757        0.0534469712        0.0471522400        0.0406884107        0.0344138906        1.0000000016
128.0000        0.0426033773        0.2558360260        0.2093702332        0.1714442711        0.1412041234        0.0543414494        0.0481519713        0.0416937652        0.0353547846        1.0000000016
128.5000        0.0386760181        0.2571271582        0.2097501604        0.1710070518        0.1401440097        0.0552230777        0.0491316632        0.0426738386        0.0362670239        1.0000000016
129.0000        0.0345932179        0.2584425368        0.2101925052        0.1706555571        0.1391796810        0.0560869016        0.0500848532        0.0436214311        0.0371433176        1.0000000016
129.5000        0.0304492638        0.2597555073        0.2106761159        0.1703757477        0.1383044461        0.0569280926        0.0510051250        0.0445293414        0.0379763618        1.0000000015
130.0000        0.0263437203        0.2610391592        0.2111784052        0.1701515690        0.1375095392        0.0577420349        0.0518861973        0.0453904538        0.0387589227        1.0000000015
130.5000        0.0223796108        0.2622669643        0.2116758024        0.1699652130        0.1367842244        0.0585244144        0.0527220174        0.0461978304        0.0394839244        1.0000000015
131.0000        0.0186614182        0.2634134432        0.2121442534        0.1697974319        0.1361159419        0.0592713105        0.0535068574        0.0469448058        0.0401445391        1.0000000015
131.5000        0.0152929374        0.2644548465        0.2125597603        0.1696278974        0.1354904961        0.0599792868        0.0542354115        0.0476250848        0.0407342806        1.0000000015
132.0000        0.0123750135        0.2653698361        0.2128989515        0.1694356035        0.1348922846        0.0606454809        0.0549028939        0.0482328401        0.0412470974        1.0000000015
132.5000        0.0100032110        0.2661401488        0.2131396712        0.1691993061        0.1343045659        0.0612676895        0.0555051341        0.0487628092        0.0416774655        1.0000000015
133.0000        0.0082654584        0.2667512248        0.2132615754        0.1688979922        0.1337097643        0.0618444492        0.0560386690        0.0492103890        0.0420204793        1.0000000015
133.5000        0.0072397225        0.2671927829        0.2132467213        0.1685113702        0.1330898057        0.0623751083        0.0565008283        0.0495717251        0.0422719372        1.0000000015
134.0000        0.0069917677        0.2674593228        0.2130801346        0.1680203730        0.1324264821        0.0628598895        0.0568898133        0.0498437953        0.0424284232        1.0000000015
134.5000        0.0075730575        0.2675505373        0.2127503398        0.1674076606        0.1317018366        0.0632999402        0.0572047649        0.0500244851        0.0424873794        1.0000000015
135.0000        0.0090188600        0.2674716155        0.2122498377        0.1666581133        0.1308985632        0.0636973689        0.0574458203        0.0501126520        0.0424471706        1.0000000015
135.5000        0.0113466154        0.2672334221        0.2115755126        0.1657593009        0.1300004139        0.0640552657        0.0576141553        0.0501081787        0.0423071370        1.0000000015
136.0000        0.0145546233        0.2668525381        0.2107289566        0.1647019169        0.1289926028        0.0643777044        0.0577120115        0.0500120123        0.0420676355        1.0000000015
136.5000        0.0186211061        0.2663511514        0.2097166942        0.1634801625        0.1278622008        0.0646697256        0.0577427059        0.0498261885        0.0417300666        1.0000000015
137.0000        0.0235036948        0.2657567892        0.2085502947        0.1620920703        0.1265985085        0.0649372989        0.0577106212        0.0495538379        0.0412968860        1.0000000015
137.5000        0.0291393822        0.2651018883        0.2072463618        0.1605397525        0.1251933989        0.0651872634        0.0576211772        0.0491991761        0.0407716011        1.0000000015
138.0000        0.0354449742        0.2644232024        0.2058263916        0.1588295649        0.1236416205        0.0654272454        0.0574807798        0.0487674736        0.0401587491        1.0000000015
138.5000        0.0423180626        0.2637610519        0.2043164925        0.1569721743        0.1219410492        0.0656655542        0.0572967504        0.0482650072        0.0394638591        1.0000000015
139.0000        0.0496385303        0.2631584251        0.2027469659        0.1549825228        0.1200928817        0.0659110556        0.0570772324        0.0476989914        0.0386933963        1.0000000015
139.5000        0.0572705838        0.2626599469        0.2011517478        0.1528796814        0.1181017613        0.0661730235        0.0568310776        0.0470774906        0.0378546885        1.0000000015
140.0000        0.0650652950        0.2623107343        0.1995677181        0.1506865908        0.1159758287        0.0664609729        0.0565677121        0.0464093131        0.0369558366        1.0000000015
140.5000        0.0728636194        0.2621551641        0.1980338869        0.1484296863        0.1137266914        0.0667844739        0.0562969841        0.0457038867        0.0360056088        1.0000000015
141.0000        0.0804998389        0.2622355844        0.1965904717        0.1461384115        0.1113693090        0.0671529519        0.0560289941        0.0449711187        0.0350133212        1.0000000015
141.5000        0.0878053644        0.2625910023        0.1952778855        0.1438446245        0.1089217906        0.0675754743        0.0557739120        0.0442212421        0.0339887059        1.0000000015
142.0000        0.0946128158        0.2632557880        0.1941356572        0.1415819069        0.1064051039        0.0680605310        0.0555417814        0.0434646495        0.0329417676        1.0000000015
142.5000        0.1007602854        0.2642584348        0.1932013125        0.1393847877        0.1038427001        0.0686158095        0.0553423180        0.0427117189        0.0318826346        1.0000000015
143.0000        0.1060956747        0.2656204178        0.1925092449        0.1372878979        0.1012600563        0.0692479721        0.0551847021        0.0419726330        0.0308214026        1.0000000015
143.5000        0.1104809882        0.2673551945        0.1920896104        0.1353250764        0.0986841455        0.0699624387        0.0550773724        0.0412571975        0.0297679777        1.0000000015
144.0000        0.1137964572        0.2694673878        0.1919672802        0.1335284482        0.0961428416        0.0707631811        0.0550278248        0.0405746598        0.0287319207        1.0000000015
144.5000        0.1159443655        0.2719521910        0.1921608880        0.1319275004        0.0936642726        0.0716525348        0.0550424195        0.0399335340        0.0277222956        1.0000000015
145.0000        0.1168524461        0.2747950302        0.1926820074        0.1305481830        0.0912761369        0.0726310331        0.0551262037        0.0393414351        0.0267475260        1.0000000015
145.5000        0.1164767243        0.2779715105        0.1935344943        0.1294120624        0.0890049981        0.0736972701        0.0552827521        0.0388049265        0.0258152632        1.0000000015
146.0000        0.1148036894        0.2814476707        0.1947140255        0.1285355570        0.0868755780        0.0748477962        0.0555140321        0.0383293849        0.0249322680        1.0000000015
146.5000        0.1118516917        0.2851805557        0.1962078617        0.1279292816        0.0849100667        0.0760770529        0.0558202959        0.0379188856        0.0241043098        1.0000000015
147.0000        0.1076714782        0.2891191122        0.1979948573        0.1275975297        0.0831274704        0.0773773498        0.0562000057        0.0375761121        0.0233360861        1.0000000016
147.5000        0.1023458023        0.2932053961        0.2000457334        0.1275379164        0.0815430186        0.0787388870        0.0566497926        0.0373022925        0.0226311626        1.0000000016
148.0000        0.0959880690        0.2973760736        0.2023236212        0.1277412039        0.0801676494        0.0801498274        0.0571644552        0.0370971643        0.0219919376        1.0000000016
148.5000        0.0887400065        0.3015641819        0.2047848771        0.1281913266        0.0790075949        0.0815964180        0.0577369963        0.0369589704        0.0214196299        1.0000000016
149.0000        0.0807683865        0.3057011063        0.2073801573        0.1288656264        0.0780640823        0.0830631628        0.0583587023        0.0368844862        0.0209142915        1.0000000016
149.5000        0.0722608495        0.3097187162        0.2100557343        0.1297353045        0.0773331667        0.0845330447        0.0590192622        0.0368690782        0.0204748452        1.0000000016
150.0000        0.0634209241        0.3135515963        0.2127550247        0.1307660863        0.0768057087        0.0859877954        0.0597069276        0.0369067939        0.0200991446        1.0000000016
150.5000        0.0544623647        0.3171392963        0.2154202875        0.1319190924        0.0764675033        0.0874082099        0.0604087110        0.0369904803        0.0197840561        1.0000000015
151.0000        0.0456029630        0.3204285199        0.2179944464        0.1331518971        0.0762995668        0.0887744992        0.0611106186        0.0371119305        0.0195255599        1.0000000015
151.5000        0.0370580140        0.3233751674        0.2204229772        0.1344197502        0.0762785781        0.0900666767        0.0617979154        0.0372620542        0.0193188683        1.0000000015
152.0000        0.0290336460        0.3259461467        0.2226557974        0.1356769307        0.0763774709        0.0912649706        0.0624554154        0.0374310682        0.0191585556        1.0000000015
152.5000        0.0217202353        0.3281208705        0.2246490899        0.1368781928        0.0765661642        0.0923502526        0.0630677937        0.0376087039        0.0190386986        1.0000000015
153.0000        0.0152861426        0.3298923620        0.2263669899        0.1379802585        0.0768124155        0.0933044745        0.0636199113        0.0377844256        0.0189530215        1.0000000015
153.5000        0.0098720044        0.3312679029        0.2277830632        0.1389433082        0.0770827741        0.0941111023        0.0640971477        0.0379476560        0.0188950426        1.0000000015
154.0000        0.0055858103        0.3322691706        0.2288815096        0.1397324148        0.0773436086        0.0947555367        0.0644857320        0.0380880018        0.0188582171        1.0000000015
154.5000        0.0024989773        0.3329318268        0.2296580278        0.1403188668        0.0775621779        0.0952255088        0.0647730658        0.0381954764        0.0188360739        1.0000000015
155.0000        0.0006436092        0.3333045421        0.2301202895        0.1406813262        0.0777077107        0.0955114413        0.0649480298        0.0382607117        0.0188223410        1.0000000015
155.5000        0.0000110909        0.3334474603        0.2302879803        0.1408067684        0.0777524586        0.0956067622        0.0650012663        0.0382751570        0.0188110574        1.0000000015
156.0000        0.0005521262        0.3334301324        0.2301923807        0.1406911580        0.0776726830        0.0955081640        0.0649254303        0.0382312581        0.0187966688        1.0000000016
156.5000        0.0021782746        0.3333289731        0.2298754768        0.1403398187        0.0774495392        0.0952157965        0.0647154031        0.0381226144        0.0187741051        1.0000000016
157.0000        0.0047649877        0.3332243169        0.2293886087        0.1397674687        0.0770698217        0.0947333875        0.0643684620        0.0379441101        0.0187388384        1.0000000016
157.5000        0.0081560828        0.3331971749        0.2287906836        0.1389978990        0.0765265356        0.0940682850        0.0638844014        0.0376920168        0.0186869224        1.0000000016
158.0000        0.0121695297        0.3333258121        0.2281460038        0.1380632909        0.0758192671        0.0932314157        0.0632656028        0.0373640672        0.0186150123        1.0000000016
158.5000        0.0166043685        0.3336822821        0.2275217735        0.1370031769        0.0749543283        0.0922371577        0.0625170487        0.0369594978        0.0185203682        1.0000000016
159.0000        0.0212485137        0.3343290664        0.2269853743        0.1358630693        0.0739446612        0.0911031290        0.0616462821        0.0364790622        0.0184008434        1.0000000016
159.5000        0.0258871550        0.3353159743        0.2266015087        0.1346927932        0.0728094929        0.0898498907        0.0606633100        0.0359250154        0.0182548612        1.0000000016
160.0000        0.0303114215        0.3366774546        0.2264293260        0.1335445760        0.0715737430        0.0885005730        0.0595804536        0.0353010708        0.0180813831        1.0000000015
160.5000        0.0343269495        0.3384304633        0.2265196561        0.1324709586        0.0702671953        0.0870804272        0.0584121467        0.0346123328        0.0178798721        1.0000000015
161.0000        0.0377619795        0.3405730185        0.2269124752        0.1315226073        0.0689234535        0.0856163159        0.0571746879        0.0338652076        0.0176502562        1.0000000015
161.5000        0.0404746109        0.3430835461        0.2276347303        0.1307461113        0.0675787137        0.0841361490        0.0558859508        0.0330672958        0.0173928935        1.0000000015
162.0000        0.0423588654        0.3459210935        0.2286986381        0.1301818599        0.0662703913        0.0826682807        0.0545650584        0.0322272691        0.0171085451        1.0000000015
162.5000        0.0433492423        0.3490264501        0.2301005627        0.1298620942        0.0650356531        0.0812408799        0.0532320277        0.0313547355        0.0167983560        1.0000000015
163.0000        0.0434235123        0.3523241755        0.2318205543        0.1298092276        0.0639099072        0.0798812895        0.0519073934        0.0304600946        0.0164638471        1.0000000015
163.5000        0.0426035589        0.3557254884        0.2338226085        0.1300345212        0.0629253122        0.0786153905        0.0506118162        0.0295543869        0.0161069188        1.0000000015
164.0000        0.0409541675        0.3591319274        0.2360556717        0.1305371930        0.0621093663        0.0774669871        0.0493656844        0.0286491378        0.0157298664        1.0000000016
164.5000        0.0385797540        0.3624396502        0.2384553893        0.1313040214        0.0614836398        0.0764572281        0.0481887165        0.0277561977        0.0153354045        1.0000000016
165.0000        0.0034300768        0.0362188129        0.3136389866        0.2850933784        0.2037358341        0.0157269295        0.0567065064        0.0507127953        0.0347366815        1.0000000016
165.5000        0.0031172142        0.0359877995        0.3145184583        0.2855876940        0.2036037970        0.0159275880        0.0563797476        0.0503546059        0.0345230971        1.0000000016
166.0000        0.0028228072        0.0357688366        0.3153577440        0.2860528838        0.2034677985        0.0161186875        0.0560573609        0.0500176119        0.0343362712        1.0000000016
166.5000        0.0025471254        0.0355621965        0.3161565907        0.2864876431        0.2033266841        0.0162994836        0.0557410721        0.0497030412        0.0341761648        1.0000000016
167.0000        0.0022906745        0.0353681510        0.3169148208        0.2868906287        0.2031792199        0.0164692649        0.0554325718        0.0494120363        0.0340426338        1.0000000016
167.5000        0.0020541709        0.0351869624        0.3176323654        0.2872604748        0.2030240853        0.0166273571        0.0551335072        0.0491456480        0.0339354305        1.0000000016
168.0000        0.0018385016        0.0350188730        0.3183093025        0.2875958170        0.2028598716        0.0167731272        0.0548454724        0.0489048304        0.0338542060        1.0000000016
168.5000        0.0016446704        0.0348640918        0.3189458953        0.2878953213        0.2026850857        0.0169059888        0.0545700007        0.0486904353        0.0337985123        1.0000000016
169.0000        0.0014737339        0.0347227814        0.3195426308        0.2881577192        0.2024981611        0.0170254068        0.0543085566        0.0485032069        0.0337678049        1.0000000016
169.5000        0.0013267290        0.0345950435        0.3201002551        0.2883818465        0.2022974734        0.0171309025        0.0540625286        0.0483437773        0.0337614457        1.0000000016
170.0000        0.0012045962        0.0344809055        0.3206198032        0.2885666844        0.2020813633        0.0172220586        0.0538332232        0.0482126622        0.0337787050        1.0000000016
170.5000        0.0011081030        0.0343803073        0.3211026225        0.2887114010        0.2018481637        0.0172985235        0.0536218591        0.0481102566        0.0338187649        1.0000000016
171.0000        0.0010377704        0.0342930909        0.3215503861        0.2888153907        0.2015962311        0.0173600159        0.0534295628        0.0480368319        0.0338807218        1.0000000016
171.5000        0.0009938082        0.0342189920        0.3219650960        0.2888783100        0.2013239802        0.0174063279        0.0532573655        0.0479925327        0.0339635892        1.0000000016
172.0000        0.0009760624        0.0341576346        0.3223490745        0.2889001076        0.2010299202        0.0174373275        0.0531061998        0.0479773750        0.0340663002        1.0000000016
172.5000        0.0009839780        0.0341085305        0.3227049430        0.2888810456        0.2007126902        0.0174529607        0.0529768989        0.0479912442        0.0341877106        1.0000000016
173.0000        0.0010165809        0.0340710810        0.3230355888        0.2888217125        0.2003710940        0.0174532517        0.0528701962        0.0480338950        0.0343266015        1.0000000016
173.5000        0.0010724804        0.0340445847        0.3233441203        0.2887230244        0.2000041300        0.0174383026        0.0527867255        0.0481049515        0.0344816822        1.0000000016
174.0000        0.0011498939        0.0340282479        0.3236338121        0.2885862153        0.1996110170        0.0174082909        0.0527270231        0.0482039084        0.0346515931        1.0000000016
174.5000        0.0012466919        0.0340211998        0.3239080426        0.2884128151        0.1991912128        0.0173634669        0.0526915302        0.0483301329        0.0348349095        1.0000000016
175.0000        0.0013604648        0.0340225106        0.3241702255        0.2882046170        0.1987444245        0.0173041492        0.0526805965        0.0484828686        0.0350301451        1.0000000016
175.5000        0.0014886056        0.0340312117        0.3244237405        0.2879636339        0.1982706107        0.0172307186        0.0526944845        0.0486612401        0.0352357560        1.0000000016
176.0000        0.0016284070        0.0340463185        0.3246718637        0.2876920474        0.1977699739        0.0171436125        0.0527333746        0.0488642581        0.0354501460        1.0000000016
176.5000        0.0017771663        0.0340668527        0.3249177039        0.2873921489        0.1972429432        0.0170433166        0.0527973705        0.0490908271        0.0356716723        1.0000000016
177.0000        0.0018035991        0.0340592173        0.3252625860        0.2871539380        0.1967025887        0.0169521006        0.0528340993        0.0493164930        0.0359153795        1.0000000016
177.5000        0.0019617603        0.0340878705        0.3255010482        0.2868133090        0.1961434767        0.0168306386        0.0529457494        0.0495780664        0.0361380826        1.0000000016
178.0000        0.0021306590        0.0341211693        0.3257399963        0.2864459480        0.1955586701        0.0166967257        0.0530841358        0.0498602477        0.0363624497        1.0000000016
178.5000        0.0023085401        0.0341582577        0.3259823501        0.2860537431        0.1949482516        0.0165508616        0.0532491664        0.0501618574        0.0365869736        1.0000000016
179.0000        0.0024935297        0.0341982588        0.3262309865        0.2856387278        0.1943124648        0.0163935928        0.0534406488        0.0504816358        0.0368101566        1.0000000016
179.5000        0.0026836851        0.0342402877        0.3264886973        0.2852030539        0.1936517145        0.0162255088        0.0536582929        0.0508182467        0.0370305148        1.0000000016
180.0000        0.0028770520        0.0342834650        0.3267581477        0.2847489587        0.1929665616        0.0160472377        0.0539017153        0.0511702824        0.0372465813        1.0000000016
180.5000        0.0030717255        0.0343269306        0.3270418394        0.2842787289        0.1922577122        0.0158594415        0.0541704430        0.0515362697        0.0374569107        1.0000000016
181.0000        0.0032659115        0.0343698568        0.3273420779        0.2837946634        0.1915260023        0.0156628103        0.0544639196        0.0519146766        0.0376600833        1.0000000016
181.5000        0.0034579844        0.0344114595        0.3276609489        0.2832990352        0.1907723771        0.0154580567        0.0547815104        0.0523039199        0.0378547096        1.0000000016
182.0000        0.0036465383        0.0344510088        0.3280003020        0.2827940569        0.1899978670        0.0152459100        0.0551225093        0.0527023739        0.0380394354        1.0000000016
182.5000        0.0038304273        0.0344878352        0.3283617456        0.2822818486        0.1892035620        0.0150271103        0.0554861456        0.0531083795        0.0382129476        1.0000000016
183.0000        0.0040087921        0.0345213350        0.3287466506        0.2817644132        0.1883905830        0.0148024027        0.0558715904        0.0535202546        0.0383739801        1.0000000016
183.5000        0.0041810709        0.0345509705        0.3291561655        0.2812436176        0.1875600555        0.0145725319        0.0562779646        0.0539363045        0.0385213207        1.0000000016
184.0000        0.0043469935        0.0345762686        0.3295912393        0.2807211833        0.1867130835        0.0143382372        0.0567043448        0.0543548334        0.0386538180        1.0000000016
184.5000        0.0045065568        0.0345968149        0.3300526527        0.2801986857        0.1858507279        0.0141002485        0.0571497701        0.0547741556        0.0387703894        1.0000000016
185.0000        0.0046599845        0.0346122460        0.3305410544        0.2796775619        0.1849739888        0.0138592824        0.0576132484        0.0551926069        0.0388700283        1.0000000016
185.5000        0.0048076716        0.0346222395        0.3310570000        0.2791591280        0.1840837938        0.0136160393        0.0580937608        0.0556085559        0.0389518129        1.0000000016
186.0000        0.0049501168        0.0346265019        0.3316009915        0.2786446029        0.1831809930        0.0133712017        0.0585902664        0.0560204141        0.0390149133        1.0000000016
186.5000        0.0050878481        0.0346247566        0.3321735133        0.2781351386        0.1822663610        0.0131254329        0.0591017052        0.0564266463        0.0390585997        1.0000000016
187.0000        0.0052213451        0.0346167318        0.3327750621        0.2776318532        0.1813406056        0.0128793763        0.0596270000        0.0568257785        0.0390822491        1.0000000016
187.5000        0.0054198996        0.0346129222        0.3333425299        0.2771396535        0.1804596695        0.0126531941        0.0601253674        0.0571750561        0.0390717093        1.0000000016
188.0000        0.0055853025        0.0345971568        0.3339930168        0.2766326343        0.1795045995        0.0124070246        0.0606797649        0.0575533170        0.0390471852        1.0000000016
188.5000        0.0057412282        0.0345730997        0.3346795141        0.2761363801        0.1785373681        0.0121616396        0.0612462143        0.0579222896        0.0390022679        1.0000000016
189.0000        0.0058849611        0.0345400925        0.3354031164        0.2756534615        0.1775593893        0.0119177168        0.0618233343        0.0582808664        0.0389370633        1.0000000016
189.5000        0.0060139411        0.0344975558        0.3361645201        0.2751864005        0.1765722791        0.0116759466        0.0624096555        0.0586279416        0.0388517614        1.0000000016
190.0000        0.0061259169        0.0344450138        0.3369639732        0.2747375896        0.1755778231        0.0114370274        0.0630036261        0.0589624068        0.0387466247        1.0000000016
190.5000        0.0062190882        0.0343821147        0.3378012455        0.2743092128        0.1745779324        0.0112016604        0.0636036221        0.0592831491        0.0386219765        1.0000000016
191.0000        0.0062922240        0.0343086453        0.3386756243        0.2739031743        0.1735745897        0.0109705430        0.0642079598        0.0595890514        0.0384781898        1.0000000016
191.5000        0.0063447501        0.0342245382        0.3395859364        0.2735210400        0.1725697899        0.0107443614        0.0648149113        0.0598789966        0.0383156777        1.0000000016
192.0000        0.0063767963        0.0341298714        0.3405305952        0.2731639954        0.1715654775        0.0105237836        0.0654227233        0.0601518737        0.0381348852        1.0000000016
192.5000        0.0063891989        0.0340248598        0.3415076726        0.2728328259        0.1705634855        0.0103094512        0.0660296367        0.0604065877        0.0379362833        1.0000000016
193.0000        0.0063834555        0.0339098381        0.3425149892        0.2725279185        0.1695654805        0.0101019725        0.0666339090        0.0606420731        0.0377203653        1.0000000016
193.5000        0.0063616344        0.0337852379        0.3435502184        0.2722492881        0.1685729172        0.0099019151        0.0672338365        0.0608573088        0.0374876453        1.0000000016
194.0000        0.0063262422        0.0336515582        0.3446109964        0.2719966261        0.1675870060        0.0097098000        0.0678277763        0.0610513361        0.0372386603        1.0000000016
194.5000        0.0062800578        0.0335093338        0.3456950305        0.2717693681        0.1666086969        0.0095260961        0.0684141673        0.0612232782        0.0369739731        1.0000000016
195.0000        0.0062259447        0.0333591018        0.3468001962        0.2715667770        0.1656386795        0.0093512158        0.0689915487        0.0613723593        0.0366941787        1.0000000016
195.5000        0.0061666528        0.0332013698        0.3479246174        0.2713880350        0.1646774025        0.0091855125        0.0695585754        0.0614979246        0.0363999117        1.0000000016
196.0000        0.0061046262        0.0330365887        0.3490667203        0.2712323373        0.1637251086        0.0090292785        0.0701140292        0.0615994585        0.0360918544        1.0000000016
196.5000        0.0060418297        0.0328651310        0.3502252581        0.2710989811        0.1627818851        0.0088827449        0.0706568256        0.0616765995        0.0357707466        1.0000000016
197.0000        0.0059796095        0.0326872783        0.3513993023        0.2709874414        0.1618477245        0.0087460828        0.0711860153        0.0617291535        0.0354373940        1.0000000016
197.5000        0.0059185987        0.0325032176        0.3525882015        0.2708974284        0.1609225929        0.0086194048        0.0717007798        0.0617571017        0.0350926762        1.0000000016
198.0000        0.0058586773        0.0323130476        0.3537915093        0.2708289194        0.1600064992        0.0085027689        0.0722004227        0.0617606039        0.0347375534        1.0000000016
198.5000        0.0057989904        0.0321167954        0.3550088874        0.2707821635        0.1590995606        0.0083961827        0.0726843552        0.0617399967        0.0343730698        1.0000000017
199.0000        0.0057380260        0.0319144410        0.3562399917        0.2707576562        0.1582020589        0.0082996079        0.0731520777        0.0616957865        0.0340003556        1.0000000017
199.5000        0.0056737480        0.0317059488        0.3574843503        0.2707560860        0.1573144820        0.0082129664        0.0736031586        0.0616286367        0.0336206249        1.0000000017
200.0000        0.0056037737        0.0314913033        0.3587412446        0.2707782557        0.1564375473        0.0081361462        0.0740372106        0.0615393500        0.0332351703        1.0000000017
200.5000        0.0055255859        0.0312705451        0.3600096050        0.2708249852        0.1555722045        0.0080690072        0.0744538675        0.0614288471        0.0328453543        1.0000000017
201.0000        0.0054367599        0.0310438053        0.3612879312        0.2708970016        0.1547196163        0.0080113877        0.0748527606        0.0612981419        0.0324525972        1.0000000017
201.5000        0.0053351900        0.0308113341        0.3625742455        0.2709948288        0.1538811172        0.0079631102        0.0752334998        0.0611483140        0.0320583621        1.0000000017
202.0000        0.0052192947        0.0305735211        0.3638660852        0.2711186825        0.1530581548        0.0079239867        0.0755956572        0.0609804820        0.0316641374        1.0000000017
202.5000        0.0050881848        0.0303309043        0.3651605389        0.2712683840        0.1522522153        0.0078938237        0.0759387575        0.0607957761        0.0312714171        1.0000000017
203.0000        0.0049417778        0.0300841680        0.3664543222        0.2714432978        0.1514647413        0.0078724258        0.0762622741        0.0605953141        0.0308816805        1.0000000017
203.5000        0.0047808488        0.0298341277        0.3677438929        0.2716423027        0.1506970460        0.0078595989        0.0765656328        0.0603801807        0.0304963712        1.0000000017
204.0000        0.0046070107        0.0295817034        0.3690255926        0.2718637986        0.1499502334        0.0078551519        0.0768482233        0.0601514109        0.0301168770        1.0000000017
204.5000        0.0044226249        0.0293278832        0.3702958078        0.2721057510        0.1492251297        0.0078588969        0.0771094173        0.0599099802        0.0297445108        1.0000000017
205.0000        0.0042306486        0.0290736799        0.3715511341        0.2723657703        0.1485222325        0.0078706485        0.0773485928        0.0596568004        0.0293804945        1.0000000017
205.5000        0.0040344287        0.0288200845        0.3727885297        0.2726412218        0.1478416842        0.0078902212        0.0775651645        0.0593927222        0.0290259448        1.0000000017
206.0000        0.0038374618        0.0285680196        0.3740054453        0.2729293558        0.1471832703        0.0079174255        0.0777586163        0.0591185436        0.0286818635        1.0000000017
206.5000        0.0036431380        0.0283182990        0.3751999156        0.2732274491        0.1465464456        0.0079520633        0.0779285361        0.0588350246        0.0283491304        1.0000000017
207.0000        0.0034544931        0.0280715949        0.3763706043        0.2735329440        0.1459303868        0.0079939211        0.0780746494        0.0585429064        0.0280285016        1.0000000017
207.5000        0.0032739895        0.0278284179        0.3775167973        0.2738435737        0.1453340661        0.0080427636        0.0781968495        0.0582429332        0.0277206107        1.0000000017
208.0000        0.0031033469        0.0275891104        0.3786383414        0.2741574604        0.1447563419        0.0080983263        0.0782952226        0.0579358772        0.0274259744        1.0000000017
208.5000        0.0029434384        0.0273538556        0.3797355351        0.2744731784        0.1441960575        0.0081603082        0.0783700654        0.0576225620        0.0271450010        1.0000000017
209.0000        0.0027942617        0.0271227007        0.3808089792        0.2747897733        0.1436521408        0.0082283656        0.0784218933        0.0573038850        0.0268780021        1.0000000017
209.5000        0.0026549901        0.0268955924        0.3818594020        0.2751067358        0.1431236933        0.0083021069        0.0784514390        0.0569808360        0.0266252062        1.0000000017
210.0000        0.0025240972        0.0266724221        0.3828874745        0.2754239308        0.1426100630        0.0083810887        0.0784596407        0.0566545110        0.0263867736        1.0000000017
210.5000        0.0023995464        0.0264530751        0.3838936358        0.2757414877        0.1421108914        0.0084648153        0.0784476197        0.0563261181        0.0261628121        1.0000000017
211.0000        0.0022790251        0.0262374803        0.3848779457        0.2760596612        0.1416261311        0.0085527398        0.0784166489        0.0559969782        0.0259533913        1.0000000017
211.5000        0.0021602038        0.0260256540        0.3858399812        0.2763786766        0.1411560307        0.0086442686        0.0783681143        0.0556685155        0.0257585569        1.0000000017
212.0000        0.0020409920        0.0258177340        0.3867787895        0.2766985745        0.1407010875        0.0087387696        0.0783034708        0.0553422424        0.0255783413        1.0000000017
212.5000        0.0019197691        0.0256139995        0.3876929044        0.2770190703        0.1402619720        0.0088355820        0.0782241959        0.0550197353        0.0254127731        1.0000000017
213.0000        0.0017955635        0.0254148742        0.3885804277        0.2773394447        0.1398394310        0.0089340297        0.0781317437        0.0547026056        0.0252618816        1.0000000017
213.5000        0.0016681646        0.0252209118        0.3894391682        0.2776584769        0.1394341768        0.0090334364        0.0780275028        0.0543924658        0.0251256983        1.0000000017
214.0000        0.0015381543        0.0250327654        0.3902668277        0.2779744300        0.1390467755        0.0091331410        0.0779127608        0.0540908919        0.0250042549        1.0000000017
214.5000        0.0014068551        0.0248511422        0.3910612145        0.2782850917        0.1386775429        0.0092325143        0.0777886781        0.0537993869        0.0248975761        1.0000000017
215.0000        0.0012761992        0.0246767490        0.3918204643        0.2785878688        0.1383264606        0.0093309733        0.0776562722        0.0535193442        0.0248056701        1.0000000017
215.5000        0.0011485336        0.0245102336        0.3925432437        0.2788799287        0.1379931216        0.0094279944        0.0775164152        0.0532520159        0.0247285149        1.0000000017
216.0000        0.0010263800        0.0243521280        0.3932289141        0.2791583730        0.1376767105        0.0095231227        0.0773698435        0.0529984866        0.0246660432        1.0000000017
216.5000        0.0009121763        0.0242028003        0.3938776372        0.2794204284        0.1373760230        0.0096159771        0.0772171798        0.0527596547        0.0246181249        1.0000000017
217.0000        0.0008080271        0.0240624205        0.3944904076        0.2796636349        0.1370895236        0.0097062507        0.0770589651        0.0525362224        0.0245845496        1.0000000017
217.5000        0.0007154912        0.0239309441        0.3950690061        0.2798860110        0.1368154374        0.0097937064        0.0768956996        0.0523286957        0.0245650101        1.0000000017
218.0000        0.0006354294        0.0238081159        0.3956158758        0.2800861776        0.1365518669        0.0098781669        0.0767278878        0.0521373934        0.0245590879        1.0000000017
218.5000        0.0005679300        0.0236934954        0.3961339324        0.2802634267        0.1362969231        0.0099595009        0.0765560856        0.0519624657        0.0245662418        1.0000000017
219.0000        0.0005123203        0.0235864995        0.3966263261        0.2804177254        0.1360488587        0.0100376056        0.0763809446        0.0518039205        0.0245858010        1.0000000017
219.5000        0.0004672645        0.0234864602        0.3970961802        0.2805496523        0.1358061871        0.0101123869        0.0762032503        0.0516616564        0.0246169638        1.0000000017
220.0000        0.0004309348        0.0233926899        0.3975463361        0.2806602718        0.1355677774        0.0101837400        0.0760239505        0.0515354988        0.0246588024        1.0000000017
220.5000        0.0004012383        0.0233045478        0.3979791311        0.2807509589        0.1353329120        0.0102515300        0.0758441717        0.0514252386        0.0247102732        1.0000000017
221.0000        0.0003760707        0.0232214995        0.3983962375        0.2808231911        0.1351013017        0.0103155773        0.0756652202        0.0513306686        0.0247702351        1.0000000016
221.5000        0.0003535689        0.0231431627        0.3987985823        0.2808783312        0.1348730535        0.0103756461        0.0754885691        0.0512516166        0.0248374712        1.0000000016
222.0000        0.0003323301        0.0230693338        0.3991863584        0.2809174252        0.1346485956        0.0104314404        0.0753158293        0.0511879713        0.0249107175        1.0000000016
222.5000        0.0003115704        0.0229999912        0.3995591300        0.2809410383        0.1344285648        0.0104826055        0.0751487084        0.0511397000        0.0249886931        1.0000000016
223.0000        0.0002912035        0.0229352743        0.3999160207        0.2809491505        0.1342136690        0.0105287376        0.0749889576        0.0511068557        0.0250701327        1.0000000016
223.5000        0.0002514841        0.0228758500        0.4002277370        0.2809779545        0.1340338337        0.0105694209        0.0748546100        0.0510734037        0.0251357078        1.0000000016
224.0000        0.0002461380        0.0228261944        0.4005327854        0.2809377352        0.1338367093        0.0106006957        0.0747219646        0.0510785726        0.0252192065        1.0000000016
224.5000        0.0002456582        0.0227813902        0.4008247474        0.2808759769        0.1336419057        0.0106258991        0.0745996872        0.0511004956        0.0253042413        1.0000000016
225.0000        0.0002498265        0.0227411296        0.4011051099        0.2807927820        0.1334488432        0.0106449189        0.0744886596        0.0511388368        0.0253898951        1.0000000016
225.5000        0.0002584259        0.0227050952        0.4013753718        0.2806883073        0.1332569567        0.0106576647        0.0743897175        0.0511931993        0.0254752632        1.0000000016
226.0000        0.0002712403        0.0226729613        0.4016370434        0.2805627629        0.1330656944        0.0106640675        0.0743036462        0.0512631277        0.0255594579        1.0000000016
226.5000        0.0002880525        0.0226443934        0.4018916460        0.2804164126        0.1328745164        0.0106640807        0.0742311776        0.0513481098        0.0256416125        1.0000000016
227.0000        0.0003086407        0.0226190490        0.4021407108        0.2802495752        0.1326828942        0.0106576798        0.0741729860        0.0514475794        0.0257208866        1.0000000016
227.5000        0.0003327746        0.0225965770        0.4023857769        0.2800626265        0.1324903102        0.0106448633        0.0741296859        0.0515609178        0.0257964695        1.0000000016
228.0000        0.0003602119        0.0225766191        0.4026283876        0.2798560024        0.1322962594        0.0106256521        0.0741018288        0.0516874562        0.0258675841        1.0000000016
228.5000        0.0003906951        0.0225588101        0.4028700846        0.2796302008        0.1321002507        0.0106000903        0.0740899012        0.0518264783        0.0259334905        1.0000000016
229.0000        0.0004239495        0.0225427794        0.4031124006        0.2793857834        0.1319018101        0.0105682446        0.0740943231        0.0519772223        0.0259934888        1.0000000016
229.5000        0.0004596833        0.0225281530        0.4033568496        0.2791233760        0.1317004840        0.0105302039        0.0741154468        0.0521388836        0.0260469214        1.0000000016
230.0000        0.0004975900        0.0225145559        0.4036049159        0.2788436669        0.1314958436        0.0104860791        0.0741535566        0.0523106180        0.0260931757        1.0000000016
230.5000        0.0005373520        0.0225016148        0.4038580424        0.2785474036        0.1312874881        0.0104360017        0.0742088691        0.0524915444        0.0261316855        1.0000000016
231.0000        0.0005786464        0.0224889613        0.4041176186        0.2782353876        0.1310750491        0.0103801232        0.0742815338        0.0526807489        0.0261619326        1.0000000016
231.5000        0.0006211519        0.0224762345        0.4043849705        0.2779084673        0.1308581929        0.0103186137        0.0743716342        0.0528772888        0.0261834481        1.0000000016
232.0000        0.0006645555        0.0224630842        0.4046613512        0.2775675298        0.1306366222        0.0102516601        0.0744791890        0.0530801965        0.0261958132        1.0000000016
232.5000        0.0007085593        0.0224491732        0.4049479345        0.2772134924        0.1304100770        0.0101794654        0.0746041543        0.0532884849        0.0261986605        1.0000000016
233.0000        0.0007528861        0.0224341791        0.4052458112        0.2768472933        0.1301783336        0.0101022464        0.0747464250        0.0535011521        0.0261916748        1.0000000016
233.5000        0.0007972822        0.0224177953        0.4055559882        0.2764698842        0.1299412026        0.0100202327        0.0749058361        0.0537171870        0.0261745934        1.0000000016
234.0000        0.0008415187        0.0223997317        0.4058793898        0.2760822237        0.1296985258        0.0099336651        0.0750821649        0.0539355744        0.0261472074        1.0000000016
234.5000        0.0008853899        0.0223797148        0.4062168621        0.2756852724        0.1294501729        0.0098427947        0.0752751318        0.0541553006        0.0261093624        1.0000000016
235.0000        0.0009287096        0.0223574866        0.4065691766        0.2752799908        0.1291960377        0.0097478813        0.0754844018        0.0543753585        0.0260609587        1.0000000016
235.5000        0.0009713053        0.0223328039        0.4069370358        0.2748673384        0.1289360345        0.0096491933        0.0757095847        0.0545947530        0.0260019527        1.0000000016
236.0000        0.0010130117        0.0223054378        0.4073210770        0.2744482750        0.1286700960        0.0095470065        0.0759502364        0.0548125048        0.0259323564        1.0000000016
236.5000        0.0010536643        0.0222751724        0.4077218739        0.2740237634        0.1283981712        0.0094416035        0.0762058593        0.0550276552        0.0258522383        1.0000000016
237.0000        0.0010930941        0.0222418051        0.4081399368        0.2735947712        0.1281202257        0.0093332739        0.0764759027        0.0552392695        0.0257617226        1.0000000016
237.5000        0.0011311236        0.0222051464        0.4085757096        0.2731622737        0.1278362423        0.0092223131        0.0767597639        0.0554464399        0.0256609891        1.0000000016
238.0000        0.0011675662        0.0221650214        0.4090295646        0.2727272546        0.1275462239        0.0091090222        0.0770567890        0.0556482880        0.0255502718        1.0000000016
238.5000        0.0012022280        0.0221212706        0.4095017952        0.2722907049        0.1272501960        0.0089937074        0.0773662750        0.0558439673        0.0254298573        1.0000000016
239.0000        0.0012349125        0.0220737524        0.4099926082        0.2718536199        0.1269482104        0.0088766791        0.0776874716        0.0560326649        0.0253000827        1.0000000016
239.5000        0.0012654277        0.0220223450        0.4105021152        0.2714169935        0.1266403488        0.0087582511        0.0780195843        0.0562136029        0.0251613332        1.0000000016
240.0000        0.0012935944        0.0219669485        0.4110303269        0.2709818110        0.1263267249        0.0086387392        0.0783617779        0.0563860405        0.0250140384        1.0000000016
240.5000        0.0013192549        0.0219074867        0.4115771485        0.2705490399        0.1260074860        0.0085184602        0.0787131808        0.0565492754        0.0248586692        1.0000000016
241.0000        0.0013422809        0.0218439081        0.4121423791        0.2701196204        0.1256828133        0.0083977298        0.0790728901        0.0567026459        0.0246957340        1.0000000016
241.5000        0.0013625794        0.0217761866        0.4127257146        0.2696944563        0.1253529194        0.0082768613        0.0794399764        0.0568455333        0.0245257744        1.0000000016
242.0000        0.0013800949        0.0217043205        0.4133267542        0.2692744068        0.1250180457        0.0081561639        0.0798134897        0.0569773641        0.0243493617        1.0000000016
242.5000        0.0013948094        0.0216283318        0.4139450098        0.2688602811        0.1246784577        0.0080359409        0.0801924649        0.0570976136        0.0241670926        1.0000000016
243.0000        0.0014067374        0.0215482636        0.4145799175        0.2684528350        0.1243344394        0.0079164882        0.0805759273        0.0572058079        0.0239795853        1.0000000016
243.5000        0.0014159194        0.0214641780        0.4152308500        0.2680527711        0.1239862882        0.0077980931        0.0809628971        0.0573015281        0.0237874767        1.0000000016
244.0000        0.0014224120        0.0213761532        0.4158971277        0.2676607407        0.1236343098        0.0076810328        0.0813523943        0.0573844126        0.0235914184        1.0000000016
244.5000        0.0014262780        0.0212842814        0.4165780282        0.2672773494        0.1232788138        0.0075655741        0.0817434424        0.0574541603        0.0233920741        1.0000000016
245.0000        0.0014275766        0.0211886664        0.4172727929        0.2669031618        0.1229201119        0.0074519723        0.0821350708        0.0575105321        0.0231901166        1.0000000016
245.5000        0.0014263560        0.0210894226        0.4179806294        0.2665387084        0.1225585169        0.0073404714        0.0825263177        0.0575533533        0.0229862259        1.0000000016
246.0000        0.0014226488        0.0209866744        0.4187007108        0.2661844899        0.1221943435        0.0072313034        0.0829162315        0.0575825136        0.0227810858        1.0000000016
246.5000        0.0014164712        0.0208805568        0.4194321716        0.2658409805        0.1218279113        0.0071246890        0.0833038720        0.0575979670        0.0225753822        1.0000000016
247.0000        0.0014078266        0.0207712160        0.4201741026        0.2655086282        0.1214595480        0.0070208373        0.0836883119        0.0575997310        0.0223698001        1.0000000016
247.5000        0.0013967120        0.0206588111        0.4209255443        0.2651878522        0.1210895934        0.0069199457        0.0840686378        0.0575878844        0.0221650208        1.0000000016
248.0000        0.0013831273        0.0205435155        0.4216854823        0.2648790376        0.1207184027        0.0068222006        0.0844439519        0.0575625647        0.0219617191        1.0000000016
248.5000        0.0013670857        0.0204255176        0.4224528455        0.2645825281        0.1203463492        0.0067277765        0.0848133741        0.0575239652        0.0217605597        1.0000000016
249.0000        0.0013486233        0.0203050217        0.4232265077        0.2642986176        0.1199738247        0.0066368362        0.0851760451        0.0574723317        0.0215621935        1.0000000016
249.5000        0.0013278070        0.0201822470        0.4240052938        0.2640275422        0.1196012384        0.0065495301        0.0855311302        0.0574079587        0.0213672542        1.0000000016
250.0000        0.0013047381        0.0200574264        0.4247879905        0.2637694733        0.1192290136        0.0064659957        0.0858778232        0.0573311872        0.0211763538        1.0000000016
250.5000        0.0012795527        0.0199308040        0.4255733597        0.2635245140        0.1188575830        0.0063863563        0.0862153517        0.0572424011        0.0209900791        1.0000000016
251.0000        0.0012524173        0.0198026319        0.4263601547        0.2632926982        0.1184873822        0.0063107209        0.0865429827        0.0571420261        0.0208089875        1.0000000016
251.5000        0.0012235200        0.0196731668        0.4271471364        0.2630739936        0.1181188438        0.0062391828        0.0868600271        0.0570305272        0.0206336038        1.0000000017
252.0000        0.0011930605        0.0195426661        0.4279330868        0.2628683081        0.1177523909        0.0061718191        0.0871658453        0.0569084084        0.0204644165        1.0000000017
252.5000        0.0011612370        0.0194113853        0.4287168207        0.2626754986        0.1173884322        0.0061086900        0.0874598508        0.0567762114        0.0203018757        1.0000000017
253.0000        0.0011282355        0.0192795750        0.4294971915        0.2624953813        0.1170273597        0.0060498383        0.0877415140        0.0566345156        0.0201463909        1.0000000017
253.5000        0.0010942205        0.0191474806        0.4302730925        0.2623277409        0.1166695473        0.0059952899        0.0880103637        0.0564839371        0.0199983290        1.0000000017
254.0000        0.0010593300        0.0190153411        0.4310434539        0.2621723399        0.1163153529        0.0059450533        0.0882659883        0.0563251280        0.0198580144        1.0000000017
254.5000        0.0010236743        0.0188833905        0.4318072354        0.2620289230        0.1159651212        0.0058991208        0.0885080349        0.0561587740        0.0197257276        1.0000000017
255.0000        0.0009873402        0.0187518592        0.4325634175        0.2618972194        0.1156191894        0.0058574688        0.0887362079        0.0559855930        0.0196017063        1.0000000017
255.5000        0.0009503987        0.0186209755        0.4333109937        0.2617769409        0.1152778912        0.0058200591        0.0889502670        0.0558063306        0.0194861451        1.0000000017
256.0000        0.0009129147        0.0184909675        0.4340489640        0.2616677763        0.1149415622        0.0057868396        0.0891500243        0.0556217566        0.0193791964        1.0000000017
256.5000        0.0008749585        0.0183620639        0.4347763335        0.2615693844        0.1146105426        0.0057577459        0.0893353420        0.0554326594        0.0192809714        1.0000000017
257.0000        0.0008366153        0.0182344940        0.4354921158        0.2614813860        0.1142851782        0.0057327020        0.0895061303        0.0552398403        0.0191915397        1.0000000017
257.5000        0.0007979926        0.0181084867        0.4361953414        0.2614033564        0.1139658190        0.0057116212        0.0896623457        0.0550441076        0.0191109310        1.0000000017
258.0000        0.0007592223        0.0179842681        0.4368850712        0.2613348218        0.1136528154        0.0056944067        0.0898039916        0.0548462703        0.0190391343        1.0000000017
258.5000        0.0007204600        0.0178620587        0.4375604118        0.2612752578        0.1133465121        0.0056809523        0.0899311181        0.0546471325        0.0189760984        1.0000000017
259.0000        0.0006818781        0.0177420698        0.4382205323        0.2612240934        0.1130472418        0.0056711422        0.0900438245        0.0544474882        0.0189217315        1.0000000017
259.5000        0.0006436565        0.0176244999        0.4388646777        0.2611807191        0.1127553179        0.0056648515        0.0901422610        0.0542481169        0.0188759011        1.0000000017
260.0000        0.0006059715        0.0175095318        0.4394921796        0.2611444976        0.1124710292        0.0056619453        0.0902266316        0.0540497809        0.0188384342        1.0000000017
260.5000        0.0005689845        0.0173973311        0.4401024596        0.2611147765        0.1121946355        0.0056622791        0.0902971962        0.0538532224        0.0188091167        1.0000000017
261.0000        0.0005328328        0.0172880450        0.4406950275        0.2610909017        0.1119263667        0.0056656985        0.0903542728        0.0536591625        0.0187876943        1.0000000017
261.5000        0.0004976239        0.0171818033        0.4412694728        0.2610722277        0.1116664243        0.0056720389        0.0903982369        0.0534683004        0.0187738735        1.0000000017
262.0000        0.0004634341        0.0170787203        0.4418254520        0.2610581250        0.1114149857        0.0056811262        0.0904295217        0.0532813134        0.0187673232        1.0000000017
262.5000        0.0004303124        0.0169788975        0.4423626746        0.2610479829        0.1111722101        0.0056927772        0.0904486144        0.0530988561        0.0187676766        1.0000000017
263.0000        0.0003982870        0.0168824260        0.4428808885        0.2610412071        0.1109382452        0.0057068004        0.0904560531        0.0529215598        0.0187745347        1.0000000017
263.5000        0.0003673750        0.0167893897        0.4433798707        0.2610372139        0.1107132337        0.0057229976        0.0904524202        0.0527500316        0.0187874693        1.0000000017
264.0000        0.0003375931        0.0166998664        0.4438594215        0.2610354214        0.1104973179        0.0057411652        0.0904383371        0.0525848520        0.0188060272        1.0000000017
264.5000        0.0003089657        0.0166139284        0.4443193674        0.2610352393        0.1102906421        0.0057610958        0.0904144566        0.0524265718        0.0188297344        1.0000000017
265.0000        0.0002815315        0.0165316419        0.4447595682        0.2610360613        0.1100933518        0.0057825805        0.0903814574        0.0522757089        0.0188581003        1.0000000017
265.5000        0.0002553452        0.0164530642        0.4451799308        0.2610372598        0.1099055899        0.0058054098        0.0903400374        0.0521327429        0.0188906217        1.0000000017
266.0000        0.0002304752        0.0163782415        0.4455804242        0.2610381862        0.1097274908        0.0058293756        0.0902909102        0.0519981114        0.0189267866        1.0000000017
266.5000        0.0002069974        0.0163072053        0.4459610945        0.2610381755        0.1095591732        0.0058542720        0.0902348017        0.0518722048        0.0189660773        1.0000000017
267.0000        0.0001849867        0.0162399695        0.4463220758        0.2610365564        0.1094007326        0.0058798961        0.0901724487        0.0517553627        0.0190079732        1.0000000017
267.5000        0.0001645079        0.0161765292        0.4466635951        0.2610326639        0.1092522353        0.0059060482        0.0901045991        0.0516478702        0.0190519529        1.0000000017
268.0000        0.0001456072        0.0161168593        0.4469859695        0.2610258546        0.1091137154        0.0059325314        0.0900320125        0.0515499566        0.0190974951        1.0000000017
268.5000        0.0001283069        0.0160609167        0.4472895960        0.2610155189        0.1089851743        0.0059591516        0.0899554617        0.0514617946        0.0191440809        1.0000000017
269.0000        0.0001126041        0.0160086420        0.4475749350        0.2610010915        0.1088665840        0.0059857170        0.0898757332        0.0513835012        0.0191911937        1.0000000017
269.5000        0.0000984725        0.0159599635        0.4478424906        0.2609820559        0.1087578932        0.0060120373        0.0897936276        0.0513151397        0.0192383214        1.0000000017
270.0000        0.0000858694        0.0159148011        0.4480927908        0.2609579431        0.1086590356        0.0060379239        0.0897099578        0.0512567226        0.0192849573        1.0000000017
270.5000        0.0000747428        0.0158730701        0.4483263716        0.2609283253        0.1085699378        0.0060631899        0.0896255461        0.0512082154        0.0193306026        1.0000000017
271.0000        0.0000650409        0.0158346834        0.4485437665        0.2608928045        0.1084905273        0.0060876508        0.0895412194        0.0511695401        0.0193747688        1.0000000016
271.5000        0.0000567192        0.0157995533        0.4487455051        0.2608510004        0.1084207369        0.0061111258        0.0894578022        0.0511405777        0.0194169812        1.0000000016
272.0000        0.0000497446        0.0157675908        0.4489321196        0.2608025382        0.1083605064        0.0061334388        0.0893761096        0.0511211711        0.0194567826        1.0000000016
272.5000        0.0000440965        0.0157387037        0.4491041569        0.2607470401        0.1083097807        0.0061544208        0.0892969389        0.0511111261        0.0194937379        1.0000000016
273.0000        0.0000397638        0.0157127942        0.4492621954        0.2606841222        0.1082685035        0.0061739116        0.0892210619        0.0511102113        0.0195274377        1.0000000016
273.5000        0.0000367383        0.0156897551        0.4494068606        0.2606133970        0.1082366108        0.0061917611        0.0891492185        0.0511181574        0.0195575029        1.0000000016
274.0000        0.0000350072        0.0156694673        0.4495388370        0.2605344829        0.1082140213        0.0062078311        0.0890821114        0.0511346557        0.0195835877        1.0000000016
274.5000        0.0000345458        0.0156517985        0.4496588727        0.2604470168        0.1082006302        0.0062219960        0.0890204032        0.0511593561        0.0196053823        1.0000000016
275.0000        0.0000353122        0.0156366028        0.4497677746        0.2603506695        0.1081963034        0.0062341430        0.0889647158        0.0511918657        0.0196226145        1.0000000016
275.5000        0.0000372451        0.0156237231        0.4498663955        0.2602451597        0.1082008776        0.0062441716        0.0889156310        0.0512317482        0.0196350498        1.0000000016
276.0000        0.0000402662        0.0156129939        0.4499556135        0.2601302634        0.1082141623        0.0062519928        0.0888736933        0.0512785247        0.0196424915        1.0000000016
276.5000        0.0000442855        0.0156042462        0.4500363085        0.2600058188        0.1082359473        0.0062575276        0.0888394127        0.0513316757        0.0196447792        1.0000000016
277.0000        0.0000492096        0.0155973121        0.4501093396        0.2598717221        0.1082660116        0.0062607063        0.0888132680        0.0513906452        0.0196417872        1.0000000016
277.5000        0.0000549501        0.0155920283        0.4501755274        0.2597279191        0.1083041335        0.0062614665        0.0887957085        0.0514548456        0.0196334226        1.0000000016
278.0000        0.0000614315        0.0155882392        0.4502356453        0.2595743899        0.1083500993        0.0062597531        0.0887871542        0.0515236650        0.0196196242        1.0000000016
278.5000        0.0000685946        0.0155857973        0.4502904199        0.2594111332        0.1084037097        0.0062555177        0.0887879945        0.0515964732        0.0196003616        1.0000000016
279.0000        0.0000763971        0.0155845623        0.4503405419        0.2592381514        0.1084647815        0.0062487190        0.0887985844        0.0516726293        0.0195756346        1.0000000016
279.5000        0.0000848088        0.0155843979        0.4503866833        0.2590554408        0.1085331452        0.0062393242        0.0888192392        0.0517514875        0.0195454747        1.0000000016
280.0000        0.0000938045        0.0155851685        0.4504295171        0.2588629874        0.1086086385        0.0062273102        0.0888502277        0.0518324019        0.0195099457        1.0000000016
280.5000        0.0001033542        0.0155867352        0.4504697360        0.2586607714        0.1086910973        0.0062126654        0.0888917663        0.0519147301        0.0194691457        1.0000000016
281.0000        0.0001134148        0.0155889537        0.4505080633        0.2584487777        0.1087803459        0.0061953909        0.0889440126        0.0519978340        0.0194232088        1.0000000016
281.5000        0.0001239246        0.0155916726        0.4505452546        0.2582270107        0.1088761889        0.0061755021        0.0890070613        0.0520810807        0.0193723063        1.0000000016
282.0000        0.0001348011        0.0155947350        0.4505820890        0.2579955108        0.1089784062        0.0061530286        0.0890809428        0.0521638408        0.0193166472        1.0000000016
282.5000        0.0001459457        0.0155979812        0.4506193503        0.2577543677        0.1090867528        0.0061280146        0.0891656238        0.0522454875        0.0192564781        1.0000000016
283.0000        0.0001572510        0.0156012533        0.4506578024        0.2575037284        0.1092009631        0.0061005172        0.0892610104        0.0523253952        0.0191920805        1.0000000016
283.5000        0.0001686124        0.0156044001        0.4506981642        0.2572437970        0.1093207598        0.0060706049        0.0893669545        0.0524029401        0.0191237686        1.0000000016
284.0000        0.0001799389        0.0156072813        0.4507410879        0.2569748270        0.1094458648        0.0060383559        0.0894832597        0.0524775012        0.0190518849        1.0000000016
284.5000        0.0001911623        0.0156097711        0.4507871474        0.2566971062        0.1095760103        0.0060038554        0.0896096893        0.0525484641        0.0189767954        1.0000000016
285.0000        0.0002022419        0.0156117586        0.4508368370        0.2564109380        0.1097109484        0.0059671942        0.0897459718        0.0526152265        0.0188988852        1.0000000016
285.5000        0.0002131626        0.0156131467        0.4508905833        0.2561166232        0.1098504556        0.0059284669        0.0898918055        0.0526772048        0.0188185532        1.0000000016
286.0000        0.0002239279        0.0156138488        0.4509487644        0.2558144450        0.1099943328        0.0058877718        0.0900468608        0.0527338413        0.0187362088        1.0000000016
286.5000        0.0002345487        0.0156137844        0.4510117357        0.2555046619        0.1101424002        0.0058452108        0.0902107793        0.0527846120        0.0186522686        1.0000000016
287.0000        0.0002450296        0.0156128742        0.4510798525        0.2551875089        0.1102944874        0.0058008902        0.0903831712        0.0528290330        0.0185671546        1.0000000016
287.5000        0.0002553572        0.0156110369        0.4511534870        0.2548632070        0.1104504223        0.0057549224        0.0905636104        0.0528666650        0.0184812935        1.0000000016
288.0000        0.0002654924        0.0156081873        0.4512330334        0.2545319792        0.1106100201        0.0057074266        0.0907516300        0.0528971161        0.0183951164        1.0000000016
288.5000        0.0002753691        0.0156042371        0.4513189007        0.2541940687        0.1107730760        0.0056585309        0.0909467179        0.0529200416        0.0183090597        1.0000000016
289.0000        0.0002848999        0.0155990979        0.4514114940        0.2538497549        0.1109393618        0.0056083722        0.0911483146        0.0529351421        0.0182235644        1.0000000016
289.5000        0.0002939879        0.0155926857        0.4515111884        0.2534993638        0.1111086295        0.0055570962        0.0913558137        0.0529421602        0.0181390762        1.0000000016
290.0000        0.0003025416        0.0155849262        0.4516183021        0.2531432695        0.1112806193        0.0055048568        0.0915685661        0.0529408758        0.0180560441        1.0000000016
290.5000        0.0003104904        0.0155757594        0.4517330739        0.2527818859        0.1114550718        0.0054518138        0.0917858862        0.0529311027        0.0179749176        1.0000000016
291.0000        0.0003177952        0.0155651424        0.4518556519        0.2524156509        0.1116317406        0.0053981306        0.0920070615        0.0529126855        0.0178961430        1.0000000016
291.5000        0.0003244540        0.0155530494        0.4519860960        0.2520450055        0.1118104034        0.0053439720        0.0922313632        0.0528854996        0.0178201584        1.0000000017
292.0000        0.0003304982        0.0155394698        0.4521243929        0.2516703731        0.1119908688        0.0052895015        0.0924580565        0.0528494520        0.0177473888        1.0000000017
292.5000        0.0003359820        0.0155244037        0.4522704823        0.2512921430        0.1121729763        0.0052348794        0.0926864092        0.0528044855        0.0176782403        1.0000000017
293.0000        0.0003409664        0.0155078562        0.4524242864        0.2509106628        0.1123565912        0.0051802619        0.0929156977        0.0527505834        0.0176130956        1.0000000017
293.5000        0.0003455016        0.0154898321        0.4525857373        0.2505262408        0.1125415936        0.0051258005        0.0931452100        0.0526877760        0.0175523097        1.0000000017
294.0000        0.0003496118        0.0154703325        0.4527547941        0.2501391575        0.1127278650        0.0050716432        0.0933742449        0.0526161451        0.0174962075        1.0000000017
294.5000        0.0003532873        0.0154493528        0.4529314470        0.2497496849        0.1129152755        0.0050179350        0.0936021083        0.0525358280        0.0174450828        1.0000000017
295.0000        0.0003564837        0.0154268848        0.4531157058        0.2493581071        0.1131036750        0.0049648198        0.0938281083        0.0524470190        0.0173991984        1.0000000017
295.5000        0.0003591318        0.0154029199        0.4533075771        0.2489647377        0.1132928891        0.0049124417        0.0940515499        0.0523499672        0.0173587873        1.0000000017
296.0000        0.0003611531        0.0153774551        0.4535070344        0.2485699309        0.1134827235        0.0048609454        0.0942717317        0.0522449729        0.0173240547        1.0000000017
296.5000        0.0003624790        0.0153504980        0.4537139895        0.2481740803        0.1136729730        0.0048104769        0.0944879452        0.0521323803        0.0172951797        1.0000000017
297.0000        0.0003630686        0.0153220710        0.4539282723        0.2477776084        0.1138634354        0.0047611820        0.0946994774        0.0520125699        0.0172723165        1.0000000017
297.5000        0.0003629204        0.0152922133        0.4541496256        0.2473809472        0.1140539261        0.0047132054        0.0949056184        0.0518859507        0.0172555945        1.0000000017
298.0000        0.0003620750        0.0152609794        0.4543777144        0.2469845145        0.1142442897        0.0046666876        0.0951056705        0.0517529533        0.0172451175        1.0000000017
298.5000        0.0003606076        0.0152284348        0.4546121508        0.2465886925        0.1144344061        0.0046217631        0.0952989605        0.0516140252        0.0172409611        1.0000000017
299.0000        0.0003586129        0.0151946506        0.4548525271        0.2461938134        0.1146241895        0.0045785577        0.0954848513        0.0514696294        0.0172431698        1.0000000017
299.5000        0.0003561843        0.0151596971        0.4550984484        0.2458001552        0.1148135802        0.0045371868        0.0956627517        0.0513202448        0.0172517532        1.0000000017
300.0000        0.0003533940        0.0151236382        0.4553495592        0.2454079499        0.1150025307        0.0044977543        0.0958321230        0.0511663692        0.0172666832        1.0000000017
