       t         state 0 pop         state 1 pop         state 2 pop         state 3 pop         state 4 pop         state 5 pop         state 6 pop         state 7 pop         state 8 pop              poptot
  0.0000        0.0001158363        0.0001185174        0.0001218096        0.0001247427        0.0001940057        0.0001998696        0.0002071230        0.0002136354        0.9987044603        1.0000000000
  0.5000        0.0001146133        0.0001172956        0.0001205786        0.0001235140        0.0001921504        0.0001980265        0.0002052730        0.0002118037        0.9987167449        1.0000000000
  1.0000        0.0001134784        0.0001161598        0.0001194320        0.0001223674        0.0001903789        0.0001962640        0.0002035011        0.0002100467        0.9987283717        1.0000000000
  1.5000        0.0001125062        0.0001151832        0.0001184418        0.0001213735        0.0001887605        0.0001946495        0.0002018728        0.0002084281        0.9987387843        1.0000000000
  2.0000        0.0001117598        0.0001144282        0.0001176700        0.0001205939        0.0001873577        0.0001932439        0.0002004481        0.0002070060        0.9987474924        1.0000000000
  2.5000        0.0001112868        0.0001139427        0.0001171647        0.0001200764        0.0001862239        0.0001920999        0.0001992788        0.0002058315        0.9987540952        1.0000000000
  3.0000        0.0001111161        0.0001137569        0.0001169572        0.0001198535        0.0001854014        0.0001912600        0.0001984075        0.0002049468        0.9987583006        1.0000000000
  3.5000        0.0001112564        0.0001138813        0.0001170603        0.0001199397        0.0001849201        0.0001907548        0.0001978658        0.0002043842        0.9987599373        1.0000000000
  4.0000        0.0001116958        0.0001143070        0.0001174676        0.0001203314        0.0001847962        0.0001906025        0.0001976735        0.0002041648        0.9987589613        1.0000000000
  4.5000        0.0001124023        0.0001150057        0.0001181539        0.0001210069        0.0001850319        0.0001908079        0.0001978377        0.0002042982        0.9987554554        1.0000000000
  5.0000        0.0001133267        0.0001159317        0.0001190775        0.0001219281        0.0001856155        0.0001913627        0.0001983535        0.0002047825        0.9987496218        1.0000000000
  5.5000        0.0001144055        0.0001170254        0.0001201820        0.0001230423        0.0001865220        0.0001922457        0.0001992034        0.0002056038        0.9987417700        1.0000000000
  6.0000        0.0001155654        0.0001182165        0.0001214002        0.0001242860        0.0001877138        0.0001934241        0.0002003584        0.0002067375        0.9987322981        1.0000000000
  6.5000        0.0001167278        0.0001194289        0.0001226585        0.0001255882        0.0001891428        0.0001948541        0.0002017793        0.0002081488        0.9987216716        1.0000000000
  7.0000        0.0001178144        0.0001205853        0.0001238807        0.0001268747        0.0001907519        0.0001964831        0.0002034177        0.0002097939        0.9987103983        1.0000000000
  7.5000        0.0001187519        0.0001216122        0.0001249931        0.0001280723        0.0001924775        0.0001982514        0.0002052179        0.0002116215        0.9986990023        1.0000000000
  8.0000        0.0001194771        0.0001224442        0.0001259287        0.0001291130        0.0001942516        0.0002000947        0.0002071189        0.0002135745        0.9986879975        1.0000000000
  8.5000        0.0001199404        0.0001230283        0.0001266313        0.0001299379        0.0001960049        0.0002019459        0.0002090564        0.0002155921        0.9986778628        1.0000000000
  9.0000        0.0001201095        0.0001233272        0.0001270587        0.0001305008        0.0001976689        0.0002037382        0.0002109651        0.0002176114        0.9986690201        1.0000000000
  9.5000        0.0001199713        0.0001233210        0.0001271852        0.0001307704        0.0001991790        0.0002054069        0.0002127810        0.0002195699        0.9986618154        1.0000000000
 10.0000        0.0001195322        0.0001230090        0.0001270028        0.0001307321        0.0002004765        0.0002068921        0.0002144434        0.0002214070        0.9986565051        1.0000000000
 10.5000        0.0001188180        0.0001224092        0.0001265220        0.0001303888        0.0002015109        0.0002081406        0.0002158970        0.0002230664        0.9986532472        1.0000000000
 11.0000        0.0001178719        0.0001215571        0.0001257709        0.0001297607        0.0002022418        0.0002091079        0.0002170938        0.0002244975        0.9986520983        1.0000000000
 11.5000        0.0001167518        0.0001205038        0.0001247931        0.0001288839        0.0002026403        0.0002097595        0.0002179945        0.0002256573        0.9986530157        1.0000000000
 12.0000        0.0001155265        0.0001193122        0.0001236454        0.0001278084        0.0002026896        0.0002100720        0.0002185698        0.0002265114        0.9986558646        1.0000000000
 12.5000        0.0001142710        0.0001180535        0.0001223944        0.0001265949        0.0002023861        0.0002100341        0.0002188012        0.0002270349        0.9986604299        1.0000000000
 13.0000        0.0001130620        0.0001168026        0.0001211124        0.0001253118        0.0002017387        0.0002096463        0.0002186815        0.0002272134        0.9986664313        1.0000000000
 13.5000        0.0001119732        0.0001156337        0.0001198730        0.0001240308        0.0002007688        0.0002089212        0.0002182150        0.0002270431        0.9986735412        1.0000000000
 14.0000        0.0001110704        0.0001146160        0.0001187476        0.0001228236        0.0001995090        0.0002078828        0.0002174167        0.0002265306        0.9986814034        1.0000000000
 14.5000        0.0001104080        0.0001138095        0.0001178003        0.0001217574        0.0001980021        0.0002065651        0.0002163124        0.0002256928        0.9986896523        1.0000000000
 15.0000        0.0000000008        0.0000000008        0.0000000009        0.0000000009        0.0000000011        0.0000000011        0.0000000012        0.0000000012        0.9999999920        1.0000000000
 15.5000        0.0000000075        0.0000000076        0.0000000077        0.0000000078        0.0000000101        0.0000000103        0.0000000104        0.0000000105        0.9999999282        1.0000000000
 16.0000        0.0000000203        0.0000000207        0.0000000211        0.0000000214        0.0000000279        0.0000000282        0.0000000286        0.0000000289        0.9999998028        1.0000000000
 16.5000        0.0000000387        0.0000000394        0.0000000403        0.0000000410        0.0000000539        0.0000000546        0.0000000554        0.0000000559        0.9999996208        1.0000000000
 17.0000        0.0000000616        0.0000000628        0.0000000643        0.0000000655        0.0000000873        0.0000000885        0.0000000899        0.0000000909        0.9999993892        1.0000000000
 17.5000        0.0000000875        0.0000000895        0.0000000918        0.0000000938        0.0000001270        0.0000001290        0.0000001313        0.0000001329        0.9999991172        1.0000000000
 18.0000        0.0000001152        0.0000001181        0.0000001214        0.0000001244        0.0000001717        0.0000001748        0.0000001782        0.0000001808        0.9999988155        1.0000000000
 18.5000        0.0000001428        0.0000001469        0.0000001515        0.0000001558        0.0000002200        0.0000002245        0.0000002295        0.0000002334        0.9999984958        1.0000000000
 19.0000        0.0000001689        0.0000001744        0.0000001805        0.0000001863        0.0000002703        0.0000002766        0.0000002835        0.0000002891        0.9999981704        1.0000000000
 19.5000        0.0000001919        0.0000001991        0.0000002069        0.0000002144        0.0000003211        0.0000003296        0.0000003389        0.0000003466        0.9999978515        1.0000000000
 20.0000        0.0000002105        0.0000002195        0.0000002293        0.0000002388        0.0000003707        0.0000003819        0.0000003939        0.0000004043        0.9999975510        1.0000000000
 20.5000        0.0000002237        0.0000002347        0.0000002466        0.0000002582        0.0000004175        0.0000004319        0.0000004472        0.0000004606        0.9999972797        1.0000000000
 21.0000        0.0000002307        0.0000002437        0.0000002577        0.0000002716        0.0000004601        0.0000004781        0.0000004972        0.0000005142        0.9999970467        1.0000000000
 21.5000        0.0000002311        0.0000002461        0.0000002623        0.0000002784        0.0000004972        0.0000005192        0.0000005425        0.0000005637        0.9999968596        1.0000000000
 22.0000        0.0000002250        0.0000002418        0.0000002600        0.0000002783        0.0000005275        0.0000005539        0.0000005818        0.0000006076        0.9999967241        1.0000000000
 22.5000        0.0000002127        0.0000002310        0.0000002509        0.0000002713        0.0000005503        0.0000005814        0.0000006142        0.0000006450        0.9999966433        1.0000000000
 23.0000        0.0000001949        0.0000002144        0.0000002357        0.0000002577        0.0000005647        0.0000006007        0.0000006387        0.0000006749        0.9999966183        1.0000000000
 23.5000        0.0000001726        0.0000001928        0.0000002150        0.0000002383        0.0000005705        0.0000006114        0.0000006547        0.0000006966        0.9999966481        1.0000000000
 24.0000        0.0000001471        0.0000001675        0.0000001900        0.0000002140        0.0000005674        0.0000006132        0.0000006618        0.0000007094        0.9999967295        1.0000000000
 24.5000        0.0000001199        0.0000001398        0.0000001620        0.0000001860        0.0000005556        0.0000006061        0.0000006599        0.0000007133        0.9999968573        1.0000000000
 25.0000        0.0000000926        0.0000001113        0.0000001325        0.0000001558        0.0000005355        0.0000005903        0.0000006491        0.0000007080        0.9999970250        1.0000000000
 25.5000        0.0000000666        0.0000000834        0.0000001029        0.0000001249        0.0000005078        0.0000005664        0.0000006296        0.0000006938        0.9999972248        1.0000000000
 26.0000        0.0000000434        0.0000000577        0.0000000748        0.0000000947        0.0000004733        0.0000005351        0.0000006021        0.0000006711        0.9999974479        1.0000000000
 26.5000        0.0000000244        0.0000000356        0.0000000497        0.0000000668        0.0000004331        0.0000004972        0.0000005673        0.0000006405        0.9999976853        1.0000000000
 27.0000        0.0000000106        0.0000000184        0.0000000290        0.0000000426        0.0000003886        0.0000004540        0.0000005263        0.0000006028        0.9999979277        1.0000000000
 27.5000        0.0000000029        0.0000000069        0.0000000136        0.0000000233        0.0000003410        0.0000004067        0.0000004802        0.0000005590        0.9999981663        1.0000000000
 28.0000        0.0000000018        0.0000000019        0.0000000044        0.0000000099        0.0000002919        0.0000003567        0.0000004302        0.0000005103        0.9999983927        1.0000000000
 28.5000        0.0000000075        0.0000000037        0.0000000021        0.0000000031        0.0000002428        0.0000003055        0.0000003777        0.0000004579        0.9999985996        1.0000000000
 29.0000        0.0000000196        0.0000000123        0.0000000067        0.0000000034        0.0000001952        0.0000002545        0.0000003242        0.0000004032        0.9999987808        1.0000000000
 29.5000        0.0000000376        0.0000000274        0.0000000182        0.0000000107        0.0000001506        0.0000002053        0.0000002712        0.0000003476        0.9999989314        1.0000000000
 30.0000        0.0000000608        0.0000000483        0.0000000362        0.0000000250        0.0000001103        0.0000001592        0.0000002200        0.0000002925        0.9999990477        1.0000000000
 30.5000        0.0000000880        0.0000000741        0.0000000598        0.0000000457        0.0000000756        0.0000001176        0.0000001721        0.0000002393        0.9999991277        1.0000000000
 31.0000        0.0000001179        0.0000001035        0.0000000881        0.0000000719        0.0000000477        0.0000000819        0.0000001288        0.0000001894        0.9999991706        1.0000000000
 31.5000        0.0000001489        0.0000001354        0.0000001199        0.0000001027        0.0000000275        0.0000000530        0.0000000914        0.0000001442        0.9999991770        1.0000000000
 32.0000        0.0000001797        0.0000001681        0.0000001537        0.0000001366        0.0000000158        0.0000000318        0.0000000609        0.0000001047        0.9999991486        1.0000000000
 32.5000        0.0000002088        0.0000002001        0.0000001882        0.0000001725        0.0000000129        0.0000000192        0.0000000383        0.0000000721        0.9999990880        1.0000000000
 33.0000        0.0000002346        0.0000002301        0.0000002217        0.0000002086        0.0000000192        0.0000000157        0.0000000242        0.0000000474        0.9999989985        1.0000000000
 33.5000        0.0000002560        0.0000002566        0.0000002528        0.0000002437        0.0000000347        0.0000000214        0.0000000193        0.0000000312        0.9999988842        1.0000000000
 34.0000        0.0000002720        0.0000002785        0.0000002802        0.0000002762        0.0000000592        0.0000000366        0.0000000239        0.0000000242        0.9999987491        1.0000000000
 34.5000        0.0000002818        0.0000002946        0.0000003028        0.0000003049        0.0000000923        0.0000000611        0.0000000380        0.0000000268        0.9999985977        1.0000000000
 35.0000        0.0000002849        0.0000003044        0.0000003195        0.0000003285        0.0000001334        0.0000000944        0.0000000618        0.0000000392        0.9999984340        1.0000000000
 35.5000        0.0000002813        0.0000003074        0.0000003296        0.0000003460        0.0000001815        0.0000001360        0.0000000947        0.0000000613        0.9999982620        1.0000000000
 36.0000        0.0000002712        0.0000003035        0.0000003328        0.0000003570        0.0000002356        0.0000001852        0.0000001364        0.0000000930        0.9999980851        1.0000000000
 36.5000        0.0000002550        0.0000002929        0.0000003290        0.0000003608        0.0000002947        0.0000002411        0.0000001863        0.0000001340        0.9999979063        1.0000000000
 37.0000        0.0000002336        0.0000002762        0.0000003183        0.0000003574        0.0000003574        0.0000003025        0.0000002433        0.0000001836        0.9999977277        1.0000000000
 37.5000        0.0000002081        0.0000002540        0.0000003012        0.0000003470        0.0000004224        0.0000003682        0.0000003067        0.0000002412        0.9999975513        1.0000000000
 38.0000        0.0000001796        0.0000002276        0.0000002785        0.0000003300        0.0000004882        0.0000004370        0.0000003753        0.0000003058        0.9999973781        1.0000000000
 38.5000        0.0000001496        0.0000001980        0.0000002513        0.0000003071        0.0000005535        0.0000005075        0.0000004478        0.0000003766        0.9999972086        1.0000000000
 39.0000        0.0000001195        0.0000001667        0.0000002207        0.0000002794        0.0000006169        0.0000005783        0.0000005230        0.0000004523        0.9999970430        1.0000000000
 39.5000        0.0000000909        0.0000001352        0.0000001881        0.0000002480        0.0000006770        0.0000006482        0.0000005996        0.0000005318        0.9999968812        1.0000000000
 40.0000        0.0000000651        0.0000001048        0.0000001550        0.0000002143        0.0000007325        0.0000007156        0.0000006762        0.0000006139        0.9999967225        1.0000000000
 40.5000        0.0000000434        0.0000000771        0.0000001227        0.0000001795        0.0000007824        0.0000007794        0.0000007515        0.0000006973        0.9999965666        1.0000000000
 41.0000        0.0000000270        0.0000000533        0.0000000928        0.0000001453        0.0000008256        0.0000008383        0.0000008243        0.0000007807        0.9999964128        1.0000000000
 41.5000        0.0000000166        0.0000000346        0.0000000666        0.0000001129        0.0000008613        0.0000008913        0.0000008932        0.0000008627        0.9999962608        1.0000000000
 42.0000        0.0000000130        0.0000000220        0.0000000452        0.0000000839        0.0000008887        0.0000009373        0.0000009571        0.0000009423        0.9999961105        1.0000000000
 42.5000        0.0000000164        0.0000000161        0.0000000298        0.0000000595        0.0000009075        0.0000009757        0.0000010150        0.0000010180        0.9999959620        1.0000000000
 43.0000        0.0000000269        0.0000000174        0.0000000210        0.0000000408        0.0000009173        0.0000010057        0.0000010659        0.0000010889        0.9999958161        1.0000000000
 43.5000        0.0000000442        0.0000000260        0.0000000195        0.0000000286        0.0000009180        0.0000010269        0.0000011091        0.0000011540        0.9999956736        1.0000000000
 44.0000        0.0000000678        0.0000000417        0.0000000255        0.0000000237        0.0000009099        0.0000010390        0.0000011439        0.0000012122        0.9999955362        1.0000000000
 44.5000        0.0000000968        0.0000000642        0.0000000390        0.0000000264        0.0000008931        0.0000010420        0.0000011699        0.0000012629        0.9999954057        1.0000000000
 45.0000        0.0000001302        0.0000000927        0.0000000597        0.0000000368        0.0000008681        0.0000010359        0.0000011868        0.0000013054        0.9999952842        1.0000000000
 45.5000        0.0000001668        0.0000001263        0.0000000871        0.0000000549        0.0000008358        0.0000010211        0.0000011945        0.0000013392        0.9999951744        1.0000000000
 46.0000        0.0000002052        0.0000001638        0.0000001203        0.0000000803        0.0000007969        0.0000009979        0.0000011930        0.0000013639        0.9999950788        1.0000000000
 46.5000        0.0000002439        0.0000002040        0.0000001583        0.0000001122        0.0000007525        0.0000009671        0.0000011825        0.0000013795        0.9999950000        1.0000000000
 47.0000        0.0000002817        0.0000002456        0.0000001999        0.0000001499        0.0000007036        0.0000009294        0.0000011635        0.0000013858        0.9999949408        1.0000000000
 47.5000        0.0000003170        0.0000002870        0.0000002438        0.0000001922        0.0000006514        0.0000008858        0.0000011365        0.0000013831        0.9999949033        1.0000000000
 48.0000        0.0000003486        0.0000003268        0.0000002887        0.0000002380        0.0000005974        0.0000008373        0.0000011022        0.0000013715        0.9999948895        1.0000000000
 48.5000        0.0000003753        0.0000003638        0.0000003331        0.0000002859        0.0000005428        0.0000007851        0.0000010615        0.0000013517        0.9999949009        1.0000000000
 49.0000        0.0000003962        0.0000003966        0.0000003756        0.0000003345        0.0000004890        0.0000007304        0.0000010153        0.0000013241        0.9999949382        1.0000000000
 49.5000        0.0000004105        0.0000004241        0.0000004149        0.0000003824        0.0000004375        0.0000006746        0.0000009648        0.0000012896        0.9999950015        1.0000000000
 50.0000        0.0000004179        0.0000004455        0.0000004497        0.0000004283        0.0000003896        0.0000006190        0.0000009112        0.0000012490        0.9999950898        1.0000000000
 50.5000        0.0000004181        0.0000004601        0.0000004790        0.0000004708        0.0000003466        0.0000005650        0.0000008556        0.0000012033        0.9999952016        1.0000000000
 51.0000        0.0000004111        0.0000004675        0.0000005019        0.0000005086        0.0000003098        0.0000005140        0.0000007994        0.0000011536        0.9999953340        1.0000000000
 51.5000        0.0000003974        0.0000004674        0.0000005178        0.0000005409        0.0000002805        0.0000004674        0.0000007440        0.0000011010        0.9999954836        1.0000000000
 52.0000        0.0000003776        0.0000004601        0.0000005262        0.0000005666        0.0000002597        0.0000004264        0.0000006907        0.0000010468        0.9999956459        1.0000000000
 52.5000        0.0000003524        0.0000004458        0.0000005271        0.0000005851        0.0000002484        0.0000003925        0.0000006409        0.0000009924        0.9999958155        1.0000000000
 53.0000        0.0000003230        0.0000004252        0.0000005204        0.0000005960        0.0000002474        0.0000003666        0.0000005961        0.0000009390        0.9999959862        1.0000000000
 53.5000        0.0000002906        0.0000003991        0.0000005065        0.0000005991        0.0000002575        0.0000003501        0.0000005575        0.0000008882        0.9999961514        1.0000000000
 54.0000        0.0000002564        0.0000003686        0.0000004861        0.0000005945        0.0000002793        0.0000003439        0.0000005265        0.0000008412        0.9999963037        1.0000000000
 54.5000        0.0000002219        0.0000003349        0.0000004599        0.0000005824        0.0000003131        0.0000003488        0.0000005043        0.0000007995        0.9999964354        1.0000000000
 55.0000        0.0000001886        0.0000002992        0.0000004289        0.0000005633        0.0000003592        0.0000003658        0.0000004921        0.0000007645        0.9999965386        1.0000000000
 55.5000        0.0000001577        0.0000002630        0.0000003942        0.0000005380        0.0000004177        0.0000003953        0.0000004910        0.0000007376        0.9999966054        1.0000000000
 56.0000        0.0000001308        0.0000002276        0.0000003573        0.0000005075        0.0000004886        0.0000004381        0.0000005021        0.0000007202        0.9999966279        1.0000000000
 56.5000        0.0000001088        0.0000001946        0.0000003194        0.0000004728        0.0000005717        0.0000004944        0.0000005262        0.0000007135        0.9999965986        1.0000000000
 57.0000        0.0000000931        0.0000001652        0.0000002819        0.0000004351        0.0000006667        0.0000005646        0.0000005643        0.0000007189        0.9999965103        1.0000000000
 57.5000        0.0000000843        0.0000001408        0.0000002463        0.0000003959        0.0000007730        0.0000006487        0.0000006169        0.0000007375        0.9999963566        1.0000000000
 58.0000        0.0000000832        0.0000001224        0.0000002140        0.0000003565        0.0000008903        0.0000007468        0.0000006848        0.0000007704        0.9999961316        1.0000000000
 58.5000        0.0000000902        0.0000001110        0.0000001863        0.0000003183        0.0000010177        0.0000008588        0.0000007684        0.0000008189        0.9999958305        1.0000000000
 59.0000        0.0000001055        0.0000001074        0.0000001644        0.0000002828        0.0000011545        0.0000009844        0.0000008681        0.0000008838        0.9999954492        1.0000000000
 59.5000        0.0000001290        0.0000001121        0.0000001494        0.0000002513        0.0000012998        0.0000011233        0.0000009843        0.0000009661        0.9999949847        1.0000000000
 60.0000        0.0000001604        0.0000001255        0.0000001421        0.0000002251        0.0000014528        0.0000012751        0.0000011171        0.0000010668        0.9999944351        1.0000000000
 60.5000        0.0000001992        0.0000001476        0.0000001433        0.0000002054        0.0000016125        0.0000014393        0.0000012668        0.0000011865        0.9999937995        1.0000000000
 61.0000        0.0000002446        0.0000001784        0.0000001534        0.0000001933        0.0000017779        0.0000016152        0.0000014332        0.0000013260        0.9999930780        1.0000000000
 61.5000        0.0000002957        0.0000002174        0.0000001728        0.0000001896        0.0000019480        0.0000018023        0.0000016164        0.0000014861        0.9999922716        1.0000000000
 62.0000        0.0000003514        0.0000002640        0.0000002016        0.0000001951        0.0000021219        0.0000019999        0.0000018162        0.0000016672        0.9999913826        1.0000000000
 62.5000        0.0000004105        0.0000003175        0.0000002394        0.0000002102        0.0000022986        0.0000022073        0.0000020325        0.0000018701        0.9999904138        1.0000000000
 63.0000        0.0000004716        0.0000003769        0.0000002861        0.0000002352        0.0000024772        0.0000024237        0.0000022652        0.0000020953        0.9999893688        1.0000000000
 63.5000        0.0000005335        0.0000004411        0.0000003409        0.0000002703        0.0000026568        0.0000026484        0.0000025139        0.0000023432        0.9999882519        1.0000000000
 64.0000        0.0000005947        0.0000005090        0.0000004032        0.0000003152        0.0000028367        0.0000028808        0.0000027784        0.0000026144        0.9999870677        1.0000000000
 64.5000        0.0000006539        0.0000005791        0.0000004719        0.0000003698        0.0000030162        0.0000031202        0.0000030585        0.0000029093        0.9999858211        1.0000000000
 65.0000        0.0000007098        0.0000006502        0.0000005461        0.0000004334        0.0000031946        0.0000033661        0.0000033540        0.0000032286        0.9999845173        1.0000000000
 65.5000        0.0000007614        0.0000007209        0.0000006246        0.0000005054        0.0000033715        0.0000036178        0.0000036647        0.0000035726        0.9999831612        1.0000000000
 66.0000        0.0000008075        0.0000007899        0.0000007061        0.0000005850        0.0000035466        0.0000038749        0.0000039904        0.0000039421        0.9999817577        1.0000000000
 66.5000        0.0000008473        0.0000008559        0.0000007892        0.0000006711        0.0000037196        0.0000041371        0.0000043311        0.0000043377        0.9999803110        1.0000000000
 67.0000        0.0000008801        0.0000009179        0.0000008728        0.0000007628        0.0000038906        0.0000044041        0.0000046868        0.0000047600        0.9999788249        1.0000000000
 67.5000        0.0000009055        0.0000009747        0.0000009555        0.0000008587        0.0000040596        0.0000046760        0.0000050577        0.0000052101        0.9999773023        1.0000000000
 68.0000        0.0000009231        0.0000010254        0.0000010360        0.0000009577        0.0000042270        0.0000049527        0.0000054440        0.0000056889        0.9999757454        1.0000000000
 68.5000        0.0000009330        0.0000010693        0.0000011131        0.0000010585        0.0000043932        0.0000052344        0.0000058462        0.0000061975        0.9999741548        1.0000000000
 69.0000        0.0000009354        0.0000011059        0.0000011859        0.0000011598        0.0000045589        0.0000055217        0.0000062648        0.0000067374        0.9999725303        1.0000000000
 69.5000        0.0000009305        0.0000011349        0.0000012532        0.0000012604        0.0000047251        0.0000058151        0.0000067007        0.0000073100        0.9999708701        1.0000000000
 70.0000        0.0000009191        0.0000011561        0.0000013144        0.0000013591        0.0000048928        0.0000061155        0.0000071550        0.0000079174        0.9999691707        1.0000000000
 70.5000        0.0000009019        0.0000011695        0.0000013688        0.0000014548        0.0000050634        0.0000064239        0.0000076288        0.0000085617        0.9999674271        1.0000000000
 71.0000        0.0000008799        0.0000011756        0.0000014160        0.0000015465        0.0000052385        0.0000067419        0.0000081239        0.0000092453        0.9999656324        1.0000000000
 71.5000        0.0000008543        0.0000011747        0.0000014556        0.0000016334        0.0000054199        0.0000070710        0.0000086421        0.0000099713        0.9999637778        1.0000000000
 72.0000        0.0000008264        0.0000011676        0.0000014876        0.0000017146        0.0000056097        0.0000074132        0.0000091858        0.0000107429        0.9999618521        1.0000000000
 72.5000        0.0000007974        0.0000011552        0.0000015123        0.0000017896        0.0000058104        0.0000077709        0.0000097577        0.0000115643        0.9999598424        1.0000000000
 73.0000        0.0000007689        0.0000011384        0.0000015298        0.0000018580        0.0000060246        0.0000081467        0.0000103609        0.0000124398        0.9999577330        1.0000000000
 73.5000        0.0000007424        0.0000011186        0.0000015408        0.0000019196        0.0000062553        0.0000085438        0.0000109991        0.0000133746        0.9999555059        1.0000000000
 74.0000        0.0000007193        0.0000010969        0.0000015460        0.0000019743        0.0000065060        0.0000089657        0.0000116766        0.0000143748        0.9999531403        1.0000000000
 74.5000        0.0000007013        0.0000010750        0.0000015463        0.0000020223        0.0000067804        0.0000094165        0.0000123984        0.0000154472        0.9999506127        1.0000000000
 75.0000        0.0000006897        0.0000010542        0.0000015428        0.0000020640        0.0000070826        0.0000099008        0.0000131699        0.0000165995        0.9999478964        1.0000000000
 75.5000        0.0000006860        0.0000010361        0.0000015367        0.0000021000        0.0000074172        0.0000104238        0.0000139978        0.0000178409        0.9999449614        1.0000000000
 76.0000        0.0000006916        0.0000010224        0.0000015295        0.0000021309        0.0000077892        0.0000109915        0.0000148894        0.0000191816        0.9999417739        1.0000000000
 76.5000        0.0000007076        0.0000010147        0.0000015226        0.0000021578        0.0000082044        0.0000116104        0.0000158530        0.0000206333        0.9999382962        1.0000000000
 77.0000        0.0000007353        0.0000010146        0.0000015176        0.0000021818        0.0000086688        0.0000122880        0.0000168983        0.0000222094        0.9999344862        1.0000000000
 77.5000        0.0000007755        0.0000010237        0.0000015162        0.0000022041        0.0000091893        0.0000130327        0.0000180362        0.0000239255        0.9999302968        1.0000000000
 78.0000        0.0000008292        0.0000010435        0.0000015201        0.0000022262        0.0000097735        0.0000138540        0.0000192791        0.0000257992        0.9999256752        1.0000000000
 78.5000        0.0000008969        0.0000010754        0.0000015313        0.0000022498        0.0000104297        0.0000147626        0.0000206411        0.0000278506        0.9999205626        1.0000000000
 79.0000        0.0000009793        0.0000011209        0.0000015515        0.0000022765        0.0000111673        0.0000157703        0.0000221385        0.0000301030        0.9999148926        1.0000000000
 79.5000        0.0000010767        0.0000011813        0.0000015825        0.0000023083        0.0000119967        0.0000168908        0.0000237896        0.0000325830        0.9999085911        1.0000000000
 80.0000        0.0000011893        0.0000012577        0.0000016262        0.0000023472        0.0000129292        0.0000181394        0.0000256153        0.0000353213        0.9999015744        1.0000000000
 80.5000        0.0000013171        0.0000013511        0.0000016846        0.0000023953        0.0000139779        0.0000195332        0.0000276398        0.0000383531        0.9998937479        1.0000000000
 81.0000        0.0000014602        0.0000014626        0.0000017592        0.0000024547        0.0000151570        0.0000210919        0.0000298904        0.0000417194        0.9998850045        1.0000000000
 81.5000        0.0000016183        0.0000015930        0.0000018521        0.0000025278        0.0000164827        0.0000228376        0.0000323988        0.0000454670        0.9998752226        1.0000000000
 82.0000        0.0000017912        0.0000017430        0.0000019648        0.0000026170        0.0000179731        0.0000247956        0.0000352010        0.0000496507        0.9998642637        1.0000000000
 82.5000        0.0000019783        0.0000019132        0.0000020992        0.0000027246        0.0000196486        0.0000269944        0.0000383386        0.0000543338        0.9998519692        1.0000000000
 83.0000        0.0000021793        0.0000021042        0.0000022567        0.0000028532        0.0000215323        0.0000294669        0.0000418598        0.0000595902        0.9998381573        1.0000000000
 83.5000        0.0000023937        0.0000023163        0.0000024392        0.0000030053        0.0000236503        0.0000322506        0.0000458199        0.0000655058        0.9998226189        1.0000000000
 84.0000        0.0000026208        0.0000025500        0.0000026481        0.0000031836        0.0000260322        0.0000353883        0.0000502833        0.0000721817        0.9998051121        1.0000000000
 84.5000        0.0000028601        0.0000028055        0.0000028849        0.0000033908        0.0000287118        0.0000389294        0.0000553246        0.0000797360        0.9997853568        1.0000000000
 85.0000        0.0000031110        0.0000030831        0.0000031512        0.0000036297        0.0000317274        0.0000429309        0.0000610308        0.0000883083        0.9997630274        1.0000000000
 85.5000        0.0000033731        0.0000033831        0.0000034485        0.0000039032        0.0000351233        0.0000474585        0.0000675036        0.0000980632        0.9997377436        1.0000000000
 86.0000        0.0000036460        0.0000037055        0.0000037783        0.0000042142        0.0000389500        0.0000525882        0.0000748620        0.0001091961        0.9997090598        1.0000000000
 86.5000        0.0000039292        0.0000040508        0.0000041422        0.0000045658        0.0000432655        0.0000584087        0.0000832460        0.0001219397        0.9996764521        1.0000000000
 87.0000        0.0000042226        0.0000044192        0.0000045416        0.0000049612        0.0000481372        0.0000650232        0.0000928209        0.0001365721        0.9996393020        1.0000000000
 87.5000        0.0000045261        0.0000048111        0.0000049784        0.0000054039        0.0000536426        0.0000725523        0.0001037823        0.0001534275        0.9995968758        1.0000000000
 88.0000        0.0000048397        0.0000052271        0.0000054543        0.0000058974        0.0000598721        0.0000811376        0.0001163627        0.0001729090        0.9995483000        1.0000000000
 88.5000        0.0000051639        0.0000056677        0.0000059712        0.0000064456        0.0000669307        0.0000909460        0.0001308398        0.0001955054        0.9994925297        1.0000000000
 89.0000        0.0000054991        0.0000061339        0.0000065311        0.0000070524        0.0000749413        0.0001021746        0.0001475462        0.0002218128        0.9994283084        1.0000000000
 89.5000        0.0000058462        0.0000066266        0.0000071365        0.0000077224        0.0000840480        0.0001150572        0.0001668830        0.0002525623        0.9993541177        1.0000000000
 90.0000        0.0000062062        0.0000071472        0.0000077899        0.0000084603        0.0000944201        0.0001298726        0.0001893354        0.0002886562        0.9992681121        1.0000000000
 90.5000        0.0000065806        0.0000076972        0.0000084942        0.0000092714        0.0001062578        0.0001469544        0.0002154940        0.0003312155        0.9991680350        1.0000000000
 91.0000        0.0000069710        0.0000082787        0.0000092527        0.0000101613        0.0001197986        0.0001667035        0.0002460816        0.0003816433        0.9990511092        1.0000000000
 91.5000        0.0000073797        0.0000088940        0.0000100690        0.0000111365        0.0001353249        0.0001896044        0.0002819887        0.0004417101        0.9989138927        1.0000000000
 92.0000        0.0000078091        0.0000095458        0.0000109476        0.0000122039        0.0001531747        0.0002162457        0.0003243189        0.0005136685        0.9987520859        1.0000000000
 92.5000        0.0000082623        0.0000102375        0.0000118931        0.0000133714        0.0001737539        0.0002473460        0.0003744502        0.0006004128        0.9985602728        1.0000000000
 93.0000        0.0000087427        0.0000109728        0.0000129111        0.0000146478        0.0001975527        0.0002837887        0.0004341169        0.0007056995        0.9983315678        1.0000000000
 93.5000        0.0000092545        0.0000117564        0.0000140079        0.0000160428        0.0002251656        0.0003266661        0.0005055191        0.0008344609        0.9980571265        1.0000000000
 94.0000        0.0000098021        0.0000125935        0.0000151908        0.0000175676        0.0002573187        0.0003773390        0.0005914750        0.0009932546        0.9977254588        1.0000000000
 94.5000        0.0000103910        0.0000134900        0.0000164678        0.0000192346        0.0002949028        0.0004375147        0.0006956295        0.0011909225        0.9973214471        1.0000000000
 95.0000        0.0000110270        0.0000144529        0.0000178486        0.0000210578        0.0003390190        0.0005093538        0.0008227502        0.0014395745        0.9968249163        1.0000000000
 95.5000        0.0000117169        0.0000154901        0.0000193437        0.0000230533        0.0003910370        0.0005956144        0.0009791491        0.0017560899        0.9962085056        1.0000000000
 96.0000        0.0000124685        0.0000166108        0.0000209656        0.0000252392        0.0004526741        0.0006998522        0.0011732963        0.0021644679        0.9954344255        1.0000000000
 96.5000        0.0000132901        0.0000178253        0.0000227282        0.0000276359        0.0005261003        0.0008267007        0.0014167304        0.0026996114        0.9944493778        1.0000000000
 97.0000        0.0000141917        0.0000191456        0.0000246475        0.0000302670        0.0006140826        0.0009822690        0.0017254373        0.0034136126        0.9931763467        1.0000000000
 97.5000        0.0000151839        0.0000205850        0.0000267420        0.0000331592        0.0007201831        0.0011747181        0.0021219887        0.0043865866        0.9915008533        1.0000000000
 98.0000        0.0000162791        0.0000221590        0.0000290325        0.0000363431        0.0008490369        0.0014151095        0.0026389490        0.0057461333        0.9892469577        1.0000000000
 98.5000        0.0000174909        0.0000238850        0.0000315431        0.0000398534        0.0010067452        0.0017186808        0.0033244698        0.0077040423        0.9861332896        1.0000000000
 99.0000        0.0000188348        0.0000257831        0.0000343012        0.0000437303        0.0012014440        0.0021068093        0.0042517959        0.0106295363        0.9816877650        1.0000000000
 99.5000        0.0000203282        0.0000278758        0.0000373382        0.0000480197        0.0014441397        0.0026101106        0.0055360685        0.0152053858        0.9750707334        1.0000000000
100.0000        0.0000219907        0.0000301891        0.0000406904        0.0000527745        0.0017499611        0.0032734733        0.0073653975        0.0227870240        0.9646784994        1.0000000000
100.5000        0.0000238444        0.0000327524        0.0000443990        0.0000580554        0.0021400820        0.0041645106        0.0100614127        0.0363013141        0.9471736294        1.0000000000
101.0000        0.0000259143        0.0000355995        0.0000485117        0.0000639328        0.0026447446        0.0053882878        0.0142046204        0.0626772358        0.9149111531        1.0000000000
101.5000        0.0000282288        0.0000387688        0.0000530834        0.0000704879        0.0033081549        0.0071141061        0.0209125272        0.1194164450        0.8490581979        1.0000000000
102.0000        0.0000308199        0.0000423045        0.0000581774        0.0000778149        0.0041966665        0.0096266683        0.0325052670        0.2451442282        0.7083180533        1.0000000000
102.5000        0.0000337243        0.0000462572        0.0000638668        0.0000860232        0.0054129767        0.0134295119        0.0542142413        0.4568693451        0.4698440534        1.0000000000
103.0000        0.0000369835        0.0000506850        0.0000702363        0.0000952402        0.0071218092        0.0194680135        0.0986188161        0.6215725293        0.2529656869        1.0000000000
103.5000        0.0000406451        0.0000556550        0.0000773841        0.0001056147        0.0095986906        0.0296453005        0.1939803817        0.6290799067        0.1374164216        1.0000000000
104.0000        0.0000447636        0.0000612444        0.0000854246        0.0001173208        0.0133279177        0.0480986196        0.3690837695        0.4860678025        0.0831131373        1.0000000000
104.5000        0.0000494013        0.0000675426        0.0000944910        0.0001305631        0.0192123352        0.0844366056        0.5497013504        0.2906654494        0.0556422614        1.0000000000
105.0000        0.0000546301        0.0000746534        0.0001047390        0.0001455823        0.0290556588        0.1604785890        0.6079694110        0.1618505776        0.0402661588        1.0000000000
105.5000        0.0000605329        0.0000826971        0.0001163513        0.0001626630        0.0467532718        0.3074317204        0.5175200498        0.0969888357        0.0308838780        1.0000000000
106.0000        0.0000672055        0.0000918143        0.0001295424        0.0001821422        0.0813575039        0.4917101923        0.3377548497        0.0639508244        0.0247559251        1.0000000000
106.5000        0.0000747591        0.0001021692        0.0001445656        0.0002044215        0.1541024934        0.5862620047        0.1929352754        0.0456394059        0.0205349052        1.0000000000
107.0000        0.0000833230        0.0001139543        0.0001617204        0.0002299799        0.3017946971        0.5311507026        0.1143575738        0.0346052415        0.0175028074        1.0000000000
107.5000        0.0001931462        0.0002644452        0.0003764674        0.0005384396        0.0000000000        0.7561937878        0.1537314256        0.0570458187        0.0316564696        1.0000000000
108.0000        0.0002022574        0.0002770045        0.0003948160        0.0005657611        0.0355558021        0.7523675420        0.1293546556        0.0515760814        0.0297060799        1.0000000000
108.5000        0.0002116821        0.0002901405        0.0004142399        0.0005950427        0.0973612912        0.7123111383        0.1132245669        0.0474633080        0.0281285904        1.0000000000
109.0000        0.0002214718        0.0003039484        0.0004349176        0.0006266171        0.1511977274        0.6741521018        0.1019570687        0.0442750487        0.0268310986        1.0000000000
109.5000        0.0002316915        0.0003185462        0.0004570689        0.0006608942        0.1925790611        0.6445387748        0.0937236585        0.0417414794        0.0257488254        1.0000000000
110.0000        0.0002424227        0.0003340797        0.0004809644        0.0006983809        0.2240464243        0.6221919475        0.0874836808        0.0396867462        0.0248353535        1.0000000000
110.5000        0.0002537661        0.0003507287        0.0005069384        0.0007397059        0.2483715540        0.6051162716        0.0826124831        0.0379919229        0.0240566292        1.0000000000
111.0000        0.0002658468        0.0003687147        0.0005354037        0.0007856530        0.2675804663        0.5917860383        0.0787167224        0.0365740048        0.0233871500        1.0000000000
111.5000        0.0002788186        0.0003883108        0.0005668725        0.0008372040        0.2830582052        0.5811514482        0.0755382065        0.0353734656        0.0228074687        1.0000000000
112.0000        0.0002928710        0.0004098544        0.0006019824        0.0008955964        0.2957503797        0.5724989006        0.0729012984        0.0343466009        0.0223025163        1.0000000000
112.5000        0.0003082375        0.0004337627        0.0006415311        0.0009624012        0.3063132941        0.5653368703        0.0706827967        0.0334606580        0.0218604485        1.0000000000
113.0000        0.0003252059        0.0004605546        0.0006865217        0.0010396275        0.3152118534        0.5593197971        0.0687939602        0.0326906440        0.0214718357        1.0000000000
113.5000        0.0003441321        0.0004908767        0.0007382241        0.0011298676        0.3227818442        0.5541994108        0.0671693803        0.0320171807        0.0211290835        1.0000000000
114.0000        0.0003654574        0.0005255401        0.0007982567        0.0012364980        0.3292697514        0.5497935923        0.0657598653        0.0314250280        0.0208260109        1.0000000000
114.5000        0.0003897312        0.0005655671        0.0008686989        0.0013639637        0.3348585347        0.5459661610        0.0645277584        0.0309020462        0.0205575388        1.0000000000
115.0000        0.0004176408        0.0006122548        0.0009522460        0.0015181855        0.3396844850        0.5426135002        0.0634437773        0.0304384540        0.0203194564        1.0000000000
115.5000        0.0004500504        0.0006672616        0.0010524253        0.0017071542        0.3438482222        0.5396555234        0.0624848315        0.0300262871        0.0201082443        1.0000000000
116.0000        0.0004880538        0.0007327240        0.0011739042        0.0019418121        0.3474216329        0.5370294522        0.0616324837        0.0296589993        0.0199209379        1.0000000000
116.5000        0.0005330448        0.0008114201        0.0013229319        0.0022373886        0.3504517383        0.5346854464        0.0608718457        0.0293311626        0.0197550216        1.0000000000
117.0000        0.0005868137        0.0009069980        0.0015079888        0.0026154672        0.3529618922        0.5325834823        0.0601907716        0.0290382394        0.0196083466        1.0000000000
117.5000        0.0006516794        0.0010243018        0.0017407536        0.0031072648        0.3549501816        0.5306910853        0.0595792610        0.0287764083        0.0194790643        1.0000000000
118.0000        0.0007306751        0.0011698417        0.0020375768        0.0037589712        0.3563842672        0.5289816575        0.0590290089        0.0285424275        0.0193655742        1.0000000000
118.5000        0.0008278103        0.0013524876        0.0024217734        0.0046407007        0.3571909252        0.5274332279        0.0585330649        0.0283335284        0.0192664815        1.0000000000
119.0000        0.0009484479        0.0015845065        0.0029272781        0.0058619685        0.3572368305        0.5260275053        0.0580855691        0.0281473314        0.0191805627        1.0000000000
119.5000        0.0010998547        0.0018831507        0.0036046253        0.0075993254        0.3562938289        0.5247491526        0.0576815474        0.0279817778        0.0191067372        1.0000000000
120.0000        0.0012920226        0.0022731405        0.0045310104        0.0101472621        0.3539754699        0.5235852240        0.0573167505        0.0278350755        0.0190440447        1.0000000000
120.5000        0.0015389135        0.0027906418        0.0058277213        0.0140142612        0.3496189328        0.5225247244        0.0569875254        0.0277056546        0.0189916250        1.0000000000
121.0000        0.0018603945        0.0034898084        0.0076912207        0.0201043395        0.3420644286        0.5215582607        0.0566907132        0.0275921314        0.0189487030        1.0000000000
121.5000        0.0022853152        0.0044538433        0.0104499645        0.0300381615        0.3292635338        0.5206777638        0.0564235660        0.0274932777        0.0189145742        1.0000000000
122.0000        0.0028565357        0.0058142479        0.0146694523        0.0465614509        0.3077417789        0.5198762639        0.0561836796        0.0274079969        0.0188885939        1.0000000000
122.5000        0.0036393860        0.0077852513        0.0213414233        0.0732217200        0.2726901030        0.5191477090        0.0559689377        0.0273353023        0.0188701675        1.0000000000
123.0000        0.0047363529        0.0107267260        0.0321792981        0.1103036749        0.2216566240        0.5184868151        0.0557774666        0.0272743003        0.0188587420        1.0000000000
123.5000        0.0063134432        0.0152595834        0.0498306539        0.1462507771        0.1627710270        0.5178889441        0.0556075968        0.0272241751        0.0188537994        1.0000000000
124.0000        0.0086491048        0.0224679248        0.0768819570        0.1611054734        0.1120486813        0.5173500006        0.0554578311        0.0271841765        0.0188548505        1.0000000000
124.5000        0.0122276362        0.0341863830        0.1111950367        0.1472189803        0.0769637599        0.5168663468        0.0553268179        0.0271536094        0.0188614299        1.0000000000
125.0000        0.0179197729        0.0530691663        0.1402929698        0.1162304574        0.0548346600        0.5164347299        0.0552133282        0.0271318240        0.0188730916        1.0000000000
125.5000        0.0273199000        0.0810507062        0.1484075515        0.0850859887        0.0409597818        0.5160522211        0.0551162362        0.0271182088        0.0188894056        1.0000000000
126.0000        0.0432686002        0.1140878550        0.1321778683        0.0616995096        0.0319933630        0.5157161630        0.0550345032        0.0271121832        0.0189099546        1.0000000000
126.5000        0.0700889288        0.1381712449        0.1034127796        0.0459228554        0.0259653803        0.5154241242        0.0549671625        0.0271131924        0.0189343318        1.0000000000
127.0000        0.1113357955        0.1391405815        0.0761326621        0.0354664910        0.0217544597        0.5151738612        0.0549133082        0.0271207022        0.0189621385        1.0000000000
127.5000        0.1631297909        0.1178683808        0.0559222335        0.0284057183        0.0187113308        0.5149632838        0.0548720838        0.0271341952        0.0189929829        1.0000000000
128.0000        0.2129854753        0.0890602379        0.0422010027        0.0234931324        0.0164474060        0.5147904264        0.0548426737        0.0271531670        0.0190264786        1.0000000000
128.5000        0.2518001143        0.0648059914        0.0329877085        0.0199676298        0.0147214712        0.5146534217        0.0548242952        0.0271771236        0.0190622442        1.0000000000
129.0000        0.2790998895        0.0478049497        0.0266800014        0.0173645730        0.0133784333        0.5145504788        0.0548161919        0.0272055796        0.0190999027        1.0000000000
129.5000        0.2979119376        0.0364679808        0.0222360320        0.0153941206        0.0123153002        0.5144798633        0.0548176284        0.0272380556        0.0191390815        1.0000000000
130.0000        0.3110804566        0.0288542472        0.0190120664        0.0138703118        0.0114616623        0.5144398805        0.0548278850        0.0272740779        0.0191794124        1.0000000000
130.5000        0.3205409453        0.0236022549        0.0166095284        0.0126703274        0.0107681192        0.5144288604        0.0548462544        0.0273131772        0.0192205327        1.0000000000
131.0000        0.3275139531        0.0198654615        0.0147764476        0.0117107802        0.0101991996        0.5144451454        0.0548720384        0.0273548885        0.0192620858        1.0000000000
131.5000        0.3327669548        0.0171272305        0.0133492203        0.0109335956        0.0097289006        0.5144870796        0.0549045457        0.0273987510        0.0193037220        1.0000000000
132.0000        0.3367931783        0.0150674822        0.0122186553        0.0102973811        0.0093378039        0.5145529998        0.0549430900        0.0274443088        0.0193451004        1.0000000000
132.5000        0.3399190178        0.0134826513        0.0113099360        0.0097720109        0.0090111637        0.5146412289        0.0549869895        0.0274911118        0.0193858902        1.0000000000
133.0000        0.3423670963        0.0122394889        0.0105705380        0.0093351406        0.0087376113        0.5147500703        0.0550355659        0.0275387165        0.0194257722        1.0000000000
133.5000        0.3442937014        0.0112482871        0.0099627603        0.0089699123        0.0085082603        0.5148778046        0.0550881449        0.0275866879        0.0194644412        1.0000000000
134.0000        0.3458115208        0.0104470493        0.0094589931        0.0086634082        0.0083160758        0.5150226873        0.0551440570        0.0276346008        0.0195016076        1.0000000000
134.5000        0.3470038187        0.0097918941        0.0090386455        0.0084055892        0.0081554234        0.5151829485        0.0552026388        0.0276820422        0.0195369996        1.0000000000
135.0000        0.3479335121        0.0092510830        0.0086861058        0.0081885514        0.0080217408        0.5153567940        0.0552632341        0.0277286133        0.0195703655        1.0000000000
135.5000        0.3486491275        0.0088012078        0.0083893591        0.0080059977        0.0079112961        0.5155424077        0.0553251969        0.0277739317        0.0196014754        1.0000000000
136.0000        0.3491888027        0.0084246972        0.0081390309        0.0078528552        0.0078210073        0.5157379559        0.0553878933        0.0278176342        0.0196301234        1.0000000000
136.5000        0.3495830318        0.0081081492        0.0079277146        0.0077249948        0.0077483049        0.5159415919        0.0554507044        0.0278593788        0.0196561296        1.0000000000
137.0000        0.3498565837        0.0078411922        0.0077494905        0.0076190229        0.0076910283        0.5161514631        0.0555130295        0.0278988478        0.0196793419        1.0000000000
137.5000        0.3500298664        0.0076156934        0.0075995757        0.0075321244        0.0076473447        0.5163657184        0.0555742896        0.0279357498        0.0196996375        1.0000000000
138.0000        0.3501199119        0.0074251971        0.0074740674        0.0074619435        0.0076156861        0.5165825167        0.0556339305        0.0279698226        0.0197169242        1.0000000000
138.5000        0.3501410965        0.0072645213        0.0073697503        0.0074064918        0.0075947003        0.5168000366        0.0556914266        0.0280008349        0.0197311417        1.0000000000
139.0000        0.3501056748        0.0071294630        0.0072839518        0.0073640773        0.0075832113        0.5170164865        0.0557462843        0.0280285890        0.0197422621        1.0000000000
139.5000        0.3500241789        0.0070165798        0.0072144311        0.0073332479        0.0075801880        0.5172301157        0.0557980459        0.0280529221        0.0197502907        1.0000000000
140.0000        0.3499057202        0.0069230262        0.0071592937        0.0073127481        0.0075847191        0.5174392258        0.0558462926        0.0280737084        0.0197552659        1.0000000000
140.5000        0.3497582202        0.0068464296        0.0071169253        0.0073014830        0.0075959925        0.5176421818        0.0558906484        0.0280908602        0.0197572589        1.0000000000
141.0000        0.3495885872        0.0067847952        0.0070859388        0.0072984903        0.0076132790        0.5178374247        0.0559307826        0.0281043288        0.0197563734        1.0000000000
141.5000        0.3494028539        0.0067364317        0.0070651333        0.0073029178        0.0076359183        0.5180234825        0.0559664130        0.0281141053        0.0197527442        1.0000000000
142.0000        0.3492062852        0.0066998943        0.0070534606        0.0073140044        0.0076633081        0.5181989826        0.0559973081        0.0281202207        0.0197465360        1.0000000000
142.5000        0.3490034626        0.0066739388        0.0070499990        0.0073310650        0.0076948947        0.5183626622        0.0560232899        0.0281227459        0.0197379418        1.0000000000
143.0000        0.3487983528        0.0066574854        0.0070539311        0.0073534781        0.0077301656        0.5185133801        0.0560442351        0.0281217910        0.0197271807        1.0000000000
143.5000        0.3485943621        0.0066495897        0.0070645266        0.0073806754        0.0077686427        0.5186501266        0.0560600767        0.0281175046        0.0197144956        1.0000000000
144.0000        0.3483943820        0.0066494192        0.0070811275        0.0074121333        0.0078098774        0.5187720333        0.0560708051        0.0281100722        0.0197001502        1.0000000000
144.5000        0.3482008265        0.0066562341        0.0071031363        0.0074473655        0.0078534461        0.5188783821        0.0560764685        0.0280997147        0.0196844263        1.0000000000
145.0000        0.3480156652        0.0066693717        0.0071300060        0.0074859173        0.0078989466        0.5189686136        0.0560771728        0.0280866864        0.0196676203        1.0000000000
145.5000        0.3478404510        0.0066882336        0.0071612319        0.0075273607        0.0079459952        0.5190423342        0.0560730815        0.0280712720        0.0196500399        1.0000000000
146.0000        0.3476763459        0.0067122746        0.0071963446        0.0075712897        0.0079942240        0.5190993225        0.0560644144        0.0280537842        0.0196320001        1.0000000000
146.5000        0.3475241455        0.0067409944        0.0072349041        0.0076173174        0.0080432790        0.5191395344        0.0560514462        0.0280345600        0.0196138190        1.0000000000
147.0000        0.3473843011        0.0067739292        0.0072764950        0.0076650727        0.0080928190        0.5191631071        0.0560345045        0.0280139572        0.0195958141        1.0000000000
147.5000        0.3472569427        0.0068106462        0.0073207223        0.0077141982        0.0081425138        0.5191703619        0.0560139668        0.0279923505        0.0195782976        1.0000000000
148.0000        0.3471419021        0.0068507378        0.0073672082        0.0077643483        0.0081920437        0.5191618048        0.0559902572        0.0279701263        0.0195615715        1.0000000000
148.5000        0.3470387366        0.0068938172        0.0074155889        0.0078151872        0.0082410994        0.5191381264        0.0559638423        0.0279476783        0.0195459237        1.0000000000
149.0000        0.3469467542        0.0069395148        0.0074655122        0.0078663886        0.0082893810        0.5191001985        0.0559352262        0.0279254020        0.0195316224        1.0000000000
149.5000        0.3468650411        0.0069874745        0.0075166361        0.0079176342        0.0083365989        0.5190490695        0.0559049450        0.0279036889        0.0195189118        1.0000000000
150.0000        0.3467924903        0.0070373517        0.0075686268        0.0079686136        0.0083824737        0.5189859568        0.0558735598        0.0278829203        0.0195080071        1.0000000000
150.5000        0.3467278337        0.0070888106        0.0076211578        0.0080190242        0.0084267371        0.5189122362        0.0558416495        0.0278634610        0.0194990900        1.0000000000
151.0000        0.3466696764        0.0071415225        0.0076739089        0.0080685713        0.0084691328        0.5188294284        0.0558098024        0.0278456528        0.0194923043        1.0000000000
151.5000        0.3466165332        0.0071951650        0.0077265666        0.0081169687        0.0085094179        0.5187391821        0.0557786069        0.0278298074        0.0194877522        1.0000000000
152.0000        0.3465668679        0.0072494202        0.0077788229        0.0081639394        0.0085473638        0.5186432535        0.0557486419        0.0278162002        0.0194854902        1.0000000000
152.5000        0.3465191351        0.0073039750        0.0078303767        0.0082092166        0.0085827580        0.5185434821        0.0557204657        0.0278050633        0.0194855274        1.0000000000
153.0000        0.3464718225        0.0073585202        0.0078809337        0.0082525452        0.0086154063        0.5184417633        0.0556946057        0.0277965800        0.0194878231        1.0000000000
153.5000        0.3464234950        0.0074127510        0.0079302076        0.0082936831        0.0086451341        0.5183400174        0.0556715467        0.0277908791        0.0194922860        1.0000000000
154.0000        0.3463728382        0.0074663674        0.0079779211        0.0083324032        0.0086717886        0.5182401556        0.0556517202        0.0277880303        0.0194987754        1.0000000000
154.5000        0.3463187002        0.0075190751        0.0080238078        0.0083684953        0.0086952409        0.5181440437        0.0556354935        0.0277880412        0.0195071023        1.0000000000
155.0000        0.3462601313        0.0075705862        0.0080676133        0.0084017679        0.0087153879        0.5180534646        0.0556231603        0.0277908551        0.0195170334        1.0000000000
155.5000        0.3461964192        0.0076206212        0.0081090976        0.0084320504        0.0087321543        0.5179700795        0.0556149316        0.0277963508        0.0195282952        1.0000000000
156.0000        1.0000000000        0.0000000000        0.0000000000        0.0000000000        0.0000000000        0.0000000000        0.0000000000        0.0000000000        0.0000000000        1.0000000000
156.5000        0.9999991973        0.0000002528        0.0000002040        0.0000001634        0.0000001335        0.0000000157        0.0000000132        0.0000000109        0.0000000092        1.0000000000
157.0000        0.9999969057        0.0000009720        0.0000007856        0.0000006302        0.0000005157        0.0000000611        0.0000000513        0.0000000427        0.0000000358        1.0000000000
157.5000        0.9999996606        0.0000001053        0.0000000857        0.0000000692        0.0000000570        0.0000000070        0.0000000059        0.0000000050        0.0000000042        1.0000000000
158.0000        0.9999980676        0.0000005981        0.0000004876        0.0000003944        0.0000003251        0.0000000405        0.0000000341        0.0000000285        0.0000000240        1.0000000000
158.5000        0.9999953012        0.0000014512        0.0000011846        0.0000009593        0.0000007918        0.0000000993        0.0000000837        0.0000000700        0.0000000589        1.0000000000
159.0000        0.9999915065        0.0000026189        0.0000021399        0.0000017347        0.0000014330        0.0000001805        0.0000001522        0.0000001272        0.0000001071        1.0000000000
159.5000        0.9999868294        0.0000040563        0.0000033172        0.0000026912        0.0000022245        0.0000002807        0.0000002366        0.0000001976        0.0000001665        1.0000000000
160.0000        0.9999814162        0.0000057198        0.0000046803        0.0000037991        0.0000031415        0.0000003962        0.0000003338        0.0000002786        0.0000002345        1.0000000000
160.5000        0.9999754136        0.0000075663        0.0000061935        0.0000050289        0.0000041590        0.0000005228        0.0000004401        0.0000003670        0.0000003086        1.0000000000
161.0000        0.9999689674        0.0000095541        0.0000078216        0.0000063512        0.0000052520        0.0000006564        0.0000005518        0.0000004596        0.0000003860        1.0000000000
161.5000        0.9999622220        0.0000116420        0.0000095297        0.0000077367        0.0000063953        0.0000007924        0.0000006651        0.0000005531        0.0000004637        1.0000000000
162.0000        0.9999553192        0.0000137902        0.0000112840        0.0000091567        0.0000075643        0.0000009265        0.0000007762        0.0000006441        0.0000005389        1.0000000000
162.5000        0.9999483972        0.0000159601        0.0000130512        0.0000105830        0.0000087346        0.0000010544        0.0000008813        0.0000007295        0.0000006087        1.0000000000
163.0000        0.9999999120        0.0000000255        0.0000000216        0.0000000180        0.0000000153        0.0000000024        0.0000000020        0.0000000017        0.0000000015        1.0000000000
163.5000        0.9999992312        0.0000002226        0.0000001881        0.0000001574        0.0000001339        0.0000000208        0.0000000178        0.0000000152        0.0000000130        1.0000000000
164.0000        0.9999979326        0.0000005978        0.0000005055        0.0000004233        0.0000003604        0.0000000561        0.0000000482        0.0000000410        0.0000000352        1.0000000000
164.5000        0.9999960873        0.0000011304        0.0000009564        0.0000008013        0.0000006825        0.0000001064        0.0000000914        0.0000000777        0.0000000667        1.0000000000
165.0000        0.9999937715        0.0000017990        0.0000015225        0.0000012761        0.0000010871        0.0000001692        0.0000001453        0.0000001235        0.0000001059        1.0000000000
165.5000        0.9999910658        0.0000025815        0.0000021849        0.0000018314        0.0000015600        0.0000002418        0.0000002074        0.0000001762        0.0000001510        1.0000000000
166.0000        0.9999880542        0.0000034554        0.0000029240        0.0000024503        0.0000020864        0.0000003212        0.0000002752        0.0000002335        0.0000001998        1.0000000000
166.5000        0.9999848232        0.0000043976        0.0000037197        0.0000031155        0.0000026512        0.0000004041        0.0000003457        0.0000002929        0.0000002501        1.0000000000
167.0000        0.9999814603        0.0000053852        0.0000045518        0.0000038094        0.0000032386        0.0000004873        0.0000004160        0.0000003517        0.0000002998        1.0000000000
167.5000        0.9999780528        0.0000063951        0.0000053999        0.0000045143        0.0000038333        0.0000005674        0.0000004833        0.0000004076        0.0000003465        1.0000000000
168.0000        0.9999746863        0.0000074048        0.0000062443        0.0000052129        0.0000044197        0.0000006413        0.0000005447        0.0000004580        0.0000003881        1.0000000000
168.5000        0.9999714433        0.0000083923        0.0000070657        0.0000058884        0.0000049830        0.0000007061        0.0000005977        0.0000005008        0.0000004228        1.0000000000
169.0000        0.9999684012        0.0000093366        0.0000078455        0.0000065249        0.0000055092        0.0000007593        0.0000006402        0.0000005341        0.0000004491        1.0000000000
169.5000        0.9999656313        0.0000102181        0.0000085666        0.0000071073        0.0000059853        0.0000007987        0.0000006704        0.0000005566        0.0000004656        1.0000000000
170.0000        0.9999631969        0.0000110187        0.0000092133        0.0000076224        0.0000063997        0.0000008229        0.0000006870        0.0000005673        0.0000004718        1.0000000000
170.5000        0.9999611521        0.0000117222        0.0000097718        0.0000080584        0.0000067423        0.0000008309        0.0000006894        0.0000005656        0.0000004672        1.0000000000
171.0000        0.9999595406        0.0000123147        0.0000102302        0.0000084055        0.0000070052        0.0000008224        0.0000006776        0.0000005517        0.0000004522        1.0000000000
171.5000        0.9999583946        0.0000127846        0.0000105791        0.0000086562        0.0000071821        0.0000007978        0.0000006520        0.0000005263        0.0000004274        1.0000000000
172.0000        0.9999577339        0.0000131232        0.0000108117        0.0000088053        0.0000072693        0.0000007582        0.0000006138        0.0000004905        0.0000003941        1.0000000000
172.5000        0.9999575656        0.0000133247        0.0000109239        0.0000088502        0.0000072656        0.0000007054        0.0000005648        0.0000004460        0.0000003538        1.0000000000
173.0000        0.9999578839        0.0000133864        0.0000109146        0.0000087911        0.0000071718        0.0000006416        0.0000005071        0.0000003949        0.0000003086        1.0000000000
173.5000        0.9999586699        0.0000133089        0.0000107855        0.0000086306        0.0000069917        0.0000005696        0.0000004434        0.0000003397        0.0000002606        1.0000000000
174.0000        0.9999598926        0.0000130960        0.0000105414        0.0000083743        0.0000067312        0.0000004926        0.0000003767        0.0000002829        0.0000002123        1.0000000000
174.5000        0.9999615091        0.0000127546        0.0000101901        0.0000080303        0.0000063986        0.0000004140        0.0000003099        0.0000002273        0.0000001661        1.0000000000
175.0000        0.9999634665        0.0000122951        0.0000097420        0.0000076088        0.0000060042        0.0000003374        0.0000002462        0.0000001755        0.0000001242        1.0000000000
175.5000        0.9999657027        0.0000117304        0.0000092102        0.0000071227        0.0000055604        0.0000002660        0.0000001886        0.0000001301        0.0000000889        1.0000000000
176.0000        0.9999681487        0.0000110763        0.0000086101        0.0000065864        0.0000050808        0.0000002032        0.0000001396        0.0000000932        0.0000000617        1.0000000000
176.5000        0.9999999340        0.0000000169        0.0000000151        0.0000000133        0.0000000119        0.0000000026        0.0000000023        0.0000000021        0.0000000018        1.0000000000
177.0000        0.9999996745        0.0000000833        0.0000000743        0.0000000655        0.0000000585        0.0000000130        0.0000000116        0.0000000102        0.0000000091        1.0000000000
177.5000        0.9999992371        0.0000001954        0.0000001742        0.0000001535        0.0000001371        0.0000000305        0.0000000271        0.0000000239        0.0000000212        1.0000000000
178.0000        0.9999986469        0.0000003471        0.0000003092        0.0000002724        0.0000002433        0.0000000538        0.0000000478        0.0000000420        0.0000000373        1.0000000000
178.5000        0.9999979338        0.0000005313        0.0000004731        0.0000004165        0.0000003717        0.0000000815        0.0000000723        0.0000000635        0.0000000563        1.0000000000
179.0000        0.9999971312        0.0000007403        0.0000006585        0.0000005792        0.0000005164        0.0000001118        0.0000000990        0.0000000868        0.0000000768        1.0000000000
179.5000        0.9999962754        0.0000009655        0.0000008578        0.0000007534        0.0000006708        0.0000001428        0.0000001263        0.0000001105        0.0000000975        1.0000000000
180.0000        0.9999954039        0.0000011983        0.0000010628        0.0000009319        0.0000008282        0.0000001727        0.0000001523        0.0000001329        0.0000001170        1.0000000000
180.5000        0.9999945542        0.0000014298        0.0000012655        0.0000011072        0.0000009818        0.0000001996        0.0000001754        0.0000001526        0.0000001338        1.0000000000
181.0000        0.9999937623        0.0000016513        0.0000014579        0.0000012722        0.0000011250        0.0000002219        0.0000001943        0.0000001682        0.0000001469        1.0000000000
181.5000        0.9999930614        0.0000018545        0.0000016324        0.0000014201        0.0000012518        0.0000002382        0.0000002075        0.0000001788        0.0000001554        1.0000000000
182.0000        0.9999924802        0.0000020318        0.0000017823        0.0000015449        0.0000013567        0.0000002474        0.0000002144        0.0000001837        0.0000001586        1.0000000000
182.5000        0.9999920423        0.0000021768        0.0000019018        0.0000016416        0.0000014353        0.0000002491        0.0000002144        0.0000001824        0.0000001564        1.0000000000
183.0000        0.9999917648        0.0000022840        0.0000019863        0.0000017062        0.0000014842        0.0000002430        0.0000002075        0.0000001751        0.0000001488        1.0000000000
183.5000        0.9999916574        0.0000023497        0.0000020325        0.0000017362        0.0000015015        0.0000002297        0.0000001942        0.0000001622        0.0000001365        1.0000000000
184.0000        0.9999917224        0.0000023714        0.0000020389        0.0000017305        0.0000014866        0.0000002098        0.0000001754        0.0000001448        0.0000001202        1.0000000000
184.5000        0.9999919542        0.0000023487        0.0000020053        0.0000016895        0.0000014401        0.0000001848        0.0000001524        0.0000001238        0.0000001011        1.0000000000
185.0000        0.9999923398        0.0000022827        0.0000019334        0.0000016152        0.0000013644        0.0000001563        0.0000001266        0.0000001009        0.0000000807        1.0000000000
185.5000        0.9999928593        0.0000021764        0.0000018265        0.0000015110        0.0000012631        0.0000001260        0.0000000998        0.0000000776        0.0000000604        1.0000000000
186.0000        0.9999934868        0.0000020342        0.0000016891        0.0000013816        0.0000011409        0.0000000961        0.0000000739        0.0000000556        0.0000000417        1.0000000000
186.5000        0.9999941917        0.0000018623        0.0000015276        0.0000012330        0.0000010038        0.0000000685        0.0000000506        0.0000000365        0.0000000260        1.0000000000
187.0000        0.9999949403        0.0000016680        0.0000013489        0.0000010721        0.0000008582        0.0000000450        0.0000000316        0.0000000215        0.0000000144        1.0000000000
187.5000        0.9999956973        0.0000014596        0.0000011611        0.0000009063        0.0000007112        0.0000000271        0.0000000181        0.0000000117        0.0000000077        1.0000000000
188.0000        0.9999964274        0.0000012461        0.0000009724        0.0000007432        0.0000005698        0.0000000161        0.0000000109        0.0000000078        0.0000000063        1.0000000000
188.5000        0.9999999884        0.0000000027        0.0000000025        0.0000000023        0.0000000021        0.0000000006        0.0000000005        0.0000000005        0.0000000004        1.0000000000
189.0000        0.9999998985        0.0000000239        0.0000000219        0.0000000199        0.0000000183        0.0000000051        0.0000000046        0.0000000042        0.0000000038        1.0000000000
189.5000        0.9999997272        0.0000000642        0.0000000589        0.0000000534        0.0000000491        0.0000000136        0.0000000124        0.0000000111        0.0000000101        1.0000000000
190.0000        0.9999994879        0.0000001208        0.0000001108        0.0000001004        0.0000000922        0.0000000253        0.0000000230        0.0000000207        0.0000000188        1.0000000000
190.5000        0.9999991977        0.0000001901        0.0000001742        0.0000001577        0.0000001447        0.0000000391        0.0000000356        0.0000000320        0.0000000290        1.0000000000
191.0000        0.9999988762        0.0000002679        0.0000002451        0.0000002215        0.0000002029        0.0000000539        0.0000000489        0.0000000439        0.0000000397        1.0000000000
191.5000        0.9999985449        0.0000003495        0.0000003191        0.0000002879        0.0000002631        0.0000000684        0.0000000618        0.0000000553        0.0000000499        1.0000000000
192.0000        0.9999982256        0.0000004303        0.0000003918        0.0000003526        0.0000003214        0.0000000813        0.0000000732        0.0000000652        0.0000000587        1.0000000000
192.5000        0.9999979389        0.0000005054        0.0000004589        0.0000004116        0.0000003740        0.0000000914        0.0000000820        0.0000000727        0.0000000651        1.0000000000
193.0000        0.9999977033        0.0000005707        0.0000005163        0.0000004613        0.0000004176        0.0000000979        0.0000000873        0.0000000771        0.0000000686        1.0000000000
193.5000        0.9999975339        0.0000006223        0.0000005605        0.0000004986        0.0000004492        0.0000001001        0.0000000888        0.0000000778        0.0000000688        1.0000000000
194.0000        0.9999974412        0.0000006572        0.0000005889        0.0000005211        0.0000004669        0.0000000980        0.0000000862        0.0000000749        0.0000000657        1.0000000000
194.5000        0.9999974303        0.0000006734        0.0000005998        0.0000005274        0.0000004695        0.0000000916        0.0000000798        0.0000000687        0.0000000596        1.0000000000
195.0000        0.9999975011        0.0000006700        0.0000005925        0.0000005172        0.0000004568        0.0000000816        0.0000000702        0.0000000596        0.0000000510        1.0000000000
195.5000        0.9999976478        0.0000006473        0.0000005676        0.0000004911        0.0000004298        0.0000000688        0.0000000582        0.0000000486        0.0000000409        1.0000000000
196.0000        0.9999978594        0.0000006066        0.0000005266        0.0000004508        0.0000003901        0.0000000544        0.0000000451        0.0000000368        0.0000000302        1.0000000000
196.5000        0.9999981206        0.0000005505        0.0000004722        0.0000003991        0.0000003407        0.0000000397        0.0000000320        0.0000000253        0.0000000200        1.0000000000
197.0000        0.9999984128        0.0000004825        0.0000004078        0.0000003393        0.0000002848        0.0000000261        0.0000000201        0.0000000152        0.0000000113        1.0000000000
197.5000        0.9999987156        0.0000004068        0.0000003377        0.0000002755        0.0000002264        0.0000000148        0.0000000107        0.0000000075        0.0000000051        1.0000000000
198.0000        0.9999990079        0.0000003282        0.0000002663        0.0000002119        0.0000001694        0.0000000069        0.0000000046        0.0000000029        0.0000000019        1.0000000000
198.5000        0.9999992701        0.0000002515        0.0000001984        0.0000001529        0.0000001179        0.0000000031        0.0000000023        0.0000000019        0.0000000020        1.0000000000
199.0000        0.9999994849        0.0000001818        0.0000001382        0.0000001023        0.0000000754        0.0000000036        0.0000000040        0.0000000045        0.0000000053        1.0000000000
199.5000        0.9999996392        0.0000001231        0.0000000898        0.0000000636        0.0000000449        0.0000000082        0.0000000094        0.0000000104        0.0000000114        1.0000000000
200.0000        0.9999997246        0.0000000793        0.0000000561        0.0000000392        0.0000000282        0.0000000165        0.0000000178        0.0000000187        0.0000000195        1.0000000000
200.5000        0.9999997380        0.0000000529        0.0000000392        0.0000000305        0.0000000263        0.0000000275        0.0000000284        0.0000000286        0.0000000287        1.0000000000
201.0000        0.9999996824        0.0000000451        0.0000000397        0.0000000377        0.0000000389        0.0000000398        0.0000000397        0.0000000388        0.0000000378        1.0000000000
201.5000        0.9999995655        0.0000000561        0.0000000572        0.0000000599        0.0000000647        0.0000000522        0.0000000506        0.0000000481        0.0000000457        1.0000000000
202.0000        0.9999994001        0.0000000845        0.0000000898        0.0000000948        0.0000001010        0.0000000631        0.0000000597        0.0000000554        0.0000000515        1.0000000000
202.5000        0.9999992023        0.0000001275        0.0000001345        0.0000001392        0.0000001447        0.0000000714        0.0000000661        0.0000000599        0.0000000544        1.0000000000
203.0000        0.9999989903        0.0000001815        0.0000001874        0.0000001892        0.0000001915        0.0000000761        0.0000000688        0.0000000610        0.0000000541        1.0000000000
203.5000        0.9999987828        0.0000002419        0.0000002439        0.0000002404        0.0000002375        0.0000000767        0.0000000677        0.0000000585        0.0000000506        1.0000000000
204.0000        0.9999985976        0.0000003036        0.0000002992        0.0000002882        0.0000002783        0.0000000731        0.0000000629        0.0000000528        0.0000000443        1.0000000000
204.5000        0.9999984500        0.0000003615        0.0000003485        0.0000003284        0.0000003103        0.0000000657        0.0000000548        0.0000000446        0.0000000361        1.0000000000
205.0000        0.9999983515        0.0000004107        0.0000003876        0.0000003575        0.0000003306        0.0000000555        0.0000000447        0.0000000349        0.0000000270        1.0000000000
205.5000        0.9999983091        0.0000004471        0.0000004131        0.0000003730        0.0000003374        0.0000000436        0.0000000336        0.0000000250        0.0000000182        1.0000000000
206.0000        0.9999983246        0.0000004677        0.0000004230        0.0000003735        0.0000003302        0.0000000314        0.0000000229        0.0000000160        0.0000000108        1.0000000000
206.5000        0.9999983947        0.0000004709        0.0000004163        0.0000003590        0.0000003096        0.0000000206        0.0000000140        0.0000000091        0.0000000058        1.0000000000
207.0000        0.9999985116        0.0000004564        0.0000003939        0.0000003310        0.0000002777        0.0000000123        0.0000000080        0.0000000052        0.0000000038        1.0000000000
207.5000        0.9999986634        0.0000004257        0.0000003578        0.0000002923        0.0000002378        0.0000000076        0.0000000056        0.0000000048        0.0000000051        1.0000000000
208.0000        0.9999988355        0.0000003817        0.0000003115        0.0000002465        0.0000001936        0.0000000069        0.0000000070        0.0000000079        0.0000000093        1.0000000000
208.5000        0.9999990121        0.0000003284        0.0000002594        0.0000001981        0.0000001497        0.0000000104        0.0000000121        0.0000000139        0.0000000159        1.0000000000
209.0000        0.9999991774        0.0000002707        0.0000002064        0.0000001518        0.0000001103        0.0000000175        0.0000000199        0.0000000220        0.0000000239        1.0000000000
209.5000        0.9999993173        0.0000002141        0.0000001575        0.0000001120        0.0000000794        0.0000000271        0.0000000295        0.0000000310        0.0000000321        1.0000000000
210.0000        0.9999994203        0.0000001637        0.0000001174        0.0000000826        0.0000000599        0.0000000379        0.0000000394        0.0000000396        0.0000000393        1.0000000000
210.5000        0.9999994786        0.0000001242        0.0000000897        0.0000000664        0.0000000537        0.0000000484        0.0000000482        0.0000000465        0.0000000443        1.0000000000
211.0000        0.9999994889        0.0000000991        0.0000000771        0.0000000647        0.0000000612        0.0000000571        0.0000000547        0.0000000507        0.0000000464        1.0000000000
211.5000        0.9999994526        0.0000000907        0.0000000804        0.0000000775        0.0000000812        0.0000000628        0.0000000579        0.0000000516        0.0000000454        1.0000000000
212.0000        0.9999993750        0.0000000994        0.0000000990        0.0000001030        0.0000001114        0.0000000646        0.0000000573        0.0000000490        0.0000000413        1.0000000000
212.5000        0.9999992656        0.0000001240        0.0000001306        0.0000001382        0.0000001480        0.0000000623        0.0000000530        0.0000000434        0.0000000349        1.0000000000
213.0000        0.9999991366        0.0000001615        0.0000001715        0.0000001790        0.0000001867        0.0000000563        0.0000000457        0.0000000356        0.0000000270        1.0000000000
213.5000        0.9999990017        0.0000002077        0.0000002170        0.0000002207        0.0000002231        0.0000000474        0.0000000365        0.0000000268        0.0000000190        1.0000000000
214.0000        0.9999988751        0.0000002574        0.0000002620        0.0000002583        0.0000002526        0.0000000370        0.0000000268        0.0000000184        0.0000000122        1.0000000000
214.5000        0.9999987700        0.0000003051        0.0000003013        0.0000002876        0.0000002719        0.0000000267        0.0000000181        0.0000000117        0.0000000076        1.0000000000
215.0000        0.9999986970        0.0000003454        0.0000003304        0.0000003051        0.0000002787        0.0000000179        0.0000000117        0.0000000078        0.0000000059        1.0000000000
215.5000        0.9999986637        0.0000003738        0.0000003461        0.0000003088        0.0000002723        0.0000000121        0.0000000086        0.0000000072        0.0000000074        1.0000000000
216.0000        0.9999986733        0.0000003872        0.0000003466        0.0000002985        0.0000002534        0.0000000100        0.0000000093        0.0000000100        0.0000000118        1.0000000000
216.5000        0.9999987245        0.0000003842        0.0000003319        0.0000002753        0.0000002246        0.0000000120        0.0000000135        0.0000000157        0.0000000183        1.0000000000
217.0000        0.9999988116        0.0000003652        0.0000003040        0.0000002424        0.0000001897        0.0000000177        0.0000000205        0.0000000232        0.0000000257        1.0000000000
217.5000        0.9999989248        0.0000003326        0.0000002664        0.0000002039        0.0000001530        0.0000000260        0.0000000292        0.0000000313        0.0000000328        1.0000000000
218.0000        0.9999990515        0.0000002905        0.0000002236        0.0000001646        0.0000001193        0.0000000356        0.0000000380        0.0000000386        0.0000000382        1.0000000000
218.5000        0.9999991772        0.0000002440        0.0000001812        0.0000001296        0.0000000930        0.0000000449        0.0000000454        0.0000000437        0.0000000411        1.0000000000
219.0000        0.9999992874        0.0000001988        0.0000001443        0.0000001032        0.0000000775        0.0000000522        0.0000000501        0.0000000458        0.0000000407        1.0000000000
219.5000        0.9999993689        0.0000001605        0.0000001176        0.0000000889        0.0000000746        0.0000000564        0.0000000513        0.0000000444        0.0000000374        1.0000000000
220.0000        0.9999994122        0.0000001337        0.0000001043        0.0000000883        0.0000000846        0.0000000566        0.0000000488        0.0000000399        0.0000000316        1.0000000000
220.5000        0.9999994117        0.0000001217        0.0000001060        0.0000001012        0.0000001058        0.0000000529        0.0000000431        0.0000000331        0.0000000244        1.0000000000
221.0000        0.9999993676        0.0000001257        0.0000001222        0.0000001256        0.0000001351        0.0000000460        0.0000000352        0.0000000252        0.0000000173        1.0000000000
221.5000        0.9999992856        0.0000001450        0.0000001503        0.0000001581        0.0000001681        0.0000000370        0.0000000265        0.0000000177        0.0000000115        1.0000000000
222.0000        0.9999991765        0.0000001767        0.0000001865        0.0000001937        0.0000002000        0.0000000277        0.0000000186        0.0000000121        0.0000000082        1.0000000000
222.5000        0.9999990551        0.0000002163        0.0000002254        0.0000002274        0.0000002260        0.0000000196        0.0000000130        0.0000000092        0.0000000079        1.0000000000
223.0000        0.9999989383        0.0000002582        0.0000002615        0.0000002542        0.0000002424        0.0000000143        0.0000000108        0.0000000097        0.0000000107        1.0000000000
223.5000        0.9999988429        0.0000002964        0.0000002896        0.0000002703        0.0000002466        0.0000000127        0.0000000122        0.0000000135        0.0000000160        1.0000000000
224.0000        0.9999987831        0.0000003256        0.0000003057        0.0000002732        0.0000002382        0.0000000150        0.0000000169        0.0000000197        0.0000000227        1.0000000000
224.5000        0.9999987683        0.0000003416        0.0000003075        0.0000002628        0.0000002185        0.0000000208        0.0000000241        0.0000000270        0.0000000294        1.0000000000
225.0000        0.9999988016        0.0000003423        0.0000002949        0.0000002406        0.0000001907        0.0000000289        0.0000000322        0.0000000341        0.0000000347        1.0000000000
225.5000        0.9999988788        0.0000003277        0.0000002698        0.0000002102        0.0000001592        0.0000000377        0.0000000397        0.0000000393        0.0000000375        1.0000000000
226.0000        0.9999989889        0.0000003001        0.0000002363        0.0000001764        0.0000001291        0.0000000454        0.0000000449        0.0000000417        0.0000000372        1.0000000000
226.5000        0.9999991153        0.0000002636        0.0000001994        0.0000001444        0.0000001052        0.0000000505        0.0000000469        0.0000000408        0.0000000340        1.0000000000
227.0000        0.9999992382        0.0000002240        0.0000001650        0.0000001194        0.0000000912        0.0000000519        0.0000000452        0.0000000367        0.0000000284        1.0000000000
227.5000        0.9999993380        0.0000001873        0.0000001384        0.0000001053        0.0000000893        0.0000000495        0.0000000402        0.0000000303        0.0000000217        1.0000000000
228.0000        0.9999993983        0.0000001591        0.0000001236        0.0000001041        0.0000000998        0.0000000436        0.0000000330        0.0000000231        0.0000000154        1.0000000000
228.5000        0.9999994086        0.0000001438        0.0000001230        0.0000001160        0.0000001206        0.0000000356        0.0000000251        0.0000000165        0.0000000109        1.0000000000
229.0000        0.9999993671        0.0000001435        0.0000001364        0.0000001387        0.0000001480        0.0000000271        0.0000000181        0.0000000120        0.0000000091        1.0000000000
229.5000        0.9999992805        0.0000001582        0.0000001614        0.0000001682        0.0000001771        0.0000000199        0.0000000137        0.0000000106        0.0000000104        1.0000000000
230.0000        0.9999991638        0.0000001851        0.0000001935        0.0000001993        0.0000002028        0.0000000156        0.0000000127        0.0000000126        0.0000000145        1.0000000000
230.5000        0.9999990378        0.0000002196        0.0000002273        0.0000002266        0.0000002205        0.0000000150        0.0000000153        0.0000000174        0.0000000205        1.0000000000
231.0000        0.9999989251        0.0000002559        0.0000002569        0.0000002453        0.0000002271        0.0000000182        0.0000000209        0.0000000239        0.0000000268        1.0000000000
231.5000        0.9999988467        0.0000002876        0.0000002770        0.0000002520        0.0000002213        0.0000000245        0.0000000281        0.0000000307        0.0000000321        1.0000000000
232.0000        0.9999988174        0.0000003093        0.0000002843        0.0000002457        0.0000002044        0.0000000324        0.0000000354        0.0000000361        0.0000000349        1.0000000000
232.5000        0.9999988431        0.0000003173        0.0000002775        0.0000002276        0.0000001797        0.0000000402        0.0000000410        0.0000000388        0.0000000348        1.0000000000
233.0000        0.9999989194        0.0000003103        0.0000002580        0.0000002012        0.0000001517        0.0000000459        0.0000000436        0.0000000382        0.0000000316        1.0000000000
233.5000        0.9999990319        0.0000002897        0.0000002294        0.0000001713        0.0000001260        0.0000000484        0.0000000426        0.0000000345        0.0000000262        1.0000000000
234.0000        0.9999991589        0.0000002594        0.0000001971        0.0000001438        0.0000001073        0.0000000469        0.0000000382        0.0000000285        0.0000000200        1.0000000000
234.5000        0.9999992755        0.0000002248        0.0000001671        0.0000001237        0.0000000992        0.0000000420        0.0000000316        0.0000000218        0.0000000144        1.0000000000
235.0000        0.9999993586        0.0000001924        0.0000001450        0.0000001148        0.0000001033        0.0000000347        0.0000000243        0.0000000160        0.0000000109        1.0000000000
235.5000        0.9999993916        0.0000001683        0.0000001349        0.0000001188        0.0000001185        0.0000000269        0.0000000181        0.0000000125        0.0000000104        1.0000000000
236.0000        0.9999993682        0.0000001567        0.0000001386        0.0000001347        0.0000001416        0.0000000204        0.0000000146        0.0000000122        0.0000000130        1.0000000000
236.5000        0.9999992935        0.0000001599        0.0000001553        0.0000001591        0.0000001678        0.0000000168        0.0000000145        0.0000000152        0.0000000179        1.0000000000
237.0000        0.9999991836        0.0000001769        0.0000001814        0.0000001870        0.0000001917        0.0000000170        0.0000000180        0.0000000206        0.0000000238        1.0000000000
237.5000        0.9999990622        0.0000002043        0.0000002116        0.0000002127        0.0000002082        0.0000000209        0.0000000240        0.0000000271        0.0000000293        1.0000000000
238.0000        0.9999989555        0.0000002364        0.0000002396        0.0000002308        0.0000002138        0.0000000274        0.0000000310        0.0000000328        0.0000000327        1.0000000000
238.5000        0.9999988868        0.0000002668        0.0000002599        0.0000002375        0.0000002076        0.0000000349        0.0000000371        0.0000000363        0.0000000332        1.0000000000
239.0000        0.9999988708        0.0000002893        0.0000002681        0.0000002316        0.0000001908        0.0000000414        0.0000000407        0.0000000366        0.0000000306        1.0000000000
239.5000        0.9999989107        0.0000002994        0.0000002627        0.0000002143        0.0000001673        0.0000000452        0.0000000409        0.0000000337        0.0000000257        1.0000000000
240.0000        0.9999989971        0.0000002949        0.0000002450        0.0000001896        0.0000001422        0.0000000453        0.0000000377        0.0000000284        0.0000000198        1.0000000000
240.5000        0.9999991099        0.0000002771        0.0000002187        0.0000001629        0.0000001212        0.0000000417        0.0000000318        0.0000000221        0.0000000147        1.0000000000
241.0000        0.9999992231        0.0000002497        0.0000001897        0.0000001399        0.0000001089        0.0000000354        0.0000000250        0.0000000166        0.0000000116        1.0000000000
241.5000        0.9999993107        0.0000002188        0.0000001643        0.0000001260        0.0000001081        0.0000000281        0.0000000191        0.0000000134        0.0000000116        1.0000000000
242.0000        0.9999993527        0.0000001909        0.0000001481        0.0000001239        0.0000001187        0.0000000218        0.0000000157        0.0000000135        0.0000000146        1.0000000000
242.5000        0.9999993403        0.0000001722        0.0000001445        0.0000001342        0.0000001383        0.0000000182        0.0000000159        0.0000000167        0.0000000196        1.0000000000
243.0000        0.9999992775        0.0000001667        0.0000001543        0.0000001543        0.0000001620        0.0000000184        0.0000000194        0.0000000222        0.0000000253        1.0000000000
243.5000        0.9999991805        0.0000001755        0.0000001750        0.0000001793        0.0000001842        0.0000000221        0.0000000253        0.0000000282        0.0000000298        1.0000000000
244.0000        0.9999990738        0.0000001963        0.0000002017        0.0000002034        0.0000001996        0.0000000284        0.0000000318        0.0000000330        0.0000000318        1.0000000000
244.5000        0.9999989839        0.0000002244        0.0000002282        0.0000002207        0.0000002044        0.0000000354        0.0000000371        0.0000000352        0.0000000308        1.0000000000
245.0000        0.9999989327        0.0000002530        0.0000002481        0.0000002272        0.0000001975        0.0000000411        0.0000000394        0.0000000341        0.0000000270        1.0000000000
245.5000        0.9999989322        0.0000002755        0.0000002567        0.0000002213        0.0000001807        0.0000000437        0.0000000383        0.0000000300        0.0000000216        1.0000000000
246.0000        0.9999989814        0.0000002866        0.0000002520        0.0000002046        0.0000001584        0.0000000425        0.0000000339        0.0000000243        0.0000000164        1.0000000000
246.5000        0.9999990665        0.0000002837        0.0000002353        0.0000001812        0.0000001361        0.0000000379        0.0000000277        0.0000000186        0.0000000128        1.0000000000
247.0000        0.9999991648        0.0000002676        0.0000002108        0.0000001572        0.0000001196        0.0000000313        0.0000000216        0.0000000149        0.0000000122        1.0000000000
247.5000        0.9999992504        0.0000002424        0.0000001846        0.0000001386        0.0000001131        0.0000000247        0.0000000174        0.0000000141        0.0000000146        1.0000000000
248.0000        0.9999993016        0.0000002143        0.0000001633        0.0000001301        0.0000001181        0.0000000202        0.0000000165        0.0000000166        0.0000000192        1.0000000000
248.5000        0.9999993060        0.0000001904        0.0000001523        0.0000001337        0.0000001333        0.0000000190        0.0000000191        0.0000000215        0.0000000246        1.0000000000
249.0000        0.9999992641        0.0000001765        0.0000001542        0.0000001485        0.0000001545        0.0000000216        0.0000000243        0.0000000272        0.0000000289        1.0000000000
249.5000        0.9999991888        0.0000001762        0.0000001685        0.0000001704        0.0000001759        0.0000000271        0.0000000305        0.0000000319        0.0000000307        1.0000000000
250.0000        0.9999991017        0.0000001893        0.0000001912        0.0000001934        0.0000001916        0.0000000337        0.0000000356        0.0000000339        0.0000000294        1.0000000000
250.5000        0.9999990272        0.0000002124        0.0000002163        0.0000002114        0.0000001974        0.0000000393        0.0000000380        0.0000000327        0.0000000254        1.0000000000
251.0000        0.9999989852        0.0000002391        0.0000002370        0.0000002194        0.0000001917        0.0000000420        0.0000000368        0.0000000286        0.0000000202        1.0000000000
251.5000        0.9999989863        0.0000002624        0.0000002477        0.0000002153        0.0000001763        0.0000000410        0.0000000325        0.0000000230        0.0000000155        1.0000000000
252.0000        0.9999990285        0.0000002761        0.0000002455        0.0000002003        0.0000001554        0.0000000366        0.0000000266        0.0000000179        0.0000000130        1.0000000000
252.5000        0.9999990984        0.0000002765        0.0000002313        0.0000001788        0.0000001352        0.0000000303        0.0000000210        0.0000000150        0.0000000134        1.0000000000
253.0000        0.9999991752        0.0000002635        0.0000002089        0.0000001568        0.0000001215        0.0000000243        0.0000000177        0.0000000153        0.0000000168        1.0000000000
253.5000        0.9999992366        0.0000002410        0.0000001848        0.0000001407        0.0000001181        0.0000000205        0.0000000177        0.0000000187        0.0000000217        1.0000000000
254.0000        0.9999992660        0.0000002152        0.0000001659        0.0000001350        0.0000001261        0.0000000203        0.0000000212        0.0000000239        0.0000000265        1.0000000000
254.5000        0.9999992561        0.0000001934        0.0000001574        0.0000001414        0.0000001428        0.0000000237        0.0000000267        0.0000000291        0.0000000294        1.0000000000
255.0000        0.9999992119        0.0000001818        0.0000001617        0.0000001577        0.0000001633        0.0000000295        0.0000000324        0.0000000324        0.0000000293        1.0000000000
255.5000        0.9999991480        0.0000001836        0.0000001776        0.0000001791        0.0000001812        0.0000000356        0.0000000361        0.0000000325        0.0000000263        1.0000000000
256.0000        0.9999990842        0.0000001981        0.0000002000        0.0000001991        0.0000001911        0.0000000399        0.0000000366        0.0000000295        0.0000000215        1.0000000000
256.5000        0.9999990396        0.0000002210        0.0000002224        0.0000002115        0.0000001899        0.0000000407        0.0000000337        0.0000000245        0.0000000167        1.0000000000
257.0000        0.9999990265        0.0000002454        0.0000002378        0.0000002127        0.0000001782        0.0000000379        0.0000000284        0.0000000193        0.0000000138        1.0000000000
257.5000        0.9999990476        0.0000002639        0.0000002417        0.0000002022        0.0000001596        0.0000000325        0.0000000227        0.0000000160        0.0000000138        1.0000000000
258.0000        0.9999990947        0.0000002710        0.0000002330        0.0000001836        0.0000001401        0.0000000264        0.0000000188        0.0000000157        0.0000000167        1.0000000000
258.5000        0.9999991522        0.0000002647        0.0000002144        0.0000001626        0.0000001261        0.0000000219        0.0000000182        0.0000000186        0.0000000214        1.0000000000
259.0000        0.9999992023        0.0000002468        0.0000001918        0.0000001461        0.0000001219        0.0000000208        0.0000000209        0.0000000234        0.0000000260        1.0000000000
259.5000        0.9999992298        0.0000002232        0.0000001724        0.0000001393        0.0000001289        0.0000000233        0.0000000261        0.0000000284        0.0000000287        1.0000000000
260.0000        0.9999992275        0.0000002012        0.0000001624        0.0000001442        0.0000001446        0.0000000286        0.0000000315        0.0000000316        0.0000000283        1.0000000000
260.5000        0.9999991978        0.0000001878        0.0000001649        0.0000001593        0.0000001638        0.0000000345        0.0000000352        0.0000000316        0.0000000252        1.0000000000
261.0000        0.9999991512        0.0000001872        0.0000001790        0.0000001793        0.0000001799        0.0000000388        0.0000000356        0.0000000285        0.0000000204        1.0000000000
261.5000        0.9999991035        0.0000001995        0.0000001999        0.0000001976        0.0000001875        0.0000000397        0.0000000327        0.0000000236        0.0000000161        1.0000000000
262.0000        0.9999990697        0.0000002205        0.0000002206        0.0000002080        0.0000001840        0.0000000370        0.0000000275        0.0000000188        0.0000000139        1.0000000000
262.5000        0.9999990600        0.0000002433        0.0000002342        0.0000002070        0.0000001707        0.0000000317        0.0000000222        0.0000000162        0.0000000148        1.0000000000
263.0000        0.9999990764        0.0000002601        0.0000002362        0.0000001949        0.0000001523        0.0000000259        0.0000000190        0.0000000167        0.0000000184        1.0000000000
263.5000        0.9999991126        0.0000002655        0.0000002258        0.0000001762        0.0000001353        0.0000000221        0.0000000191        0.0000000202        0.0000000231        1.0000000000
264.0000        0.9999991560        0.0000002576        0.0000002069        0.0000001573        0.0000001258        0.0000000217        0.0000000226        0.0000000252        0.0000000269        1.0000000000
264.5000        0.9999991923        0.0000002393        0.0000001859        0.0000001450        0.0000001271        0.0000000249        0.0000000278        0.0000000294        0.0000000282        1.0000000000
265.0000        0.9999992099        0.0000002169        0.0000001704        0.0000001435        0.0000001387        0.0000000303        0.0000000326        0.0000000312        0.0000000264        1.0000000000
265.5000        0.9999992038        0.0000001983        0.0000001657        0.0000001534        0.0000001561        0.0000000357        0.0000000350        0.0000000297        0.0000000223        1.0000000000
266.0000        0.9999991767        0.0000001899        0.0000001734        0.0000001709        0.0000001731        0.0000000387        0.0000000339        0.0000000256        0.0000000178        1.0000000000
266.5000        0.9999991385        0.0000001947        0.0000001907        0.0000001895        0.0000001831        0.0000000381        0.0000000298        0.0000000208        0.0000000148        1.0000000000
267.0000        0.9999991025        0.0000002109        0.0000002111        0.0000002024        0.0000001825        0.0000000342        0.0000000245        0.0000000172        0.0000000147        1.0000000000
267.5000        0.9999990810        0.0000002323        0.0000002271        0.0000002047        0.0000001717        0.0000000286        0.0000000204        0.0000000166        0.0000000175        1.0000000000
268.0000        0.9999990812        0.0000002513        0.0000002329        0.0000001957        0.0000001547        0.0000000238        0.0000000192        0.0000000192        0.0000000219        1.0000000000
268.5000        0.9999991028        0.0000002608        0.0000002262        0.0000001789        0.0000001382        0.0000000220        0.0000000215        0.0000000238        0.0000000259        1.0000000000
269.0000        0.9999991378        0.0000002573        0.0000002098        0.0000001606        0.0000001286        0.0000000239        0.0000000262        0.0000000282        0.0000000276        1.0000000000
269.5000        0.9999991736        0.0000002422        0.0000001899        0.0000001481        0.0000001296        0.0000000286        0.0000000312        0.0000000305        0.0000000263        1.0000000000
270.0000        0.9999991974        0.0000002214        0.0000001742        0.0000001462        0.0000001408        0.0000000340        0.0000000341        0.0000000296        0.0000000225        1.0000000000
270.5000        0.9999992004        0.0000002027        0.0000001687        0.0000001554        0.0000001575        0.0000000376        0.0000000337        0.0000000258        0.0000000181        1.0000000000
271.0000        0.9999991816        0.0000001935        0.0000001756        0.0000001721        0.0000001731        0.0000000378        0.0000000301        0.0000000211        0.0000000151        1.0000000000
271.5000        0.9999991481        0.0000001971        0.0000001919        0.0000001896        0.0000001811        0.0000000345        0.0000000250        0.0000000176        0.0000000151        1.0000000000
272.0000        0.9999991127        0.0000002121        0.0000002112        0.0000002006        0.0000001783        0.0000000292        0.0000000209        0.0000000171        0.0000000180        1.0000000000
272.5000        0.9999990891        0.0000002324        0.0000002256        0.0000002008        0.0000001660        0.0000000245        0.0000000197        0.0000000197        0.0000000223        1.0000000000
273.0000        0.9999990869        0.0000002498        0.0000002293        0.0000001902        0.0000001493        0.0000000225        0.0000000219        0.0000000241        0.0000000260        1.0000000000
273.5000        0.9999991070        0.0000002575        0.0000002209        0.0000001732        0.0000001353        0.0000000242        0.0000000265        0.0000000283        0.0000000271        1.0000000000
274.0000        0.9999991418        0.0000002522        0.0000002039        0.0000001570        0.0000001299        0.0000000288        0.0000000312        0.0000000300        0.0000000252        1.0000000000
274.5000        0.9999991771        0.0000002363        0.0000001855        0.0000001484        0.0000001354        0.0000000340        0.0000000337        0.0000000285        0.0000000212        1.0000000000
275.0000        0.9999991985        0.0000002164        0.0000001733        0.0000001510        0.0000001493        0.0000000372        0.0000000327        0.0000000246        0.0000000171        1.0000000000
275.5000        0.9999991967        0.0000002008        0.0000001725        0.0000001636        0.0000001654        0.0000000369        0.0000000288        0.0000000201        0.0000000151        1.0000000000
276.0000        0.9999991723        0.0000001961        0.0000001834        0.0000001807        0.0000001768        0.0000000332        0.0000000239        0.0000000175        0.0000000162        1.0000000000
276.5000        0.9999991355        0.0000002041        0.0000002011        0.0000001948        0.0000001783        0.0000000281        0.0000000206        0.0000000180        0.0000000197        1.0000000000
277.0000        0.9999991021        0.0000002213        0.0000002179        0.0000001996        0.0000001693        0.0000000240        0.0000000204        0.0000000214        0.0000000239        1.0000000000
277.5000        0.9999990871        0.0000002403        0.0000002264        0.0000001931        0.0000001540        0.0000000231        0.0000000236        0.0000000258        0.0000000265        1.0000000000
278.0000        0.9999990974        0.0000002527        0.0000002231        0.0000001783        0.0000001394        0.0000000258        0.0000000283        0.0000000290        0.0000000261        1.0000000000
278.5000        0.9999991287        0.0000002531        0.0000002093        0.0000001619        0.0000001320        0.0000000307        0.0000000322        0.0000000292        0.0000000229        1.0000000000
279.0000        0.9999991670        0.0000002414        0.0000001914        0.0000001514        0.0000001354        0.0000000352        0.0000000332        0.0000000264        0.0000000188        1.0000000000
279.5000        0.9999991948        0.0000002229        0.0000001775        0.0000001515        0.0000001478        0.0000000369        0.0000000307        0.0000000220        0.0000000158        1.0000000000
280.0000        0.9999991992        0.0000002061        0.0000001739        0.0000001622        0.0000001633        0.0000000350        0.0000000261        0.0000000185        0.0000000158        1.0000000000
280.5000        0.9999991777        0.0000001984        0.0000001822        0.0000001783        0.0000001746        0.0000000305        0.0000000220        0.0000000177        0.0000000186        1.0000000000
281.0000        0.9999991405        0.0000002034        0.0000001985        0.0000001923        0.0000001763        0.0000000258        0.0000000204        0.0000000202        0.0000000227        1.0000000000
281.5000        0.9999991053        0.0000002186        0.0000002150        0.0000001974        0.0000001676        0.0000000234        0.0000000224        0.0000000244        0.0000000257        1.0000000000
282.0000        0.9999990893        0.0000002369        0.0000002240        0.0000001914        0.0000001529        0.0000000247        0.0000000267        0.0000000281        0.0000000261        1.0000000000
282.5000        0.9999991004        0.0000002497        0.0000002212        0.0000001771        0.0000001393        0.0000000289        0.0000000310        0.0000000291        0.0000000234        1.0000000000
283.0000        0.9999991333        0.0000002509        0.0000002080        0.0000001616        0.0000001335        0.0000000337        0.0000000328        0.0000000269        0.0000000194        1.0000000000
283.5000        0.9999991717        0.0000002400        0.0000001909        0.0000001524        0.0000001384        0.0000000363        0.0000000311        0.0000000228        0.0000000163        1.0000000000
284.0000        0.9999991964        0.0000002224        0.0000001783        0.0000001542        0.0000001515        0.0000000354        0.0000000270        0.0000000191        0.0000000159        1.0000000000
284.5000        0.9999991948        0.0000002066        0.0000001762        0.0000001658        0.0000001660        0.0000000314        0.0000000227        0.0000000180        0.0000000185        1.0000000000
285.0000        0.9999991679        0.0000002004        0.0000001857        0.0000001814        0.0000001746        0.0000000267        0.0000000208        0.0000000201        0.0000000225        1.0000000000
285.5000        0.9999991295        0.0000002067        0.0000002020        0.0000001931        0.0000001729        0.0000000239        0.0000000223        0.0000000241        0.0000000255        1.0000000000
286.0000        0.9999990998        0.0000002223        0.0000002167        0.0000001949        0.0000001618        0.0000000247        0.0000000264        0.0000000277        0.0000000257        1.0000000000
286.5000        0.9999990943        0.0000002393        0.0000002224        0.0000001859        0.0000001472        0.0000000286        0.0000000306        0.0000000287        0.0000000230        1.0000000000
287.0000        0.9999991158        0.0000002491        0.0000002163        0.0000001709        0.0000001367        0.0000000332        0.0000000324        0.0000000265        0.0000000191        1.0000000000
287.5000        0.9999991527        0.0000002468        0.0000002015        0.0000001577        0.0000001360        0.0000000359        0.0000000307        0.0000000224        0.0000000163        1.0000000000
288.0000        0.9999991851        0.0000002335        0.0000001858        0.0000001533        0.0000001452        0.0000000350        0.0000000266        0.0000000190        0.0000000164        1.0000000000
288.5000        0.9999991954        0.0000002163        0.0000001775        0.0000001600        0.0000001594        0.0000000311        0.0000000226        0.0000000183        0.0000000193        1.0000000000
289.0000        0.9999991784        0.0000002042        0.0000001809        0.0000001740        0.0000001709        0.0000000265        0.0000000211        0.0000000208        0.0000000231        1.0000000000
289.5000        0.9999991438        0.0000002034        0.0000001940        0.0000001879        0.0000001733        0.0000000241        0.0000000230        0.0000000249        0.0000000255        1.0000000000
290.0000        0.9999991110        0.0000002144        0.0000002099        0.0000001939        0.0000001654        0.0000000253        0.0000000272        0.0000000280        0.0000000249        1.0000000000
290.5000        0.9999990984        0.0000002311        0.0000002198        0.0000001889        0.0000001516        0.0000000294        0.0000000310        0.0000000281        0.0000000217        1.0000000000
291.0000        0.9999991127        0.0000002446        0.0000002184        0.0000001757        0.0000001397        0.0000000337        0.0000000320        0.0000000252        0.0000000180        1.0000000000
291.5000        0.9999991454        0.0000002474        0.0000002065        0.0000001617        0.0000001364        0.0000000356        0.0000000296        0.0000000212        0.0000000162        1.0000000000
292.0000        0.9999991775        0.0000002382        0.0000001908        0.0000001547        0.0000001435        0.0000000339        0.0000000253        0.0000000186        0.0000000174        1.0000000000
292.5000        0.9999991906        0.0000002221        0.0000001801        0.0000001587        0.0000001568        0.0000000297        0.0000000220        0.0000000192        0.0000000209        1.0000000000
293.0000        0.9999991776        0.0000002080        0.0000001803        0.0000001713        0.0000001687        0.0000000256        0.0000000217        0.0000000225        0.0000000243        1.0000000000
293.5000        0.9999991467        0.0000002039        0.0000001913        0.0000001852        0.0000001722        0.0000000244        0.0000000246        0.0000000263        0.0000000254        1.0000000000
294.0000        0.9999991165        0.0000002120        0.0000002067        0.0000001923        0.0000001654        0.0000000268        0.0000000289        0.0000000282        0.0000000233        1.0000000000
294.5000        0.9999991049        0.0000002276        0.0000002176        0.0000001886        0.0000001522        0.0000000312        0.0000000316        0.0000000267        0.0000000196        1.0000000000
295.0000        0.9999991182        0.0000002417        0.0000002177        0.0000001763        0.0000001407        0.0000000347        0.0000000309        0.0000000231        0.0000000168        1.0000000000
295.5000        0.9999991479        0.0000002462        0.0000002070        0.0000001626        0.0000001376        0.0000000350        0.0000000274        0.0000000196        0.0000000168        1.0000000000
296.0000        0.9999991754        0.0000002385        0.0000001919        0.0000001559        0.0000001448        0.0000000318        0.0000000234        0.0000000188        0.0000000196        1.0000000000
296.5000        0.9999991843        0.0000002232        0.0000001814        0.0000001599        0.0000001578        0.0000000274        0.0000000216        0.0000000211        0.0000000232        1.0000000000
297.0000        0.9999991698        0.0000002094        0.0000001817        0.0000001724        0.0000001687        0.0000000248        0.0000000233        0.0000000249        0.0000000251        1.0000000000
297.5000        0.9999991415        0.0000002053        0.0000001926        0.0000001855        0.0000001706        0.0000000256        0.0000000273        0.0000000276        0.0000000240        1.0000000000
298.0000        0.9999991176        0.0000002133        0.0000002073        0.0000001912        0.0000001626        0.0000000294        0.0000000307        0.0000000273        0.0000000206        1.0000000000
298.5000        0.9999991128        0.0000002285        0.0000002170        0.0000001861        0.0000001495        0.0000000335        0.0000000312        0.0000000241        0.0000000174        1.0000000000
299.0000        0.9999991293        0.0000002415        0.0000002155        0.0000001733        0.0000001398        0.0000000350        0.0000000285        0.0000000204        0.0000000167        1.0000000000
299.5000        0.9999991559        0.0000002444        0.0000002040        0.0000001610        0.0000001395        0.0000000329        0.0000000244        0.0000000189        0.0000000190        1.0000000000
300.0000        0.9999991754        0.0000002355        0.0000001896        0.0000001569        0.0000001488        0.0000000287        0.0000000220        0.0000000205        0.0000000226        1.0000000000
