       t         state 0 pop         state 1 pop         state 2 pop         state 3 pop         state 4 pop         state 5 pop         state 6 pop         state 7 pop         state 8 pop              poptot
  0.0000        0.0001302502        0.0001344826        0.0001394812        0.0001442183        0.0002478039        0.0002590397        0.0002725437        0.0002855779        0.9983866025        1.0000000000
  0.5000        0.0001336652        0.0001379717        0.0001430745        0.0001478931        0.0002546387        0.0002660917        0.0002799003        0.0002931789        0.9983435860        1.0000000000
  1.0000        0.0000000009        0.0000000009        0.0000000009        0.0000000010        0.0000000018        0.0000000019        0.0000000020        0.0000000021        0.9999999885        1.0000000000
  1.5000        0.0000000308        0.0000000320        0.0000000334        0.0000000347        0.0000000651        0.0000000688        0.0000000732        0.0000000777        0.9999995844        1.0000000000
  2.0000        0.0000001026        0.0000001066        0.0000001113        0.0000001159        0.0000002189        0.0000002313        0.0000002463        0.0000002612        0.9999986058        1.0000000000
  2.5000        0.0000002138        0.0000002222        0.0000002322        0.0000002419        0.0000004614        0.0000004877        0.0000005196        0.0000005513        0.9999970699        1.0000000000
  3.0000        0.0000003597        0.0000003743        0.0000003916        0.0000004082        0.0000007888        0.0000008343        0.0000008894        0.0000009442        0.9999950096        1.0000000000
  3.5000        0.0000005342        0.0000005567        0.0000005833        0.0000006090        0.0000011950        0.0000012651        0.0000013501        0.0000014343        0.9999924724        1.0000000000
  4.0000        0.0000007298        0.0000007620        0.0000008000        0.0000008366        0.0000016722        0.0000017724        0.0000018938        0.0000020141        0.9999895190        1.0000000000
  4.5000        0.0000009381        0.0000009817        0.0000010330        0.0000010827        0.0000022109        0.0000023467        0.0000025113        0.0000026743        0.9999862213        1.0000000000
  5.0000        0.0000011499        0.0000012067        0.0000012732        0.0000013378        0.0000028000        0.0000029771        0.0000031915        0.0000034040        0.9999826600        1.0000000000
  5.5000        0.0000013559        0.0000014274        0.0000015109        0.0000015923        0.0000034271        0.0000036511        0.0000039222        0.0000041909        0.9999789222        1.0000000000
  6.0000        0.0000015469        0.0000016346        0.0000017366        0.0000018366        0.0000040790        0.0000043556        0.0000046899        0.0000050218        0.9999750989        1.0000000000
  6.5000        0.0000017146        0.0000018195        0.0000019412        0.0000020612        0.0000047418        0.0000050765        0.0000054807        0.0000058824        0.9999712822        1.0000000000
  7.0000        0.0000018513        0.0000019743        0.0000021166        0.0000022576        0.0000054011        0.0000057994        0.0000062796        0.0000067579        0.9999675622        1.0000000000
  7.5000        0.0000019511        0.0000020924        0.0000022556        0.0000024184        0.0000060427        0.0000065096        0.0000070719        0.0000076332        0.9999640251        1.0000000000
  8.0000        0.0000020093        0.0000021687        0.0000023526        0.0000025373        0.0000066527        0.0000071929        0.0000078426        0.0000084931        0.9999607506        1.0000000000
  8.5000        0.0000020235        0.0000022001        0.0000024037        0.0000026098        0.0000072178        0.0000078355        0.0000085774        0.0000093226        0.9999578096        1.0000000000
  9.0000        0.0000019928        0.0000021852        0.0000024068        0.0000026331        0.0000077256        0.0000084241        0.0000092624        0.0000101075        0.9999552624        1.0000000000
  9.5000        0.0000019186        0.0000021244        0.0000023618        0.0000026064        0.0000081650        0.0000089471        0.0000098848        0.0000108340        0.9999531579        1.0000000000
 10.0000        0.0000018042        0.0000020205        0.0000022704        0.0000025306        0.0000085264        0.0000093936        0.0000104328        0.0000114896        0.9999515319        1.0000000000
 10.5000        0.0000016545        0.0000018777        0.0000021364        0.0000024087        0.0000088018        0.0000097546        0.0000108963        0.0000120631        0.9999504069        1.0000000000
 11.0000        0.0000014763        0.0000017020        0.0000019651        0.0000022453        0.0000089852        0.0000100229        0.0000112665        0.0000125444        0.9999497922        1.0000000000
 11.5000        0.0000012775        0.0000015011        0.0000017634        0.0000020467        0.0000090725        0.0000101931        0.0000115367        0.0000129256        0.9999496835        1.0000000000
 12.0000        0.0000010670        0.0000012833        0.0000015395        0.0000018206        0.0000090619        0.0000102616        0.0000117018        0.0000132001        0.9999500643        1.0000000000
 12.5000        0.0000008542        0.0000010580        0.0000013024        0.0000015756        0.0000089536        0.0000102274        0.0000117589        0.0000133635        0.9999509064        1.0000000000
 13.0000        0.0000006489        0.0000008349        0.0000010619        0.0000013212        0.0000087499        0.0000100911        0.0000117073        0.0000134132        0.9999521715        1.0000000000
 13.5000        0.0000004605        0.0000006237        0.0000008278        0.0000010673        0.0000084555        0.0000098558        0.0000115480        0.0000133488        0.9999538126        1.0000000000
 14.0000        0.0000000184        0.0000000191        0.0000000198        0.0000008241        0.0000000434        0.0000095309        0.0000112870        0.0000131738        0.9999650836        1.0000000000
 14.5000        0.0000000931        0.0000000963        0.0000001003        0.0000006007        0.0000002205        0.0000091196        0.0000109273        0.0000128898        0.9999659525        1.0000000000
 15.0000        0.0000002233        0.0000002309        0.0000002406        0.0000004061        0.0000005339        0.0000086294        0.0000104755        0.0000125020        0.9999667582        1.0000000000
 15.5000        0.0000004046        0.0000004187        0.0000004367        0.0000002482        0.0000009808        0.0000080707        0.0000099407        0.0000120177        0.9999674818        1.0000000000
 16.0000        0.0000006308        0.0000006535        0.0000006823        0.0000001336        0.0000015555        0.0000074552        0.0000093332        0.0000114460        0.9999681099        1.0000000000
 16.5000        0.0000008933        0.0000009268        0.0000009692        0.0000000676        0.0000022499        0.0000067960        0.0000086653        0.0000107974        0.9999686344        1.0000000000
 17.0000        0.0000011825        0.0000012290        0.0000012876        0.0000000537        0.0000030532        0.0000061073        0.0000079502        0.0000100841        0.9999690524        1.0000000000
 17.5000        0.0000014871        0.0000015491        0.0000016267        0.0000000935        0.0000039526        0.0000054038        0.0000072022        0.0000093193        0.9999693656        1.0000000000
 18.0000        0.0000017956        0.0000018754        0.0000019746        0.0000001870        0.0000049332        0.0000047010        0.0000064365        0.0000085174        0.9999695793        1.0000000000
 18.5000        0.0000020959        0.0000021959        0.0000023192        0.0000003322        0.0000059783        0.0000040146        0.0000056687        0.0000076935        0.9999697016        1.0000000000
 19.0000        0.0000023763        0.0000024986        0.0000026485        0.0000005253        0.0000070702        0.0000033601        0.0000049149        0.0000068633        0.9999697427        1.0000000000
 19.5000        0.0000026259        0.0000027724        0.0000029509        0.0000007610        0.0000081900        0.0000027528        0.0000041909        0.0000060429        0.9999697133        1.0000000000
 20.0000        0.0000028348        0.0000030072        0.0000032158        0.0000010322        0.0000093180        0.0000022074        0.0000035124        0.0000052482        0.9999696239        1.0000000000
 20.5000        0.0000029949        0.0000031941        0.0000034338        0.0000013309        0.0000104347        0.0000017378        0.0000028947        0.0000044954        0.9999694836        1.0000000000
 21.0000        0.0000030998        0.0000033263        0.0000035974        0.0000016481        0.0000115205        0.0000013565        0.0000023522        0.0000037999        0.9999692994        1.0000000000
 21.5000        0.0000031454        0.0000033987        0.0000037008        0.0000019739        0.0000125561        0.0000010752        0.0000018984        0.0000031766        0.9999690749        1.0000000000
 22.0000        0.0000031297        0.0000034087        0.0000037404        0.0000022984        0.0000135236        0.0000009037        0.0000015455        0.0000026396        0.9999688104        1.0000000000
 22.5000        0.0000030535        0.0000033559        0.0000037148        0.0000026116        0.0000144060        0.0000008502        0.0000013044        0.0000022019        0.9999685017        1.0000000000
 23.0000        0.0000029196        0.0000032423        0.0000036251        0.0000029037        0.0000151878        0.0000009211        0.0000011844        0.0000018754        0.9999681406        1.0000000000
 23.5000        0.0000027332        0.0000030721        0.0000034743        0.0000031658        0.0000158556        0.0000011211        0.0000011932        0.0000016703        0.9999677144        1.0000000000
 24.0000        0.0000025018        0.0000028518        0.0000032680        0.0000033897        0.0000163980        0.0000014524        0.0000013366        0.0000015956        0.9999672063        1.0000000000
 24.5000        0.0000000143        0.0000000147        0.0000000153        0.0000000157        0.0000000379        0.0000000398        0.0000000424        0.0000000448        0.9999997751        1.0000000000
 25.0000        0.0000001015        0.0000001044        0.0000001087        0.0000001122        0.0000002723        0.0000002853        0.0000003044        0.0000003211        0.9999983901        1.0000000000
 25.5000        0.0000002670        0.0000002747        0.0000002860        0.0000002952        0.0000007234        0.0000007578        0.0000008086        0.0000008527        0.9999957346        1.0000000000
 26.0000        0.0000005066        0.0000005214        0.0000005432        0.0000005609        0.0000013914        0.0000014575        0.0000015557        0.0000016405        0.9999918226        1.0000000000
 26.5000        0.0000008134        0.0000008378        0.0000008739        0.0000009030        0.0000022729        0.0000023813        0.0000025429        0.0000026820        0.9999866928        1.0000000000
 27.0000        0.0000011781        0.0000012149        0.0000012688        0.0000013126        0.0000033606        0.0000035222        0.0000037638        0.0000039711        0.9999804078        1.0000000000
 27.5000        0.0000015891        0.0000016412        0.0000017168        0.0000017787        0.0000046441        0.0000048703        0.0000052089        0.0000054990        0.9999730519        1.0000000000
 28.0000        0.0000020331        0.0000021036        0.0000022050        0.0000022884        0.0000061093        0.0000064121        0.0000068655        0.0000072534        0.9999647296        1.0000000000
 28.5000        0.0000024954        0.0000025878        0.0000027189        0.0000028277        0.0000077395        0.0000081315        0.0000087177        0.0000092193        0.9999555623        1.0000000000
 29.0000        0.0000029606        0.0000030783        0.0000032432        0.0000033814        0.0000095149        0.0000100093        0.0000107472        0.0000113790        0.9999456861        1.0000000000
 29.5000        0.0000034132        0.0000035597        0.0000037622        0.0000039338        0.0000114133        0.0000120241        0.0000129332        0.0000137124        0.9999352480        1.0000000000
 30.0000        0.0000038378        0.0000040167        0.0000042604        0.0000044694        0.0000134106        0.0000141524        0.0000152525        0.0000161972        0.9999244030        1.0000000000
 30.5000        0.0000042200        0.0000044345        0.0000047228        0.0000049730        0.0000154808        0.0000163690        0.0000176803        0.0000188095        0.9999133101        1.0000000000
 31.0000        0.0000045469        0.0000047998        0.0000051353        0.0000054302        0.0000175966        0.0000186472        0.0000201904        0.0000215237        0.9999021298        1.0000000000
 31.5000        0.0000048073        0.0000051008        0.0000054856        0.0000058281        0.0000197301        0.0000209595        0.0000227554        0.0000243130        0.9998910200        1.0000000000
 32.0000        0.0000049923        0.0000053280        0.0000057631        0.0000061556        0.0000218529        0.0000232779        0.0000253472        0.0000271500        0.9998801330        1.0000000000
 32.5000        0.0000050955        0.0000054741        0.0000059595        0.0000064034        0.0000239365        0.0000255741        0.0000279373        0.0000300066        0.9998696129        1.0000000000
 33.0000        0.0000051135        0.0000055344        0.0000060690        0.0000065646        0.0000259530        0.0000278202        0.0000304975        0.0000328548        0.9998595929        1.0000000000
 33.5000        0.0000050455        0.0000055070        0.0000060884        0.0000066349        0.0000278756        0.0000299891        0.0000329999        0.0000356667        0.9998501929        1.0000000000
 34.0000        0.0000048940        0.0000053929        0.0000060172        0.0000066126        0.0000296785        0.0000320545        0.0000354173        0.0000384151        0.9998415179        1.0000000000
 34.5000        0.0000046641        0.0000051959        0.0000058578        0.0000064985        0.0000313380        0.0000339918        0.0000377239        0.0000410736        0.9998336562        1.0000000000
 35.0000        0.0000043638        0.0000049226        0.0000056153        0.0000062963        0.0000328323        0.0000357782        0.0000398954        0.0000436171        0.9998266790        1.0000000000
 35.5000        0.0000040034        0.0000045818        0.0000052973        0.0000060121        0.0000341421        0.0000373929        0.0000419090        0.0000460221        0.9998206394        1.0000000000
 36.0000        0.0000035955        0.0000041849        0.0000049137        0.0000056542        0.0000352507        0.0000388174        0.0000437444        0.0000482669        0.9998155722        1.0000000000
 36.5000        0.0000031544        0.0000037450        0.0000044765        0.0000052335        0.0000361447        0.0000400363        0.0000453834        0.0000503316        0.9998114945        1.0000000000
 37.0000        0.0000026957        0.0000032766        0.0000039995        0.0000047622        0.0000368136        0.0000410366        0.0000468107        0.0000521991        0.9998084060        1.0000000000
 37.5000        0.0000022356        0.0000027956        0.0000034977        0.0000042545        0.0000372505        0.0000418087        0.0000480134        0.0000538542        0.9998062898        1.0000000000
 38.0000        0.0000017909        0.0000023180        0.0000029869        0.0000037254        0.0000374518        0.0000423461        0.0000489818        0.0000552849        0.9998051141        1.0000000000
 38.5000        0.0000013780        0.0000018604        0.0000024836        0.0000031908        0.0000374177        0.0000426456        0.0000497094        0.0000564816        0.9998048330        1.0000000000
 39.0000        0.0000010125        0.0000014387        0.0000020040        0.0000026667        0.0000371518        0.0000427073        0.0000501926        0.0000574379        0.9998053885        1.0000000000
 39.5000        0.0000007089        0.0000010681        0.0000015641        0.0000021693        0.0000366616        0.0000425350        0.0000504313        0.0000581501        0.9998067117        1.0000000000
 40.0000        0.0000004799        0.0000007625        0.0000011788        0.0000017142        0.0000359579        0.0000421355        0.0000504284        0.0000586180        0.9998087249        1.0000000000
 40.5000        0.0000003362        0.0000005341        0.0000008620        0.0000013159        0.0000350550        0.0000415192        0.0000501904        0.0000588440        0.9998113434        1.0000000000
 41.0000        0.0000002862        0.0000003930        0.0000006256        0.0000009878        0.0000339707        0.0000406997        0.0000497268        0.0000588338        0.9998144765        1.0000000000
 41.5000        0.0000003354        0.0000003473        0.0000004798        0.0000007418        0.0000327257        0.0000396937        0.0000490502        0.0000585963        0.9998180297        1.0000000000
 42.0000        0.0000004868        0.0000004023        0.0000004324        0.0000005878        0.0000313440        0.0000385210        0.0000481767        0.0000581431        0.9998219059        1.0000000000
 42.5000        0.0000007404        0.0000005607        0.0000004890        0.0000005334        0.0000298522        0.0000372042        0.0000471248        0.0000574888        0.9998260067        1.0000000000
 43.0000        0.0000010931        0.0000008224        0.0000006523        0.0000005843        0.0000282792        0.0000357683        0.0000459161        0.0000566511        0.9998302332        1.0000000000
 43.5000        0.0000015393        0.0000011847        0.0000009226        0.0000007436        0.0000266564        0.0000342411        0.0000445750        0.0000556501        0.9998344872        1.0000000000
 44.0000        0.0000020706        0.0000016423        0.0000012976        0.0000010118        0.0000250170        0.0000326524        0.0000431280        0.0000545086        0.9998386718        1.0000000000
 44.5000        0.0000026761        0.0000021871        0.0000017723        0.0000013871        0.0000233961        0.0000310339        0.0000416041        0.0000532518        0.9998426915        1.0000000000
 45.0000        0.0000033430        0.0000028090        0.0000023394        0.0000018653        0.0000218298        0.0000294190        0.0000400345        0.0000519073        0.9998464528        1.0000000000
 45.5000        0.0000040565        0.0000034957        0.0000029893        0.0000024397        0.0000203554        0.0000278426        0.0000384521        0.0000505048        0.9998498639        1.0000000000
 46.0000        0.0000048006        0.0000042334        0.0000037105        0.0000031018        0.0000190109        0.0000263407        0.0000368915        0.0000490758        0.9998528347        1.0000000000
 46.5000        0.0000055585        0.0000050067        0.0000044897        0.0000038409        0.0000178349        0.0000249504        0.0000353887        0.0000476538        0.9998552763        1.0000000000
 47.0000        0.0000063126        0.0000057996        0.0000053123        0.0000046447        0.0000168660        0.0000237092        0.0000339811        0.0000462738        0.9998571006        1.0000000000
 47.5000        0.0000070459        0.0000065954        0.0000061627        0.0000054996        0.0000161427        0.0000226552        0.0000327068        0.0000449723        0.9998582196        1.0000000000
 48.0000        0.0000077413        0.0000073772        0.0000070245        0.0000063909        0.0000157030        0.0000218264        0.0000316050        0.0000437870        0.9998585447        1.0000000000
 48.5000        0.0000083830        0.0000081287        0.0000078814        0.0000073031        0.0000155845        0.0000212612        0.0000307153        0.0000427568        0.9998579860        1.0000000000
 49.0000        0.0000089566        0.0000088341        0.0000087169        0.0000082205        0.0000158238        0.0000209973        0.0000300780        0.0000419214        0.9998564515        1.0000000000
 49.5000        0.0000094492        0.0000094790        0.0000095152        0.0000091272        0.0000164565        0.0000210721        0.0000297333        0.0000413214        0.9998538461        1.0000000000
 50.0000        0.0000098503        0.0000100502        0.0000102614        0.0000100077        0.0000175168        0.0000215225        0.0000297217        0.0000409982        0.9998500712        1.0000000000
 50.5000        0.0000101515        0.0000105366        0.0000109417        0.0000108471        0.0000190378        0.0000223844        0.0000300837        0.0000409935        0.9998450236        1.0000000000
 51.0000        0.0000103473        0.0000109289        0.0000115441        0.0000116314        0.0000210510        0.0000236931        0.0000308593        0.0000413497        0.9998385951        1.0000000000
 51.5000        0.0000104348        0.0000112204        0.0000120582        0.0000123480        0.0000235863        0.0000254825        0.0000320887        0.0000421094        0.9998306716        1.0000000000
 52.0000        0.0000104139        0.0000114067        0.0000124756        0.0000129858        0.0000266721        0.0000277858        0.0000338115        0.0000433156        0.9998211331        1.0000000000
 52.5000        0.0000102874        0.0000114860        0.0000127903        0.0000135352        0.0000303349        0.0000306349        0.0000360668        0.0000450114        0.9998098529        1.0000000000
 53.0000        0.0000100611        0.0000114591        0.0000129987        0.0000139890        0.0000346001        0.0000340606        0.0000388934        0.0000472404        0.9997966975        1.0000000000
 53.5000        0.0000097432        0.0000113296        0.0000130994        0.0000143415        0.0000394911        0.0000380927        0.0000423298        0.0000500462        0.9997815265        1.0000000000
 54.0000        0.0000093448        0.0000111035        0.0000130936        0.0000145896        0.0000450300        0.0000427597        0.0000464140        0.0000534727        0.9997641921        1.0000000000
 54.5000        0.0000088789        0.0000107893        0.0000129850        0.0000147324        0.0000512377        0.0000480893        0.0000511836        0.0000575642        0.9997445397        1.0000000000
 55.0000        0.0000083608        0.0000103976        0.0000127798        0.0000147710        0.0000581337        0.0000541083        0.0000566761        0.0000623655        0.9997224073        1.0000000000
 55.5000        0.0000078074        0.0000099415        0.0000124861        0.0000147090        0.0000657368        0.0000608426        0.0000629287        0.0000679216        0.9996976263        1.0000000000
 56.0000        0.0000072370        0.0000094354        0.0000121146        0.0000145522        0.0000740648        0.0000683179        0.0000699788        0.0000742784        0.9996700209        1.0000000000
 56.5000        0.0000066688        0.0000088955        0.0000116777        0.0000143083        0.0000831354        0.0000765592        0.0000778640        0.0000814825        0.9996394087        1.0000000000
 57.0000        0.0000061226        0.0000083391        0.0000111893        0.0000139870        0.0000929660        0.0000855914        0.0000866222        0.0000895817        0.9996056006        1.0000000000
 57.5000        0.0000056183        0.0000077845        0.0000106652        0.0000135999        0.0001035743        0.0000954399        0.0000962922        0.0000986249        0.9995684008        1.0000000000
 58.0000        0.0000051757        0.0000072503        0.0000101220        0.0000131601        0.0001149786        0.0001061303        0.0001069138        0.0001086627        0.9995276066        1.0000000000
 58.5000        0.0000048138        0.0000067554        0.0000095773        0.0000126821        0.0001271984        0.0001176890        0.0001185279        0.0001197475        0.9994830086        1.0000000000
 59.0000        0.0000045507        0.0000063187        0.0000090495        0.0000121814        0.0001402548        0.0001301439        0.0001311773        0.0001319339        0.9994343897        1.0000000000
 59.5000        0.0000044032        0.0000059582        0.0000085570        0.0000116748        0.0001541711        0.0001435244        0.0001449070        0.0001452793        0.9993815251        1.0000000000
 60.0000        0.0000043863        0.0000056914        0.0000081183        0.0000111792        0.0001689732        0.0001578621        0.0001597645        0.0001598441        0.9993241809        1.0000000000
 60.5000        0.0000045131        0.0000055345        0.0000077516        0.0000107124        0.0001846907        0.0001731913        0.0001758004        0.0001756924        0.9992621136        1.0000000000
 61.0000        0.0000047948        0.0000055026        0.0000074744        0.0000102919        0.0002013571        0.0001895494        0.0001930690        0.0001928925        0.9991950683        1.0000000000
 61.5000        0.0000052398        0.0000056087        0.0000073035        0.0000099354        0.0002190111        0.0002069778        0.0002116291        0.0002115174        0.9991227771        1.0000000000
 62.0000        0.0000058544        0.0000058645        0.0000072545        0.0000096602        0.0002376970        0.0002255225        0.0002315444        0.0002316457        0.9990449568        1.0000000000
 62.5000        0.0000066422        0.0000062792        0.0000073418        0.0000094828        0.0002574661        0.0002452348        0.0002528843        0.0002533621        0.9989613067        1.0000000000
 63.0000        0.0000076042        0.0000068603        0.0000075780        0.0000094192        0.0002783775        0.0002661719        0.0002757248        0.0002767584        0.9988715055        1.0000000000
 63.5000        0.0000087388        0.0000076130        0.0000079744        0.0000094842        0.0003004993        0.0002883983        0.0003001497        0.0003019346        0.9987752077        1.0000000000
 64.0000        0.0000100420        0.0000085400        0.0000085404        0.0000096916        0.0003239098        0.0003119863        0.0003262508        0.0003289994        0.9986720397        1.0000000000
 64.5000        0.0000115073        0.0000096421        0.0000092834        0.0000100538        0.0003486994        0.0003370171        0.0003541300        0.0003580717        0.9985615953        1.0000000000
 65.0000        0.0000131261        0.0000109177        0.0000102090        0.0000105818        0.0003749716        0.0003635823        0.0003838996        0.0003892815        0.9984434305        1.0000000000
 65.5000        0.0000148876        0.0000123632        0.0000113208        0.0000112851        0.0004028451        0.0003917847        0.0004156841        0.0004227717        0.9983170578        1.0000000000
 66.0000        0.0000167793        0.0000139730        0.0000126204        0.0000121718        0.0004324559        0.0004217401        0.0004496215        0.0004586990        0.9981819391        1.0000000000
 66.5000        0.0000187871        0.0000157396        0.0000141076        0.0000132482        0.0004639591        0.0004535784        0.0004858648        0.0004972357        0.9980374793        1.0000000000
 67.0000        0.0000208959        0.0000176538        0.0000157804        0.0000145190        0.0004975322        0.0004874457        0.0005245840        0.0005385717        0.9978830173        1.0000000000
 67.5000        0.0000230893        0.0000197051        0.0000176349        0.0000159875        0.0005333768        0.0005235058        0.0005659675        0.0005829160        0.9977178172        1.0000000000
 68.0000        0.0000253506        0.0000218814        0.0000196658        0.0000176552        0.0005717231        0.0005619421        0.0006102245        0.0006304991        0.9975410582        1.0000000000
 68.5000        0.0000276627        0.0000241701        0.0000218664        0.0000195222        0.0006128323        0.0006029604        0.0006575874        0.0006815752        0.9973518234        1.0000000000
 69.0000        0.0000300085        0.0000265575        0.0000242285        0.0000215873        0.0006570018        0.0006467905        0.0007083138        0.0007364250        0.9971490871        1.0000000000
 69.5000        0.0000323715        0.0000290295        0.0000267430        0.0000238480        0.0007045691        0.0006936898        0.0007626897        0.0007953581        0.9969317012        1.0000000000
 70.0000        0.0000347359        0.0000315721        0.0000294000        0.0000263005        0.0007559174        0.0007439452        0.0008210325        0.0008587166        0.9966983797        1.0000000000
 70.5000        0.0000370870        0.0000341710        0.0000321889        0.0000289402        0.0008114818        0.0007978774        0.0008836939        0.0009268781        0.9964476816        1.0000000000
 71.0000        0.0000394114        0.0000368126        0.0000350987        0.0000317615        0.0008717561        0.0008558438        0.0009510643        0.0010002597        0.9961779919        1.0000000000
 71.5000        0.0000416974        0.0000394839        0.0000381183        0.0000347582        0.0009373007        0.0009182424        0.0010235758        0.0010793222        0.9958875010        1.0000000000
 72.0000        0.0000439354        0.0000421727        0.0000412367        0.0000379237        0.0010087520        0.0009855166        0.0011017077        0.0011645747        0.9955741805        1.0000000000
 72.5000        0.0000461180        0.0000448681        0.0000444430        0.0000412509        0.0010868326        0.0010581596        0.0011859902        0.0012565796        0.9952357580        1.0000000000
 73.0000        0.0000482402        0.0000475606        0.0000477272        0.0000447328        0.0011723633        0.0011367196        0.0012770108        0.0013559580        0.9948696875        1.0000000000
 73.5000        0.0000502998        0.0000502425        0.0000510800        0.0000483626        0.0012662771        0.0012218053        0.0013754191        0.0014633963        0.9944731173        1.0000000000
 74.0000        0.0000522974        0.0000529078        0.0000544930        0.0000521335        0.0013696353        0.0013140925        0.0014819336        0.0015796526        0.9940428542        1.0000000000
 74.5000        0.0000542367        0.0000555528        0.0000579594        0.0000560396        0.0014836454        0.0014143304        0.0015973485        0.0017055641        0.9935753231        1.0000000000
 75.0000        0.0000561245        0.0000581759        0.0000614736        0.0000600756        0.0016096825        0.0015233488        0.0017225410        0.0018420554        0.9930665227        1.0000000000
 75.5000        0.0000579709        0.0000607781        0.0000650318        0.0000642371        0.0017493140        0.0016420658        0.0018584793        0.0019901475        0.9925119754        1.0000000000
 76.0000        0.0000000065        0.0000000061        0.0000000062        0.0000000061        0.0000001009        0.0000000856        0.0000000923        0.0000000981        0.9999995983        1.0000000000
 76.5000        0.0000008125        0.0000007543        0.0000007617        0.0000007471        0.0000128279        0.0000107444        0.0000115434        0.0000122454        0.9999495633        1.0000000000
 77.0000        0.0000030306        0.0000028043        0.0000028280        0.0000027696        0.0000491525        0.0000406185        0.0000435054        0.0000460375        0.9998092536        1.0000000000
 77.5000        0.0000067474        0.0000062232        0.0000062685        0.0000061305        0.0001126700        0.0000918064        0.0000980348        0.0001034965        0.9995686228        1.0000000000
 78.0000        0.0000120386        0.0000110681        0.0000111371        0.0000108781        0.0002074407        0.0001665553        0.0001773276        0.0001867876        0.9992167667        1.0000000000
 78.5000        0.0000189695        0.0000173861        0.0000174787        0.0000170528        0.0003380596        0.0002672685        0.0002837286        0.0002982322        0.9987418241        1.0000000000
 79.0000        0.0000275937        0.0000252135        0.0000253286        0.0000246866        0.0005097362        0.0003965128        0.0004197394        0.0004403205        0.9981308688        1.0000000000
 79.5000        0.0000379542        0.0000345768        0.0000347128        0.0000338035        0.0007283865        0.0005570229        0.0005880271        0.0006157260        0.9973697903        1.0000000000
 80.0000        0.0000500826        0.0000454922        0.0000456486        0.0000444202        0.0010007379        0.0007517033        0.0007914305        0.0008273190        0.9964431657        1.0000000000
 80.5000        0.0000640000        0.0000579664        0.0000581447        0.0000565458        0.0013344494        0.0009836271        0.0010329652        0.0010781815        0.9953341200        1.0000000000
 81.0000        0.0000797173        0.0000719966        0.0000722015        0.0000701829        0.0017382466        0.0012560293        0.0013158264        0.0013716207        0.9940241787        1.0000000000
 81.5000        0.0000972353        0.0000875717        0.0000878122        0.0000853280        0.0022220761        0.0015722937        0.0016433876        0.0017111831        0.9924931123        1.0000000000
 82.0000        0.0001165463        0.0001046724        0.0001049631        0.0001019721        0.0027972764        0.0019359319        0.0020191960        0.0021006668        0.9907187750        1.0000000000
 82.5000        0.0001376341        0.0001232721        0.0001236345        0.0001201017        0.0034767696        0.0023505520        0.0024469617        0.0025441316        0.9886769426        1.0000000000
 83.0000        0.0001604757        0.0001433382        0.0001438014        0.0001396992        0.0042752707        0.0028198152        0.0029305401        0.0030459079        0.9863411516        1.0000000000
 83.5000        0.0001850420        0.0001648325        0.0001654347        0.0001607441        0.0052095153        0.0033473771        0.0034739060        0.0036105999        0.9836825484        1.0000000000
 84.0000        0.0002112992        0.0001877125        0.0001885020        0.0001832140        0.0062985016        0.0039368126        0.0040811174        0.0042430855        0.9806697551        1.0000000000
 84.5000        0.0002392100        0.0002119328        0.0002129688        0.0002070853        0.0075637418        0.0045915210        0.0047562676        0.0049485087        0.9772687640        1.0000000000
 85.0000        0.0002687354        0.0002374456        0.0002387993        0.0002323343        0.0090295158        0.0053146102        0.0055034227        0.0057322637        0.9734428730        1.0000000000
 85.5000        0.0002998361        0.0002642027        0.0002659580        0.0002589387        0.0107231129        0.0061087585        0.0063265444        0.0065999686        0.9691526800        1.0000000000
 86.0000        0.0003324742        0.0002921563        0.0002944107        0.0002868781        0.0126750487        0.0069760547        0.0072293950        0.0075574260        0.9643561563        1.0000000000
 86.5000        0.0003666152        0.0003212605        0.0003241259        0.0003161358        0.0149192305        0.0079178178        0.0082154242        0.0086105687        0.9590088213        1.0000000000
 87.0000        0.0004022296        0.0003514729        0.0003550761        0.0003466996        0.0174930477        0.0089344023        0.0092876383        0.0097653860        0.9530640475        1.0000000000
 87.5000        0.0004392954        0.0003827558        0.0003872390        0.0003785632        0.0204373479        0.0100249949        0.0104484508        0.0110278295        0.9464735233        1.0000000000
 88.0000        0.0004778004        0.0004150778        0.0004205992        0.0004117279        0.0237962606        0.0111874150        0.0116995182        0.0124036954        0.9391879056        1.0000000000
 88.5000        0.0000001602        0.0000001339        0.0000001320        0.0000001265        0.0000093391        0.0000047758        0.0000058744        0.0000078806        0.9999715774        1.0000000000
 89.0000        0.0000031209        0.0000025883        0.0000025454        0.0000024331        0.0001875596        0.0000915554        0.0001130295        0.0001523186        0.9994448492        1.0000000000
 89.5000        0.0000101251        0.0000083306        0.0000081731        0.0000077950        0.0006273725        0.0002917910        0.0003618997        0.0004902903        0.9981942227        1.0000000000
 90.0000        0.0000215894        0.0000176188        0.0000172460        0.0000164129        0.0013785737        0.0006098225        0.0007606220        0.0010367852        0.9961413295        1.0000000000
 90.5000        0.0000379450        0.0000307091        0.0000299931        0.0000284863        0.0024949814        0.0010479373        0.0013158414        0.0018060791        0.9932080273        1.0000000000
 91.0000        0.0000596409        0.0000478563        0.0000466418        0.0000442137        0.0040334925        0.0016060815        0.0020323492        0.0028113004        0.9893184238        1.0000000000
 91.5000        0.0000871457        0.0000693143        0.0000674184        0.0000637931        0.0060527299        0.0022816584        0.0029127401        0.0040639434        0.9844012566        1.0000000000
 92.0000        0.0001209513        0.0000953364        0.0000925488        0.0000874237        0.0086112719        0.0030694436        0.0039571103        0.0055733420        0.9783925719        1.0000000000
 92.5000        0.0001615767        0.0001261759        0.0001222597        0.0001153063        0.0117654955        0.0039616370        0.0051628232        0.0073461223        0.9712386034        1.0000000000
 93.0000        0.0002095720        0.0001620871        0.0001567790        0.0001476450        0.0155671142        0.0049480613        0.0065243667        0.0093856619        0.9628987127        1.0000000000
 93.5000        0.0002655241        0.0002033263        0.0001963377        0.0001846486        0.0200605393        0.0060165023        0.0080333242        0.0116915873        0.9533482102        1.0000000000
 94.0000        0.0003300624        0.0002501523        0.0002411707        0.0002265320        0.0252802414        0.0071531691        0.0096784733        0.0142593481        0.9425808507        1.0000000000
 94.5000        0.0004038659        0.0003028283        0.0002915185        0.0002735184        0.0312483150        0.0083432420        0.0114460178        0.0170799071        0.9306107870        1.0000000000
 95.0000        0.0004876712        0.0003616224        0.0003476289        0.0003258410        0.0379724619        0.0095714629        0.0133199474        0.0201395863        0.9174737781        1.0000000000
 95.5000        0.0005822814        0.0004268095        0.0004097584        0.0003837452        0.0454445840        0.0108227229        0.0152825087        0.0234200985        0.9032274914        1.0000000000
 96.0000        0.0006885766        0.0004986719        0.0004781747        0.0004474913        0.0536401344        0.0120826026        0.0173147595        0.0268987893        0.8879507998        1.0000000000
 96.5000        0.0008075257        0.0005775011        0.0005531579        0.0005173570        0.0625183032        0.0133378284        0.0193971733        0.0305490928        0.8717420607        1.0000000000
 97.0000        0.0009402000        0.0006635989        0.0006350035        0.0005936399        0.0720230367        0.0145766226        0.0215102529        0.0343411920        0.8547164535        1.0000000000
 97.5000        0.0010877881        0.0007572780        0.0007240238        0.0006766610        0.0820848067        0.0157889353        0.0236351169        0.0382428534        0.8370025367        1.0000000000
 98.0000        0.0012516134        0.0008588636        0.0008205503        0.0007667677        0.0926229764        0.0169665600        0.0257540238        0.0422203879        0.8187382569        1.0000000000
 98.5000        0.0014331533        0.0009686933        0.0009249362        0.0008643373        0.1035485676        0.0181031454        0.0278508067        0.0462396806        0.8000666796        1.0000000000
 99.0000        0.0016340610        0.0010871174        0.0010375583        0.0009697807        0.1147672102        0.0191941205        0.0299112031        0.0502672240        0.7811317249        1.0000000000
 99.5000        0.0018561903        0.0012144986        0.0011588189        0.0010835463        0.1261820636        0.0202365560        0.0319230708        0.0542710886        0.7620741668        1.0000000000
100.0000        0.0021016225        0.0013512110        0.0012891482        0.0012061239        0.1376965300        0.0212289825        0.0338764939        0.0582217762        0.7430281117        1.0000000000
100.5000        0.0023726972        0.0014976379        0.0014290053        0.0013380492        0.1492166201        0.0221711856        0.0357637882        0.0620929115        0.7241181050        1.0000000000
101.0000        0.0026720459        0.0016541688        0.0015788797        0.0014799077        0.1606528851        0.0230639956        0.0375794217        0.0658617439        0.7054569517        1.0000000000
101.5000        0.0030026287        0.0018211955        0.0017392922        0.0016323393        0.1719218770        0.0239090814        0.0393198681        0.0695094526        0.6871442652        1.0000000000
102.0000        0.0033677749        0.0019991059        0.0019107946        0.0017960429        0.1829471382        0.0247087616        0.0409834135        0.0730212590        0.6692657094        1.0000000000
102.5000        0.0037712261        0.0021882767        0.0020939693        0.0019717800        0.1936597604        0.0254658333        0.0425699338        0.0763863676        0.6518928528        1.0000000000
103.0000        0.0042171825        0.0023890637        0.0022894273        0.0021603795        0.2039985670        0.0261834255        0.0440806583        0.0795977640        0.6350835321        1.0000000000
103.5000        0.0047103506        0.0026017901        0.0024978051        0.0023627408        0.2139099911        0.0268648749        0.0455179345        0.0826519028        0.6188826101        1.0000000000
104.0000        0.0052559924        0.0028267326        0.0027197601        0.0025798369        0.2233477203        0.0275136234        0.0468850011        0.0855483211        0.6033230122        1.0000000000
104.5000        0.0058599729        0.0030641042        0.0029559645        0.0028127170        0.2322721773        0.0281331373        0.0481857799        0.0882892084        0.5884269385        1.0000000000
105.0000        0.0065288058        0.0033140356        0.0032070966        0.0030625077        0.2406499008        0.0287268426        0.0494246875        0.0908789623        0.5742071612        1.0000000000
105.5000        0.0072696911        0.0035765534        0.0034738303        0.0033304124        0.2484528781        0.0292980776        0.0506064711        0.0933237518        0.5606683342        1.0000000000
106.0000        0.0080905444        0.0038515568        0.0037568216        0.0036177100        0.2556578758        0.0298500565        0.0517360681        0.0956311057        0.5478082612        1.0000000000
106.5000        0.0090000089        0.0041387933        0.0040566927        0.0039257501        0.2622458017        0.0303858449        0.0528184887        0.0978095370        0.5356190825        1.0000000000
107.0000        0.0100074470        0.0044378339        0.0043740132        0.0042559466        0.2682011277        0.0309083429        0.0538587200        0.0998682107        0.5240883580        1.0000000000
107.5000        0.0111229013        0.0047480496        0.0047092784        0.0046097672        0.2735113923        0.0314202753        0.0548616491        0.1018166567        0.5132000302        1.0000000000
108.0000        0.0123570191        0.0050685907        0.0050628848        0.0049887198        0.2781667992        0.0319241863        0.0558320032        0.1036645296        0.5029352674        1.0000000000
108.5000        0.0137209291        0.0053983720        0.0054351037        0.0053943339        0.2821599230        0.0324224383        0.0567743046        0.1054214107        0.4932731848        1.0000000000
109.0000        0.0152260616        0.0057360639        0.0058260531        0.0058281374        0.2854855282        0.0329172136        0.0576928373        0.1070966508        0.4841914542        1.0000000000
109.5000        0.0168839043        0.0060800945        0.0062356689        0.0062916281        0.2881405065        0.0334105178        0.0585916238        0.1086992470        0.4756668091        1.0000000000
110.0000        0.0187056858        0.0064286627        0.0066636771        0.0067862387        0.2901239320        0.0339041841        0.0594744103        0.1102377517        0.4676754577        1.0000000000
110.5000        0.0207019845        0.0067797646        0.0071095673        0.0073132971        0.2914372296        0.0343998791        0.0603446580        0.1117202062        0.4601934137        1.0000000000
111.0000        0.0228822629        0.0071312341        0.0075725717        0.0078739799        0.2920844481        0.0348991087        0.0612055398        0.1131540969        0.4531967579        1.0000000000
111.5000        0.0252543380        0.0074807971        0.0080516489        0.0084692616        0.2920726225        0.0354032237        0.0620599408        0.1145463279        0.4466618395        1.0000000000
112.0000        0.0278238018        0.0078261374        0.0085454763        0.0090998590        0.2914122017        0.0359134259        0.0629104613        0.1159032091        0.4405654277        1.0000000000
112.5000        0.0305934199        0.0081649704        0.0090524525        0.0097661737        0.2901175116        0.0364307735        0.0637594225        0.1172304537        0.4348848220        1.0000000000
113.0000        0.0335625413        0.0084951226        0.0095707112        0.0104682345        0.2882072156        0.0369561868        0.0646088734        0.1185331856        0.4295979289        1.0000000000
113.5000        0.0367265625        0.0088146075        0.0100981471        0.0112056417        0.2857047259        0.0374904527        0.0654605987        0.1198159521        0.4246833118        1.0000000000
114.0000        0.0400764940        0.0091216972        0.0106324548        0.0119775185        0.2826385183        0.0380342297        0.0663161272        0.1210827415        0.4201202188        1.0000000000
114.5000        0.0435986759        0.0094149798        0.0111711793        0.0127824719        0.2790423010        0.0385880519        0.0671767409        0.1223370045        0.4158885948        1.0000000000
115.0000        0.0472746868        0.0096934025        0.0117117763        0.0136185673        0.2749549927        0.0391523332        0.0680434840        0.1235816767        0.4119690806        1.0000000000
115.5000        0.0510814777        0.0099562943        0.0122516794        0.0144833216        0.2704204777        0.0397273706        0.0689171719        0.1248192035        0.4083430032        1.0000000000
116.0000        0.0549917473        0.0102033707        0.0127883715        0.0153737162        0.2654871216        0.0403133478        0.0697984008        0.1260515656        0.4049923586        1.0000000000
116.5000        0.0589745537        0.0104347184        0.0133194550        0.0162862343        0.2602070485        0.0409103382        0.0706875560        0.1272803038        0.4018997920        1.0000000000
117.0000        0.0629961379        0.0106507655        0.0138427183        0.0172169205        0.2546352081        0.0415183083        0.0715848216        0.1285065459        0.3990485739        1.0000000000
117.5000        0.0670209115        0.0108522380        0.0143561933        0.0181614646        0.2488282757        0.0421371201        0.0724901889        0.1297310311        0.3964225767        1.0000000000
118.0000        0.0710125482        0.0110401091        0.0148582024        0.0191153040        0.2428434491        0.0427665347        0.0734034657        0.1309541362        0.3940062504        1.0000000000
118.5000        0.0749351075        0.0112155446        0.0153473908        0.0200737420        0.2367372143        0.0434062148        0.0743242852        0.1321759003        0.3917846004        1.0000000000
119.0000        0.0787541191        0.0113798478        0.0158227460        0.0210320744        0.2305641543        0.0440557279        0.0752521148        0.1333960497        0.3897431661        1.0000000000
119.5000        0.0824375642        0.0115344081        0.0162836010        0.0219857178        0.2243758688        0.0447145497        0.0761862658        0.1346140222        0.3878680024        1.0000000000
120.0000        0.0859566998        0.0116806545        0.0167296258        0.0229303333        0.2182200608        0.0453820671        0.0771259027        0.1358289919        0.3861456640        1.0000000000
120.5000        0.0892866946        0.0118200165        0.0171608067        0.0238619359        0.2121398260        0.0460575825        0.0780700527        0.1370398932        0.3845631920        1.0000000000
121.0000        0.0924070572        0.0119538916        0.0175774163        0.0247769868        0.2061731662        0.0467403172        0.0790176160        0.1382454446        0.3831081040        1.0000000000
121.5000        0.0953018600        0.0120836204        0.0179799782        0.0256724631        0.2003527249        0.0474294162        0.0799673764        0.1394441736        0.3817683870        1.0000000000
122.0000        0.0979597734        0.0122104695        0.0183692271        0.0265459021        0.1947057307        0.0481239522        0.0809180118        0.1406344401        0.3805324931        1.0000000000
122.5000        0.1003739351        0.0123356186        0.0187460677        0.0273954209        0.1892541208        0.0488229315        0.0818681056        0.1418144610        0.3793893388        1.0000000000
123.0000        0.1025416886        0.0124601548        0.0191115346        0.0282197128        0.1840148119        0.0495252986        0.0828161584        0.1429823342        0.3783283061        1.0000000000
123.5000        0.1044642211        0.0125850695        0.0194667544        0.0290180221        0.1790000798        0.0502299428        0.0837606003        0.1441360634        0.3773392467        1.0000000000
124.0000        0.1061461358        0.0127112592        0.0198129109        0.0297901033        0.1742180131        0.0509357043        0.0846998033        0.1452735819        0.3764124882        1.0000000000
124.5000        0.1075949869        0.0128395287        0.0201512149        0.0305361671        0.1696730074        0.0516413804        0.0856320947        0.1463927775        0.3755388424        1.0000000000
125.0000        0.1088208007        0.0129705959        0.0204828782        0.0312568181        0.1653662721        0.0523457336        0.0865557699        0.1474915167        0.3747096147        1.0000000000
125.5000        0.1098356041        0.0131050974        0.0208090917        0.0319529897        0.1612963276        0.0530474984        0.0874691070        0.1485676687        0.3739166155        1.0000000000
126.0000        0.1106529724        0.0132435945        0.0211310087        0.0326258767        0.1574594765        0.0537453896        0.0883703800        0.1496191300        0.3731521715        1.0000000000
126.5000        0.1112876081        0.0133865803        0.0214497312        0.0332768724        0.1538502373        0.0544381105        0.0892578738        0.1506438475        0.3724091388        1.0000000000
127.0000        0.1117549565        0.0135344856        0.0217662999        0.0339075084        0.1504617335        0.0551243614        0.0901298983        0.1516398421        0.3716809144        1.0000000000
127.5000        0.1120708590        0.0136876849        0.0220816877        0.0345194011        0.1472860362        0.0558028486        0.0909848028        0.1526052310        0.3709614487        1.0000000000
128.0000        0.1122512484        0.0138465023        0.0223967945        0.0351142050        0.1443144588        0.0564722934        0.0918209907        0.1535382502        0.3702452566        1.0000000000
128.5000        0.0000024819        0.0159000631        0.0256913976        0.0402871670        0.1595507890        0.0642857601        0.1042650020        0.1738688426        0.4161484969        1.0000000000
129.0000        0.0000284101        0.0163656310        0.0262893835        0.0410906307        0.1568016942        0.0648364846        0.1049412863        0.1745942935        0.4150521862        1.0000000000
129.5000        0.0000780112        0.0168132883        0.0268568023        0.0418395941        0.1541227633        0.0653801205        0.1056066052        0.1753046230        0.4139981920        1.0000000000
130.0000        0.0001463001        0.0172435922        0.0273948910        0.0425365758        0.1515179206        0.0659166282        0.1062609187        0.1759998115        0.4129833619        1.0000000000
130.5000        0.0002290067        0.0176571624        0.0279049689        0.0431842524        0.1489900360        0.0664459517        0.1069041604        0.1766797976        0.4120046640        1.0000000000
131.0000        0.0003225248        0.0180546635        0.0283884108        0.0437854000        0.1465410744        0.0669680192        0.1075362388        0.1773444831        0.4110591854        1.0000000000
131.5000        0.0004238579        0.0184367916        0.0288466235        0.0443428449        0.1441722303        0.0674827436        0.1081570397        0.1779937373        0.4101441312        1.0000000000
132.0000        0.0005305644        0.0188042609        0.0292810267        0.0448594221        0.1418840485        0.0679900228        0.1087664279        0.1786274020        0.4092568248        1.0000000000
132.5000        0.0006407025        0.0191577946        0.0296930365        0.0453379412        0.1396765297        0.0684897409        0.1093642494        0.1792452965        0.4083947088        1.0000000000
133.0000        0.0007527761        0.0194981156        0.0300840524        0.0457811595        0.1375492244        0.0689817687        0.1099503340        0.1798472227        0.4075553464        1.0000000000
133.5000        0.0008656822        0.0198259403        0.0304554463        0.0461917600        0.1355013130        0.0694659653        0.1105244982        0.1804329704        0.4067364243        1.0000000000
134.0000        0.0009786592        0.0201419720        0.0308085542        0.0465723348        0.1335316759        0.0699421788        0.1110865473        0.1810023228        0.4059357549        1.0000000000
134.5000        0.0010912373        0.0204468972        0.0311446692        0.0469253731        0.1316389534        0.0704102482        0.1116362794        0.1815550622        0.4051512799        1.0000000000
135.0000        0.0012031919        0.0207413813        0.0314650368        0.0472532519        0.1298215963        0.0708700047        0.1121734878        0.1820909755        0.4043810737        1.0000000000
135.5000        0.0013144971        0.0210260664        0.0317708509        0.0475582308        0.1280779089        0.0713212735        0.1126979649        0.1826098602        0.4036233475        1.0000000000
136.0000        0.0014252839        0.0213015687        0.0320632513        0.0478424480        0.1264060852        0.0717638754        0.1132095053        0.1831115299        0.4028764522        1.0000000000
136.5000        0.0015357987        0.0215684776        0.0323433225        0.0481079197        0.1248042393        0.0721976296        0.1137079098        0.1835958200        0.4021388828        1.0000000000
137.0000        0.0016463660        0.0218273539        0.0326120920        0.0483565396        0.1232704300        0.0726223550        0.1141929888        0.1840625934        0.4014092812        1.0000000000
137.5000        0.0017573519        0.0220787302        0.0328705310        0.0485900811        0.1218026815        0.0730378729        0.1146645663        0.1845117458        0.4006864393        1.0000000000
138.0000        0.0018691324        0.0223231098        0.0331195541        0.0488101992        0.1203990003        0.0734440092        0.1151224831        0.1849432108        0.3999693011        1.0000000000
138.5000        0.0000001551        0.0226138200        0.0334356505        0.0491254553        0.1193072660        0.0739806128        0.1157878102        0.1857150014        0.4000342287        1.0000000000
139.0000        0.0000028816        0.0228750622        0.0337029047        0.0493596701        0.1180762333        0.0743551563        0.1162055145        0.1861012661        0.3993213111        1.0000000000
139.5000        0.0000089503        0.0231299797        0.0339615809        0.0495819613        0.1168955244        0.0747208662        0.1166111186        0.1864728941        0.3986171245        1.0000000000
140.0000        0.0000183245        0.0233788774        0.0342122930        0.0497934938        0.1157635531        0.0750777370        0.1170046692        0.1868300322        0.3979210199        1.0000000000
140.5000        0.0000309992        0.0236220376        0.0344556123        0.0499953475        0.1146787559        0.0754257646        0.1173862179        0.1871728400        0.3972324250        1.0000000000
141.0000        0.0000469870        0.0238597204        0.0346920696        0.0501885215        0.1136395962        0.0757649466        0.1177558233        0.1875014913        0.3965508441        1.0000000000
141.5000        0.0000663043        0.0240921650        0.0349221563        0.0503739376        0.1126445669        0.0760952834        0.1181135519        0.1878161764        0.3958758582        1.0000000000
142.0000        0.0000889583        0.0243195901        0.0351463262        0.0505524448        0.1116921934        0.0764167791        0.1184594799        0.1881171040        0.3952071243        1.0000000000
142.5000        0.0001149363        0.0245421952        0.0353649973        0.0507248227        0.1107810340        0.0767294425        0.1187936944        0.1884045027        0.3945443746        1.0000000000
143.0000        0.0001441948        0.0247601620        0.0355785538        0.0508917857        0.1099096818        0.0770332881        0.1191162951        0.1886786229        0.3938874158        1.0000000000
143.5000        0.0001766517        0.0249736546        0.0357873470        0.0510539861        0.1090767642        0.0773283370        0.1194273951        0.1889397375        0.3932361268        1.0000000000
144.0000        0.0002121781        0.0251828214        0.0359916980        0.0512120181        0.1082809431        0.0776146181        0.1197271229        0.1891881432        0.3925904570        1.0000000000
144.5000        0.0002505936        0.0253877957        0.0361918985        0.0513664208        0.1075209146        0.0778921692        0.1200156226        0.1894241614        0.3919504235        1.0000000000
145.0000        0.0002916616        0.0255886970        0.0363882129        0.0515176816        0.1067954080        0.0781610374        0.1202930558        0.1896481379        0.3913161078        1.0000000000
145.5000        0.0003350874        0.0257856320        0.0365808797        0.0516662389        0.1061031851        0.0784212807        0.1205596013        0.1898604432        0.3906876517        1.0000000000
146.0000        0.0003805173        0.0259786952        0.0367701129        0.0518124853        0.1054430391        0.0786729685        0.1208154565        0.1900614724        0.3900652529        1.0000000000
146.5000        0.0004275401        0.0261679705        0.0369561035        0.0519567699        0.1048137934        0.0789161821        0.1210608373        0.1902516434        0.3894491598        1.0000000000
147.0000        0.0004756900        0.0263535317        0.0371390207        0.0520994011        0.1042143002        0.0791510157        0.1212959783        0.1904313965        0.3888396658        1.0000000000
147.5000        0.0005244511        0.0265354435        0.0373190133        0.0522406488        0.1036434396        0.0793775767        0.1215211322        0.1906011921        0.3882371027        1.0000000000
148.0000        0.0005732642        0.0267137622        0.0374962109        0.0523807462        0.1031001177        0.0795959859        0.1217365699        0.1907615088        0.3876418341        1.0000000000
148.5000        0.0006215342        0.0268885366        0.0376707249        0.0525198927        0.1025832658        0.0798063780        0.1219425793        0.1909128407        0.3870542478        1.0000000000
149.0000        0.0006686398        0.0270598088        0.0378426495        0.0526582549        0.1020918392        0.0800089010        0.1221394640        0.1910556943        0.3864747485        1.0000000000
149.5000        0.0007139442        0.0272276146        0.0380120629        0.0527959691        0.1016248153        0.0802037164        0.1223275423        0.1911905855        0.3859037496        1.0000000000
150.0000        0.0007568069        0.0273919843        0.0381790281        0.0529331426        0.1011811932        0.0803909986        0.1225071453        0.1913180355        0.3853416655        1.0000000000
150.5000        0.0007965958        0.0275529434        0.0383435936        0.0530698555        0.1007599923        0.0805709343        0.1226786146        0.1914385673        0.3847889033        1.0000000000
151.0000        0.0008327010        0.0277105128        0.0385057945        0.0532061620        0.1003602515        0.0807437213        0.1228423006        0.1915527013        0.3842458548        1.0000000000
151.5000        0.0008645478        0.0278647096        0.0386656534        0.0533420924        0.0999810283        0.0809095679        0.1229985596        0.1916609512        0.3837128897        1.0000000000
152.0000        0.0008916103        0.0280155474        0.0388231807        0.0534776540        0.0996213981        0.0810686913        0.1231477510        0.1917638196        0.3831903477        1.0000000000
152.5000        0.0009134244        0.0281630366        0.0389783757        0.0536128326        0.0992804538        0.0812213159        0.1232902348        0.1918617940        0.3826785322        1.0000000000
153.0000        0.0009296002        0.0283071850        0.0391312271        0.0537475944        0.0989573054        0.0813676722        0.1234263685        0.1919553425        0.3821777049        1.0000000000
153.5000        0.0009398330        0.0284479980        0.0392817139        0.0538818866        0.0986510796        0.0815079943        0.1235565040        0.1920449098        0.3816880808        1.0000000000
154.0000        0.0009439137        0.0285854792        0.0394298060        0.0540156394        0.0983609200        0.0816425186        0.1236809849        0.1921309141        0.3812098241        1.0000000000
154.5000        0.0009417361        0.0287196301        0.0395754649        0.0541487672        0.0980859873        0.0817714814        0.1238001432        0.1922137437        0.3807430461        1.0000000000
155.0000        0.0009333040        0.0288504509        0.0397186446        0.0542811701        0.0978254593        0.0818951167        0.1239142969        0.1922937542        0.3802878034        1.0000000000
155.5000        0.0009187343        0.0289779406        0.0398592917        0.0544127350        0.0975785315        0.0820136545        0.1240237474        0.1923712669        0.3798440981        1.0000000000
156.0000        0.0008982586        0.0291020973        0.0399973472        0.0545433377        0.0973444179        0.0821273184        0.1241287770        0.1924465674        0.3794118786        1.0000000000
156.5000        0.0008722219        0.0292229182        0.0401327461        0.0546728440        0.0971223516        0.0822363240        0.1242296475        0.1925199044        0.3789910424        1.0000000000
157.0000        0.0000009185        0.0293669997        0.0402981151        0.0548421022        0.0969816065        0.0824153673        0.1244359454        0.1927568169        0.3789021284        1.0000000000
157.5000        0.0000045646        0.0294819748        0.0404245185        0.0549602779        0.0967636006        0.0825189945        0.1245301837        0.1928235395        0.3784923458        1.0000000000
158.0000        0.0000108058        0.0295928250        0.0405472064        0.0550763042        0.0965555484        0.0826177968        0.1246197849        0.1928875563        0.3780921722        1.0000000000
158.5000        0.0000194028        0.0296995671        0.0406661728        0.0551901556        0.0963569905        0.0827118953        0.1247049487        0.1929491395        0.3777017276        1.0000000000
159.0000        0.0000300719        0.0298022258        0.0407814177        0.0553018090        0.0961674862        0.0828014154        0.1247858796        0.1930085634        0.3773211310        1.0000000000
159.5000        0.0000424905        0.0299008327        0.0408929474        0.0554112439        0.0959866116        0.0828864875        0.1248627874        0.1930661024        0.3769504966        1.0000000000
160.0000        0.0000563042        0.0299954274        0.0410007745        0.0555184421        0.0958139590        0.0829672472        0.1249358858        0.1931220297        0.3765899302        1.0000000000
160.5000        0.0000711335        0.0300860564        0.0411049179        0.0556233885        0.0956491354        0.0830438352        0.1250053923        0.1931766152        0.3762395256        1.0000000000
161.0000        0.0000865834        0.0301727741        0.0412054029        0.0557260701        0.0954917614        0.0831163974        0.1250715273        0.1932301235        0.3758993599        1.0000000000
161.5000        0.0001022515        0.0302556419        0.0413022611        0.0558264769        0.0953414699        0.0831850845        0.1251345124        0.1932828116        0.3755694902        1.0000000000
162.0000        0.0001177380        0.0303347283        0.0413955302        0.0559246010        0.0951979052        0.0832500518        0.1251945694        0.1933349264        0.3752499497        1.0000000000
162.5000        0.0001326554        0.0304101088        0.0414852536        0.0560204364        0.0950607220        0.0833114583        0.1252519187        0.1933867021        0.3749407447        1.0000000000
163.0000        0.0001466376        0.0304818652        0.0415714804        0.0561139795        0.0949295841        0.0833694658        0.1253067777        0.1934383584        0.3746418512        1.0000000000
163.5000        0.0001593495        0.0305500857        0.0416542648        0.0562052279        0.0948041638        0.0834242387        0.1253593586        0.1934900975        0.3743532134        1.0000000000
164.0000        0.0001704949        0.0306148642        0.0417336661        0.0562941807        0.0946841409        0.0834759418        0.1254098672        0.1935421025        0.3740747416        1.0000000000
164.5000        0.0001798244        0.0306762999        0.0418097477        0.0563808380        0.0945692022        0.0835247402        0.1254585006        0.1935945353        0.3738063116        1.0000000000
165.0000        0.0001871414        0.0307344969        0.0418825773        0.0564652005        0.0944590406        0.0835707973        0.1255054455        0.1936475354        0.3735477650        1.0000000000
165.5000        0.0001923071        0.0307895635        0.0419522257        0.0565472697        0.0943533551        0.0836142736        0.1255508770        0.1937012186        0.3732989096        1.0000000000
166.0000        0.0001952435        0.0308416118        0.0420187668        0.0566270468        0.0942518500        0.0836553257        0.1255949565        0.1937556767        0.3730595221        1.0000000000
166.5000        0.0001959350        0.0308907569        0.0420822769        0.0567045334        0.0941542353        0.0836941043        0.1256378311        0.1938109773        0.3728293497        1.0000000000
167.0000        0.0001944282        0.0309371163        0.0421428342        0.0567797306        0.0940602261        0.0837307539        0.1256796321        0.1938671641        0.3726081145        1.0000000000
167.5000        0.0001908292        0.0309808093        0.0422005181        0.0568526392        0.0939695433        0.0837654106        0.1257204748        0.1939242583        0.3723955171        1.0000000000
168.0000        0.0001853001        0.0310219565        0.0422554088        0.0569232596        0.0938819135        0.0837982020        0.1257604583        0.1939822596        0.3721912415        1.0000000000
168.5000        0.0001780529        0.0310606787        0.0423075869        0.0569915916        0.0937970695        0.0838292457        0.1257996652        0.1940411490        0.3719949604        1.0000000000
169.0000        0.0001693422        0.0310970965        0.0423571329        0.0570576348        0.0937147512        0.0838586492        0.1258381625        0.1941008904        0.3718063404        1.0000000000
169.5000        0.0001594566        0.0311313295        0.0424041265        0.0571213884        0.0936347058        0.0838865093        0.1258760021        0.1941614340        0.3716250478        1.0000000000
170.0000        0.0001487090        0.0311634960        0.0424486465        0.0571828515        0.0935566893        0.0839129120        0.1259132226        0.1942227194        0.3714507537        1.0000000000
170.5000        0.0001374261        0.0311937120        0.0424907704        0.0572420235        0.0934804667        0.0839379329        0.1259498504        0.1942846787        0.3712831392        1.0000000000
171.0000        0.0001259377        0.0312220906        0.0425305744        0.0572989044        0.0934058135        0.0839616373        0.1259859017        0.1943472400        0.3711219003        1.0000000000
171.5000        0.0001145660        0.0312487419        0.0425681325        0.0573534950        0.0933325165        0.0839840814        0.1260213847        0.1944103308        0.3709667512        1.0000000000
172.0000        0.0001036148        0.0312737722        0.0426035173        0.0574057979        0.0932603749        0.0840053128        0.1260563018        0.1944738808        0.3708174275        1.0000000000
172.5000        0.0000933605        0.0312972836        0.0426367992        0.0574558176        0.0931892016        0.0840253720        0.1260906516        0.1945378252        0.3706736886        1.0000000000
173.0000        0.0000840432        0.0313193739        0.0426680470        0.0575035613        0.0931188239        0.0840442937        0.1261244319        0.1946021068        0.3705353183        1.0000000000
173.5000        0.0000758599        0.0313401359        0.0426973275        0.0575490394        0.0930490848        0.0840621085        0.1261576411        0.1946666782        0.3704021247        1.0000000000
174.0000        0.0000689590        0.0313596578        0.0427247062        0.0575922665        0.0929798435        0.0840788441        0.1261902808        0.1947315029        0.3702739392        1.0000000000
174.5000        0.0000634375        0.0313780225        0.0427502471        0.0576332617        0.0929109766        0.0840945272        0.1262223574        0.1947965559        0.3701506141        1.0000000000
175.0000        0.0000593390        0.0313953081        0.0427740136        0.0576720492        0.0928423784        0.0841091850        0.1262538833        0.1948618241        0.3700320193        1.0000000000
175.5000        0.0000566551        0.0314115875        0.0427960680        0.0577086596        0.0927739612        0.0841228469        0.1262848783        0.1949273052        0.3699180382        1.0000000000
176.0000        0.0000553279        0.0314269287        0.0428164728        0.0577431295        0.0927056559        0.0841355454        0.1263153698        0.1949930066        0.3698085634        1.0000000000
176.5000        0.0000552547        0.0314413951        0.0428352906        0.0577755029        0.0926374118        0.0841473176        0.1263453930        0.1950589432        0.3697034911        1.0000000000
177.0000        0.0000562949        0.0314550456        0.0428525846        0.0578058309        0.0925691961        0.0841582056        0.1263749906        0.1951251351        0.3696027166        1.0000000000
177.5000        0.0000582775        0.0314679350        0.0428684193        0.0578341726        0.0925009937        0.0841682573        0.1264042117        0.1951916045        0.3695061285        1.0000000000
178.0000        0.0000610099        0.0314801141        0.0428828604        0.0578605947        0.0924328063        0.0841775267        0.1264331104        0.1952583729        0.3694136046        1.0000000000
178.5000        0.0000642876        0.0314916305        0.0428959760        0.0578851721        0.0923646514        0.0841860733        0.1264617442        0.1953254575        0.3693250075        1.0000000000
179.0000        0.0000679040        0.0315025289        0.0429078359        0.0579079873        0.0922965606        0.0841939615        0.1264901719        0.1953928680        0.3692401819        1.0000000000
179.5000        0.0000716597        0.0315128512        0.0429185128        0.0579291305        0.0922285788        0.0842012603        0.1265184511        0.1954606037        0.3691589520        1.0000000000
180.0000        0.0000753708        0.0315226376        0.0429280817        0.0579486987        0.0921607618        0.0842080413        0.1265466359        0.1955286507        0.3690811214        1.0000000000
180.5000        0.0000788773        0.0315319262        0.0429366207        0.0579667956        0.0920931745        0.0842143779        0.1265747744        0.1955969803        0.3690064730        1.0000000000
181.0000        0.0000820484        0.0315407542        0.0429442103        0.0579835304        0.0920258890        0.0842203431        0.1266029065        0.1956655468        0.3689347713        1.0000000000
181.5000        0.0000000023        0.0315516935        0.0429546784        0.0580043056        0.0919673755        0.0842333442        0.1266418547        0.1957505927        0.3688961531        1.0000000000
182.0000        0.0000000395        0.0315594303        0.0429611952        0.0580201082        0.0919030549        0.0842395783        0.1266704004        0.1958187602        0.3688274330        1.0000000000
182.5000        0.0000001098        0.0315669774        0.0429671891        0.0580349603        0.0918390918        0.0842455174        0.1266987310        0.1958866459        0.3687607773        1.0000000000
183.0000        0.0000001991        0.0315743697        0.0429727256        0.0580489390        0.0917755107        0.0842511856        0.1267268362        0.1959541945        0.3686960395        1.0000000000
183.5000        0.0000002946        0.0315816381        0.0429778672        0.0580621211        0.0917123403        0.0842566056        0.1267547044        0.1960213505        0.3686330783        1.0000000000
184.0000        0.0000003862        0.0315888097        0.0429826733        0.0580745824        0.0916496121        0.0842617982        0.1267823220        0.1960880583        0.3685717578        1.0000000000
184.5000        0.0000004664        0.0315959080        0.0429872005        0.0580863979        0.0915873608        0.0842667826        0.1268096738        0.1961542624        0.3685119476        1.0000000000
185.0000        0.0000005307        0.0316029529        0.0429915021        0.0580976414        0.0915256233        0.0842715760        0.1268367427        0.1962199072        0.3684535235        1.0000000000
185.5000        0.0000005776        0.0316099610        0.0429956287        0.0581083853        0.0914644383        0.0842761937        0.1268635098        0.1962849379        0.3683963678        1.0000000000
186.0000        0.0000006081        0.0316169458        0.0429996275        0.0581187002        0.0914038458        0.0842806488        0.1268899542        0.1963492999        0.3683403696        1.0000000000
186.5000        0.0000006260        0.0316239176        0.0430035428        0.0581286549        0.0913438870        0.0842849523        0.1269160536        0.1964129400        0.3682854259        1.0000000000
187.0000        0.0000006365        0.0316308840        0.0430074155        0.0581383162        0.0912846033        0.0842891128        0.1269417839        0.1964758063        0.3682314417        1.0000000000
187.5000        0.0000006463        0.0316378499        0.0430112836        0.0581477483        0.0912260359        0.0842931367        0.1269671196        0.1965378489        0.3681783307        1.0000000000
188.0000        0.0000006625        0.0316448178        0.0430151818        0.0581570129        0.0911682260        0.0842970283        0.1269920345        0.1965990204        0.3681260158        1.0000000000
188.5000        0.0000006921        0.0316517877        0.0430191416        0.0581661689        0.0911112137        0.0843007895        0.1270165013        0.1966592763        0.3680744291        1.0000000000
189.0000        0.0000007410        0.0316587575        0.0430231912        0.0581752721        0.0910550382        0.0843044202        0.1270404923        0.1967185753        0.3680235124        1.0000000000
189.5000        0.0000008136        0.0316657231        0.0430273555        0.0581843751        0.0909997371        0.0843079184        0.1270639801        0.1967768804        0.3679732168        1.0000000000
190.0000        0.0000009122        0.0316726785        0.0430316564        0.0581935271        0.0909453465        0.0843112806        0.1270869375        0.1968341584        0.3679235029        1.0000000000
190.5000        0.0000010367        0.0316796161        0.0430361120        0.0582027738        0.0908919007        0.0843145014        0.1271093381        0.1968903808        0.3678743404        1.0000000000
191.0000        0.0000011843        0.0316865266        0.0430407375        0.0582121571        0.0908394320        0.0843175747        0.1271311568        0.1969455238        0.3678257071        1.0000000000
191.5000        0.0000013497        0.0316933990        0.0430455447        0.0582217155        0.0907879708        0.0843204932        0.1271523702        0.1969995682        0.3677775887        1.0000000000
192.0000        0.0000015253        0.0317002213        0.0430505421        0.0582314833        0.0907375454        0.0843232492        0.1271729564        0.1970524995        0.3677299776        1.0000000000
192.5000        0.0000017015        0.0317069800        0.0430557350        0.0582414913        0.0906881819        0.0843258345        0.1271928959        0.1971043079        0.3676828720        1.0000000000
193.0000        0.0000018676        0.0317136606        0.0430611254        0.0582517666        0.0906399049        0.0843282412        0.1272121713        0.1971549875        0.3676362750        1.0000000000
193.5000        0.0000020124        0.0317202474        0.0430667125        0.0582623324        0.0905927366        0.0843304615        0.1272307676        0.1972045363        0.3675901934        1.0000000000
194.0000        0.0000021249        0.0317267239        0.0430724923        0.0582732086        0.0905466979        0.0843324879        0.1272486718        0.1972529557        0.3675446370        1.0000000000
194.5000        0.0000021955        0.0317330727        0.0430784579        0.0582844115        0.0905018079        0.0843343140        0.1272658735        0.1973002499        0.3674996172        1.0000000000
195.0000        0.0000022166        0.0317392757        0.0430846000        0.0582959542        0.0904580842        0.0843359336        0.1272823639        0.1973464253        0.3674551466        1.0000000000
195.5000        0.0000021831        0.0317453143        0.0430909066        0.0583078467        0.0904155432        0.0843373416        0.1272981362        0.1973914902        0.3674112381        1.0000000000
196.0000        0.0000020935        0.0317511692        0.0430973634        0.0583200963        0.0903742002        0.0843385335        0.1273131848        0.1974354540        0.3673679050        1.0000000000
196.5000        0.0000019499        0.0317568210        0.0431039541        0.0583327074        0.0903340692        0.0843395056        0.1273275056        0.1974783270        0.3673251602        1.0000000000
197.0000        0.0000017579        0.0317622500        0.0431106606        0.0583456825        0.0902951634        0.0843402546        0.1273410949        0.1975201200        0.3672830163        1.0000000000
197.5000        0.0000015268        0.0317674365        0.0431174630        0.0583590214        0.0902574949        0.0843407775        0.1273539498        0.1975608441        0.3672414859        1.0000000000
198.0000        0.0000012690        0.0317723608        0.0431243405        0.0583727226        0.0902210752        0.0843410717        0.1273660674        0.1976005106        0.3672005822        1.0000000000
198.5000        0.0000009995        0.0317770037        0.0431312709        0.0583867824        0.0901859146        0.0843411344        0.1273774451        0.1976391308        0.3671603186        1.0000000000
199.0000        0.0000007346        0.0317813463        0.0431382316        0.0584011959        0.0901520223        0.0843409625        0.1273880798        0.1976767167        0.3671207103        1.0000000000
199.5000        0.0000004911        0.0317853704        0.0431451993        0.0584159568        0.0901194066        0.0843405526        0.1273979685        0.1977132806        0.3670817740        1.0000000000
200.0000        0.0000002852        0.0317890586        0.0431521506        0.0584310579        0.0900880744        0.0843399005        0.1274071081        0.1977488359        0.3670435286        1.0000000000
200.5000        0.0000001313        0.0317923947        0.0431590623        0.0584464906        0.0900580311        0.0843390014        0.1274154954        0.1977833974        0.3670059959        1.0000000000
201.0000        0.0000000408        0.0317953634        0.0431659111        0.0584622455        0.0900292803        0.0843378498        0.1274231274        0.1978169813        0.3669692004        1.0000000000
201.5000        0.0000000213        0.0317979508        0.0431726746        0.0584783124        0.0900018238        0.0843364395        0.1274300016        0.1978496062        0.3669331697        1.0000000000
202.0000        0.0000000761        0.0318001448        0.0431793308        0.0584946801        0.0899756613        0.0843347634        0.1274361165        0.1978812930        0.3668979341        1.0000000000
202.5000        0.0000002034        0.0318019345        0.0431858585        0.0585113363        0.0899507898        0.0843328143        0.1274414715        0.1979120654        0.3668635263        1.0000000000
203.0000        0.0000003965        0.0318033111        0.0431922376        0.0585282681        0.0899272039        0.0843305845        0.1274460678        0.1979419496        0.3668299808        1.0000000000
203.5000        0.0000006442        0.0318042674        0.0431984488        0.0585454613        0.0899048954        0.0843280664        0.1274499083        0.1979709748        0.3667973333        1.0000000000
204.0000        0.0000009313        0.0318047983        0.0432044737        0.0585629008        0.0898838531        0.0843252525        0.1274529982        0.1979991727        0.3667656193        1.0000000000
204.5000        0.0000012395        0.0318049005        0.0432102951        0.0585805702        0.0898640629        0.0843221363        0.1274553448        0.1980265771        0.3667348736        1.0000000000
205.0000        0.0000015486        0.0318045728        0.0432158967        0.0585984518        0.0898455073        0.0843187119        0.1274569581        0.1980532239        0.3667051289        1.0000000000
205.5000        0.0000018383        0.0318038157        0.0432212632        0.0586165268        0.0898281663        0.0843149745        0.1274578503        0.1980791500        0.3666764150        1.0000000000
206.0000        0.0000020890        0.0318026317        0.0432263800        0.0586347750        0.0898120166        0.0843109209        0.1274580358        0.1981043931        0.3666487580        1.0000000000
206.5000        0.0000022836        0.0318010252        0.0432312334        0.0586531748        0.0897970323        0.0843065493        0.1274575313        0.1981289907        0.3666221794        1.0000000000
207.0000        0.0000024087        0.0317990020        0.0432358105        0.0586717036        0.0897831853        0.0843018594        0.1274563550        0.1981529796        0.3665966958        1.0000000000
207.5000        0.0000024556        0.0317965697        0.0432400989        0.0586903372        0.0897704450        0.0842968528        0.1274545265        0.1981763954        0.3665723188        1.0000000000
208.0000        0.0000024210        0.0317937371        0.0432440870        0.0587090508        0.0897587790        0.0842915323        0.1274520662        0.1981992716        0.3665490549        1.0000000000
208.5000        0.0000023072        0.0317905144        0.0432477635        0.0587278184        0.0897481538        0.0842859022        0.1274489948        0.1982216397        0.3665269060        1.0000000000
209.0000        0.0000021223        0.0317869126        0.0432511177        0.0587466133        0.0897385346        0.0842799677        0.1274453330        0.1982435286        0.3665058701        1.0000000000
209.5000        0.0000018793        0.0317829440        0.0432541394        0.0587654088        0.0897298860        0.0842737350        0.1274411010        0.1982649649        0.3664859417        1.0000000000
210.0000        0.0000015952        0.0317786211        0.0432568191        0.0587841775        0.0897221725        0.0842672106        0.1274363180        0.1982859727        0.3664671133        1.0000000000
210.5000        0.0000012900        0.0317739574        0.0432591477        0.0588028927        0.0897153587        0.0842604013        0.1274310024        0.1983065740        0.3664493759        1.0000000000
211.0000        0.0000009850        0.0317689666        0.0432611169        0.0588215277        0.0897094095        0.0842533137        0.1274251713        0.1983267893        0.3664327201        1.0000000000
211.5000        0.0000007012        0.0317636628        0.0432627192        0.0588400570        0.0897042908        0.0842459539        0.1274188406        0.1983466378        0.3664171367        1.0000000000
212.0000        0.0000004578        0.0317580603        0.0432639480        0.0588584559        0.0896999689        0.0842383276        0.1274120255        0.1983661385        0.3664026176        1.0000000000
212.5000        0.0000002706        0.0317521736        0.0432647979        0.0588767010        0.0896964114        0.0842304395        0.1274047403        0.1983853099        0.3663891557        1.0000000000
213.0000        0.0000001510        0.0317460172        0.0432652647        0.0588947708        0.0896935869        0.0842222939        0.1273969990        0.1984041713        0.3663767454        1.0000000000
213.5000        0.0000001048        0.0317396059        0.0432653455        0.0589126450        0.0896914645        0.0842138942        0.1273888155        0.1984227428        0.3663653818        1.0000000000
214.0000        0.0000001324        0.0317329544        0.0432650391        0.0589303056        0.0896900143        0.0842052434        0.1273802045        0.1984410457        0.3663550606        1.0000000000
214.5000        0.0000002281        0.0317260777        0.0432643459        0.0589477363        0.0896892071        0.0841963443        0.1273711812        0.1984591022        0.3663457773        1.0000000000
215.0000        0.0000003812        0.0317189909        0.0432632681        0.0589649226        0.0896890136        0.0841871998        0.1273617622        0.1984769356        0.3663375260        1.0000000000
215.5000        0.0000005767        0.0317117094        0.0432618098        0.0589818520        0.0896894048        0.0841778129        0.1273519655        0.1984945701        0.3663302988        1.0000000000
216.0000        0.0000007967        0.0317042488        0.0432599767        0.0589985136        0.0896903514        0.0841681877        0.1273418105        0.1985120298        0.3663240847        1.0000000000
216.5000        0.0000010219        0.0316966251        0.0432577767        0.0590148980        0.0896918237        0.0841583290        0.1273313183        0.1985293385        0.3663188689        1.0000000000
217.0000        0.0000012330        0.0316888548        0.0432552190        0.0590309971        0.0896937911        0.0841482429        0.1273205110        0.1985465189        0.3663146321        1.0000000000
217.5000        0.0000014129        0.0316809544        0.0432523148        0.0590468040        0.0896962224        0.0841379370        0.1273094120        0.1985635919        0.3663113505        1.0000000000
218.0000        0.0000015472        0.0316729412        0.0432490766        0.0590623126        0.0896990854        0.0841274201        0.1272980451        0.1985805762        0.3663089955        1.0000000000
218.5000        0.0000016263        0.0316648325        0.0432455180        0.0590775175        0.0897023471        0.0841167025        0.1272864343        0.1985974875        0.3663075343        1.0000000000
219.0000        0.0000016454        0.0316566460        0.0432416537        0.0590924135        0.0897059736        0.0841057959        0.1272746030        0.1986143382        0.3663069306        1.0000000000
219.5000        0.0000016052        0.0316483995        0.0432374991        0.0591069959        0.0897099305        0.0840947128        0.1272625738        0.1986311376        0.3663071456        1.0000000000
220.0000        0.0000015112        0.0316401108        0.0432330702        0.0591212602        0.0897141833        0.0840834662        0.1272503676        0.1986478917        0.3663081388        1.0000000000
220.5000        0.0000013735        0.0316317974        0.0432283830        0.0591352018        0.0897186975        0.0840720697        0.1272380037        0.1986646034        0.3663098700        1.0000000000
221.0000        0.0000012057        0.0316234768        0.0432234535        0.0591488164        0.0897234389        0.0840605366        0.1272254993        0.1986812733        0.3663122995        1.0000000000
221.5000        0.0000010231        0.0316151655        0.0432182974        0.0591620998        0.0897283747        0.0840488795        0.1272128696        0.1986979004        0.3663153899        1.0000000000
222.0000        0.0000008419        0.0316068798        0.0432129302        0.0591750480        0.0897334731        0.0840371104        0.1272001276        0.1987144825        0.3663191065        1.0000000000
222.5000        0.0000006771        0.0315986345        0.0432073666        0.0591876577        0.0897387043        0.0840252403        0.1271872846        0.1987310170        0.3663234179        1.0000000000
223.0000        0.0000005415        0.0315904438        0.0432016207        0.0591999262        0.0897440406        0.0840132786        0.1271743506        0.1987475020        0.3663282960        1.0000000000
223.5000        0.0000004447        0.0315823204        0.0431957060        0.0592118515        0.0897494568        0.0840012339        0.1271613347        0.1987639364        0.3663337157        1.0000000000
224.0000        0.0000003918        0.0315742755        0.0431896354        0.0592234333        0.0897549304        0.0839891134        0.1271482455        0.1987803204        0.3663396544        1.0000000000
224.5000        0.0000003838        0.0315663193        0.0431834213        0.0592346721        0.0897604414        0.0839769233        0.1271350919        0.1987966558        0.3663460911        1.0000000000
225.0000        0.0000004175        0.0315584600        0.0431770757        0.0592455704        0.0897659726        0.0839646696        0.1271218833        0.1988129458        0.3663530051        1.0000000000
225.5000        0.0000004856        0.0315507048        0.0431706102        0.0592561323        0.0897715094        0.0839523575        0.1271086300        0.1988291948        0.3663603755        1.0000000000
226.0000        0.0000005784        0.0315430591        0.0431640366        0.0592663635        0.0897770393        0.0839399927        0.1270953437        0.1988454075        0.3663681793        1.0000000000
226.5000        0.0000006843        0.0315355272        0.0431573664        0.0592762718        0.0897825517        0.0839275813        0.1270820368        0.1988615889        0.3663763915        1.0000000000
227.0000        0.0000007915        0.0315281123        0.0431506117        0.0592858666        0.0897880376        0.0839151302        0.1270687232        0.1988777429        0.3663849840        1.0000000000
227.5000        0.0000008889        0.0315208164        0.0431437846        0.0592951587        0.0897934891        0.0839026473        0.1270554171        0.1988938722        0.3663939258        1.0000000000
228.0000        0.0000009674        0.0315136407        0.0431368977        0.0593041605        0.0897988987        0.0838901417        0.1270421332        0.1989099770        0.3664031832        1.0000000000
228.5000        0.0000010206        0.0315065859        0.0431299641        0.0593128852        0.0898042593        0.0838776233        0.1270288856        0.1989260554        0.3664127206        1.0000000000
229.0000        0.0000010455        0.0314996521        0.0431229970        0.0593213467        0.0898095637        0.0838651034        0.1270156878        0.1989421024        0.3664225013        1.0000000000
229.5000        0.0000010423        0.0314928392        0.0431160101        0.0593295595        0.0898148045        0.0838525934        0.1270025518        0.1989581105        0.3664324888        1.0000000000
230.0000        0.0000010141        0.0314861469        0.0431090170        0.0593375376        0.0898199734        0.0838401055        0.1269894876        0.1989740698        0.3664426481        1.0000000000
230.5000        0.0000009667        0.0314795747        0.0431020313        0.0593452951        0.0898250622        0.0838276513        0.1269765031        0.1989899685        0.3664529470        1.0000000000
231.0000        0.0000009074        0.0314731223        0.0430950662        0.0593528453        0.0898300619        0.0838152420        0.1269636041        0.1990057938        0.3664633570        1.0000000000
231.5000        0.0000008441        0.0314667892        0.0430881342        0.0593602003        0.0898349636        0.0838028879        0.1269507940        0.1990215326        0.3664738540        1.0000000000
232.0000        0.0000007842        0.0314605752        0.0430812469        0.0593673717        0.0898397587        0.0837905979        0.1269380744        0.1990371723        0.3664844187        1.0000000000
232.5000        0.0000007340        0.0314544795        0.0430744150        0.0593743697        0.0898444389        0.0837783793        0.1269254452        0.1990527018        0.3664950364        1.0000000000
233.0000        0.0000006978        0.0314485016        0.0430676477        0.0593812035        0.0898489974        0.0837662381        0.1269129058        0.1990681119        0.3665056963        1.0000000000
233.5000        0.0000006777        0.0314426402        0.0430609527        0.0593878815        0.0898534284        0.0837541784        0.1269004549        0.1990833956        0.3665163906        1.0000000000
234.0000        0.0000006733        0.0314368939        0.0430543363        0.0593944113        0.0898577282        0.0837422035        0.1268880916        0.1990985486        0.3665271132        1.0000000000
234.5000        0.0000006824        0.0314312605        0.0430478029        0.0594008000        0.0898618953        0.0837303155        0.1268758161        0.1991135685        0.3665378587        1.0000000000
235.0000        0.0000007011        0.0314257371        0.0430413557        0.0594070546        0.0898659303        0.0837185160        0.1268636296        0.1991284548        0.3665486208        1.0000000000
235.5000        0.0000007246        0.0314203199        0.0430349964        0.0594131824        0.0898698362        0.0837068067        0.1268515346        0.1991432080        0.3665593911        1.0000000000
236.0000        0.0000007482        0.0314150044        0.0430287253        0.0594191907        0.0898736185        0.0836951895        0.1268395354        0.1991578289        0.3665701591        1.0000000000
236.5000        0.0000007677        0.0314097850        0.0430225421        0.0594250877        0.0898772845        0.0836836673        0.1268276371        0.1991723175        0.3665809113        1.0000000000
237.0000        0.0000007802        0.0314046554        0.0430164454        0.0594308823        0.0898808431        0.0836722435        0.1268158459        0.1991866726        0.3665916314        1.0000000000
237.5000        0.0000007845        0.0313996088        0.0430104337        0.0594365842        0.0898843046        0.0836609232        0.1268041680        0.1992008912        0.3666023017        1.0000000000
238.0000        0.0000007812        0.0313946376        0.0430045052        0.0594422037        0.0898876799        0.0836497121        0.1267926094        0.1992149678        0.3666129032        1.0000000000
238.5000        0.0000007720        0.0313897338        0.0429986581        0.0594477520        0.0898909798        0.0836386168        0.1267811749        0.1992288950        0.3666234176        1.0000000000
239.0000        0.0000007602        0.0313848896        0.0429928911        0.0594532404        0.0898942150        0.0836276444        0.1267698679        0.1992426631        0.3666338283        1.0000000000
239.5000        0.0000007493        0.0313800971        0.0429872032        0.0594586804        0.0898973951        0.0836168021        0.1267586899        0.1992562613        0.3666441217        1.0000000000
240.0000        0.0000007426        0.0313753488        0.0429815937        0.0594640832        0.0899005283        0.0836060966        0.1267476404        0.1992696781        0.3666542883        1.0000000000
240.5000        0.0000007427        0.0313706378        0.0429760624        0.0594694593        0.0899036217        0.0835955337        0.1267367169        0.1992829024        0.3666643231        1.0000000000
241.0000        0.0000007510        0.0313659579        0.0429706095        0.0594748181        0.0899066806        0.0835851182        0.1267259150        0.1992959243        0.3666742255        1.0000000000
241.5000        0.0000007669        0.0313613039        0.0429652349        0.0594801680        0.0899097090        0.0835748529        0.1267152293        0.1993087359        0.3666839991        1.0000000000
242.0000        0.0000007887        0.0313566716        0.0429599389        0.0594855153        0.0899127097        0.0835647395        0.1267046539        0.1993213319        0.3666936505        1.0000000000
242.5000        0.0000008129        0.0313520575        0.0429547210        0.0594908649        0.0899156848        0.0835547779        0.1266941829        0.1993337096        0.3667031884        1.0000000000
243.0000        0.0000008355        0.0313474593        0.0429495803        0.0594962200        0.0899186359        0.0835449669        0.1266838112        0.1993458693        0.3667126216        1.0000000000
243.5000        0.0000008523        0.0313428752        0.0429445151        0.0595015819        0.0899215650        0.0835353042        0.1266735349        0.1993578134        0.3667219579        1.0000000000
244.0000        0.0000008596        0.0313383042        0.0429395227        0.0595069507        0.0899244747        0.0835257872        0.1266633520        0.1993695461        0.3667312027        1.0000000000
244.5000        0.0000008551        0.0313337457        0.0429345991        0.0595123251        0.0899273686        0.0835164135        0.1266532623        0.1993810723        0.3667403584        1.0000000000
245.0000        0.0000008381        0.0313291992        0.0429297395        0.0595177031        0.0899302517        0.0835071810        0.1266432671        0.1993923966        0.3667494237        1.0000000000
245.5000        0.0000008100        0.0313246642        0.0429249379        0.0595230824        0.0899331308        0.0834980887        0.1266333692        0.1994035226        0.3667583941        1.0000000000
246.0000        0.0000007741        0.0313201403        0.0429201876        0.0595284605        0.0899360139        0.0834891367        0.1266235722        0.1994144521        0.3667672625        1.0000000000
246.5000        0.0000007352        0.0313156264        0.0429154811        0.0595338354        0.0899389106        0.0834803266        0.1266138797        0.1994251847        0.3667760203        1.0000000000
247.0000        0.0000006989        0.0313111213        0.0429108108        0.0595392057        0.0899418311        0.0834716606        0.1266042947        0.1994357176        0.3667846592        1.0000000000
247.5000        0.0000006709        0.0313066234        0.0429061688        0.0595445707        0.0899447866        0.0834631422        0.1265948192        0.1994460462        0.3667931720        1.0000000000
248.0000        0.0000006559        0.0313021306        0.0429015480        0.0595499306        0.0899477877        0.0834547751        0.1265854533        0.1994561642        0.3668015546        1.0000000000
248.5000        0.0000006571        0.0312976409        0.0428969415        0.0595552862        0.0899508447        0.0834465627        0.1265761954        0.1994660650        0.3668098065        1.0000000000
249.0000        0.0000006751        0.0312931520        0.0428923436        0.0595606392        0.0899539665        0.0834385080        0.1265670418        0.1994757424        0.3668179314        1.0000000000
249.5000        0.0000007082        0.0312886620        0.0428877496        0.0595659913        0.0899571602        0.0834306130        0.1265579874        0.1994851914        0.3668259369        1.0000000000
250.0000        0.0000007524        0.0312841695        0.0428831559        0.0595713441        0.0899604311        0.0834228780        0.1265490261        0.1994944093        0.3668338337        1.0000000000
250.5000        0.0000008016        0.0312796734        0.0428785600        0.0595766987        0.0899637821        0.0834153021        0.1265401512        0.1995033961        0.3668416349        1.0000000000
251.0000        0.0000008488        0.0312751738        0.0428739607        0.0595820556        0.0899672139        0.0834078827        0.1265313565        0.1995121544        0.3668493536        1.0000000000
251.5000        0.0000008870        0.0312706716        0.0428693571        0.0595874138        0.0899707256        0.0834006160        0.1265226371        0.1995206896        0.3668570021        1.0000000000
252.0000        0.0000009104        0.0312661686        0.0428647493        0.0595927711        0.0899743144        0.0833934976        0.1265139893        0.1995290091        0.3668645901        1.0000000000
252.5000        0.0000009150        0.0312616678        0.0428601374        0.0595981237        0.0899779770        0.0833865227        0.1265054118        0.1995371211        0.3668721236        1.0000000000
253.0000        0.0000008996        0.0312571730        0.0428555213        0.0596034664        0.0899817092        0.0833796865        0.1264969049        0.1995450342        0.3668796047        1.0000000000
253.5000        0.0000008661        0.0312526888        0.0428509008        0.0596087929        0.0899855076        0.0833729854        0.1264884709        0.1995527560        0.3668870316        1.0000000000
254.0000        0.0000008191        0.0312482202        0.0428462750        0.0596140956        0.0899893692        0.0833664166        0.1264801133        0.1995602922        0.3668943990        1.0000000000
254.5000        0.0000007654        0.0312437723        0.0428416422        0.0596193668        0.0899932923        0.0833599788        0.1264718360        0.1995676461        0.3669017000        1.0000000000
255.0000        0.0000007130        0.0312393506        0.0428370002        0.0596245983        0.0899972767        0.0833536722        0.1264636429        0.1995748188        0.3669089272        1.0000000000
255.5000        0.0000006700        0.0312349599        0.0428323461        0.0596297826        0.0900013236        0.0833474979        0.1264555369        0.1995818087        0.3669160744        1.0000000000
256.0000        0.0000006429        0.0312306045        0.0428276765        0.0596349129        0.0900054354        0.0833414579        0.1264475193        0.1995886125        0.3669231381        1.0000000000
256.5000        0.0000006361        0.0312262883        0.0428229879        0.0596399833        0.0900096153        0.0833355545        0.1264395896        0.1995952263        0.3669301186        1.0000000000
257.0000        0.0000006508        0.0312220141        0.0428182771        0.0596449897        0.0900138670        0.0833297897        0.1264317454        0.1996016463        0.3669370198        1.0000000000
257.5000        0.0000006850        0.0312177842        0.0428135412        0.0596499288        0.0900181938        0.0833241646        0.1264239825        0.1996078699        0.3669438499        1.0000000000
258.0000        0.0000007335        0.0312136001        0.0428087783        0.0596547992        0.0900225980        0.0833186791        0.1264162956        0.1996138968        0.3669506196        1.0000000000
258.5000        0.0000007886        0.0312094627        0.0428039876        0.0596595999        0.0900270807        0.0833133315        0.1264086790        0.1996197289        0.3669573411        1.0000000000
259.0000        0.0000008418        0.0312053728        0.0427991694        0.0596643312        0.0900316408        0.0833081189        0.1264011273        0.1996253715        0.3669640263        1.0000000000
259.5000        0.0000008848        0.0312013311        0.0427943255        0.0596689931        0.0900362751        0.0833030370        0.1263936362        0.1996308317        0.3669706854        1.0000000000
260.0000        0.0000009105        0.0311973385        0.0427894589        0.0596735859        0.0900409785        0.0832980805        0.1263862033        0.1996361186        0.3669773252        1.0000000000
260.5000        0.0000009150        0.0311933963        0.0427845735        0.0596781089        0.0900457439        0.0832932439        0.1263788279        0.1996412422        0.3669839484        1.0000000000
261.0000        0.0000008975        0.0311895063        0.0427796741        0.0596825608        0.0900505624        0.0832885221        0.1263715117        0.1996462117        0.3669905534        1.0000000000
261.5000        0.0000008609        0.0311856710        0.0427747660        0.0596869390        0.0900554248        0.0832839107        0.1263642577        0.1996510352        0.3669971347        1.0000000000
262.0000        0.0000008112        0.0311818935        0.0427698544        0.0596912398        0.0900603213        0.0832794064        0.1263570705        0.1996557183        0.3670036846        1.0000000000
262.5000        0.0000007566        0.0311781776        0.0427649441        0.0596954585        0.0900652427        0.0832750078        0.1263499545        0.1996602641        0.3670101941        1.0000000000
263.0000        0.0000007059        0.0311745271        0.0427600395        0.0596995898        0.0900701811        0.0832707145        0.1263429142        0.1996646729        0.3670166549        1.0000000000
263.5000        0.0000006676        0.0311709462        0.0427551438        0.0597036280        0.0900751299        0.0832665276        0.1263359525        0.1996689428        0.3670230614        1.0000000000
264.0000        0.0000006479        0.0311674388        0.0427502597        0.0597075676        0.0900800847        0.0832624487        0.1263290705        0.1996730707        0.3670294114        1.0000000000
264.5000        0.0000006498        0.0311640082        0.0427453886        0.0597114038        0.0900850426        0.0832584799        0.1263222674        0.1996770531        0.3670357067        1.0000000000
265.0000        0.0000006728        0.0311606571        0.0427405312        0.0597151326        0.0900900024        0.0832546224        0.1263155406        0.1996808874        0.3670419534        1.0000000000
265.5000        0.0000007128        0.0311573872        0.0427356881        0.0597187520        0.0900949640        0.0832508769        0.1263088856        0.1996845731        0.3670481603        1.0000000000
266.0000        0.0000007629        0.0311541993        0.0427308592        0.0597222611        0.0900999277        0.0832472424        0.1263022975        0.1996881120        0.3670543379        1.0000000000
266.5000        0.0000008143        0.0311510929        0.0427260452        0.0597256610        0.0901048938        0.0832437165        0.1262957712        0.1996915088        0.3670604964        1.0000000000
267.0000        0.0000008582        0.0311480667        0.0427212469        0.0597289539        0.0901098614        0.0832402954        0.1262893026        0.1996947709        0.3670666441        1.0000000000
267.5000        0.0000008873        0.0311451187        0.0427164662        0.0597321435        0.0901148283        0.0832369740        0.1262828891        0.1996979070        0.3670727859        1.0000000000
268.0000        0.0000008966        0.0311422462        0.0427117059        0.0597352339        0.0901197907        0.0832337471        0.1262765303        0.1997009272        0.3670789221        1.0000000000
268.5000        0.0000008850        0.0311394465        0.0427069701        0.0597382295        0.0901247427        0.0832306090        0.1262702276        0.1997038406        0.3670850491        1.0000000000
269.0000        0.0000008546        0.0311367168        0.0427022635        0.0597411343        0.0901296767        0.0832275551        0.1262639844        0.1997066552        0.3670911594        1.0000000000
269.5000        0.0000008113        0.0311340548        0.0426975916        0.0597439517        0.0901345839        0.0832245818        0.1262578054        0.1997093762        0.3670972433        1.0000000000
270.0000        0.0000007628        0.0311314586        0.0426929604        0.0597466838        0.0901394549        0.0832216871        0.1262516955        0.1997120062        0.3671032907        1.0000000000
270.5000        0.0000007178        0.0311289271        0.0426883758        0.0597493317        0.0901442802        0.0832188704        0.1262456591        0.1997145450        0.3671092929        1.0000000000
271.0000        0.0000006841        0.0311264597        0.0426838431        0.0597518951        0.0901490513        0.0832161326        0.1262396995        0.1997169905        0.3671152441        1.0000000000
271.5000        0.0000006676        0.0311240565        0.0426793668        0.0597543732        0.0901537611        0.0832134752        0.1262338180        0.1997193389        0.3671211426        1.0000000000
272.0000        0.0000006707        0.0311217177        0.0426749505        0.0597567644        0.0901584045        0.0832109002        0.1262280138        0.1997215871        0.3671269910        1.0000000000
272.5000        0.0000006924        0.0311194439        0.0426705963        0.0597590673        0.0901629787        0.0832084090        0.1262222841        0.1997237328        0.3671327956        1.0000000000
273.0000        0.0000007282        0.0311172352        0.0426663052        0.0597612807        0.0901674828        0.0832060021        0.1262166248        0.1997257761        0.3671385650        1.0000000000
273.5000        0.0000007712        0.0311150913        0.0426620770        0.0597634049        0.0901719179        0.0832036784        0.1262110309        0.1997277199        0.3671443085        1.0000000000
274.0000        0.0000008134        0.0311130111        0.0426579109        0.0597654411        0.0901762862        0.0832014356        0.1262054980        0.1997295698        0.3671500340        1.0000000000
274.5000        0.0000008470        0.0311109927        0.0426538053        0.0597673922        0.0901805907        0.0831992696        0.1262000225        0.1997313336        0.3671557464        1.0000000000
275.0000        0.0000008660        0.0311090332        0.0426497590        0.0597692628        0.0901848337        0.0831971754        0.1261946030        0.1997330207        0.3671614464        1.0000000000
275.5000        0.0000008673        0.0311071288        0.0426457708        0.0597710583        0.0901890169        0.0831951476        0.1261892398        0.1997346403        0.3671671301        1.0000000000
276.0000        0.0000008514        0.0311052752        0.0426418406        0.0597727855        0.0901931402        0.0831931810        0.1261839356        0.1997362006        0.3671727898        1.0000000000
276.5000        0.0000008218        0.0311034675        0.0426379687        0.0597744513        0.0901972021        0.0831912713        0.1261786945        0.1997377076        0.3671784152        1.0000000000
277.0000        0.0000007846        0.0311017010        0.0426341566        0.0597760623        0.0902011991        0.0831894154        0.1261735216        0.1997391644        0.3671839950        1.0000000000
277.5000        0.0000007471        0.0310999712        0.0426304067        0.0597776244        0.0902051263        0.0831876120        0.1261684218        0.1997405711        0.3671895194        1.0000000000
278.0000        0.0000007164        0.0310982740        0.0426267218        0.0597791424        0.0902089782        0.0831858612        0.1261633992        0.1997419257        0.3671949813        1.0000000000
278.5000        0.0000006980        0.0310966063        0.0426231047        0.0597806197        0.0902127489        0.0831841643        0.1261584558        0.1997432244        0.3672003779        1.0000000000
279.0000        0.0000006950        0.0310949659        0.0426195584        0.0597820580        0.0902164336        0.0831825232        0.1261535918        0.1997444635        0.3672057106        1.0000000000
279.5000        0.0000007071        0.0310933516        0.0426160849        0.0597834578        0.0902200288        0.0831809398        0.1261488052        0.1997456401        0.3672109847        1.0000000000
280.0000        0.0000007311        0.0310917628        0.0426126851        0.0597848189        0.0902235328        0.0831794151        0.1261440924        0.1997467538        0.3672162080        1.0000000000
280.5000        0.0000007618        0.0310901996        0.0426093589        0.0597861404        0.0902269466        0.0831779488        0.1261394488        0.1997478068        0.3672213884        1.0000000000
281.0000        0.0000007927        0.0310886621        0.0426061049        0.0597874216        0.0902302730        0.0831765390        0.1261348700        0.1997488040        0.3672265327        1.0000000000
281.5000        0.0000008176        0.0310871504        0.0426029202        0.0597886628        0.0902335170        0.0831751825        0.1261303526        0.1997497530        0.3672316439        1.0000000000
282.0000        0.0000008319        0.0310856644        0.0425998014        0.0597898652        0.0902366844        0.0831738746        0.1261258949        0.1997506623        0.3672367210        1.0000000000
282.5000        0.0000008333        0.0310842029        0.0425967441        0.0597910312        0.0902397818        0.0831726101        0.1261214976        0.1997515405        0.3672417584        1.0000000000
283.0000        0.0000008225        0.0310827644        0.0425937443        0.0597921649        0.0902428151        0.0831713840        0.1261171632        0.1997523950        0.3672467466        1.0000000000
283.5000        0.0000008024        0.0310813463        0.0425907981        0.0597932713        0.0902457891        0.0831701919        0.1261128961        0.1997532307        0.3672516742        1.0000000000
284.0000        0.0000007779        0.0310799456        0.0425879022        0.0597943561        0.0902487068        0.0831690310        0.1261087014        0.1997540494        0.3672565296        1.0000000000
284.5000        0.0000007545        0.0310785589        0.0425850547        0.0597954252        0.0902515693        0.0831678998        0.1261045841        0.1997548501        0.3672613033        1.0000000000
285.0000        0.0000007369        0.0310771828        0.0425822546        0.0597964840        0.0902543760        0.0831667987        0.1261005482        0.1997556295        0.3672659893        1.0000000000
285.5000        0.0000007285        0.0310758141        0.0425795017        0.0597975369        0.0902571246        0.0831657292        0.1260965957        0.1997563832        0.3672705861        1.0000000000
286.0000        0.0000007303        0.0310744505        0.0425767969        0.0597985868        0.0902598123        0.0831646935        0.1260927264        0.1997571068        0.3672750966        1.0000000000
286.5000        0.0000007408        0.0310730906        0.0425741411        0.0597996349        0.0902624366        0.0831636935        0.1260889381        0.1997577975        0.3672795269        1.0000000000
287.0000        0.0000007570        0.0310717339        0.0425715351        0.0598006809        0.0902649956        0.0831627305        0.1260852271        0.1997584551        0.3672838848        1.0000000000
287.5000        0.0000007745        0.0310703810        0.0425689793        0.0598017230        0.0902674895        0.0831618044        0.1260815889        0.1997590822        0.3672881773        1.0000000000
288.0000        0.0000007890        0.0310690334        0.0425664731        0.0598027587        0.0902699201        0.0831609133        0.1260780195        0.1997596842        0.3672924087        1.0000000000
288.5000        0.0000007975        0.0310676931        0.0425640146        0.0598037852        0.0902722918        0.0831600540        0.1260745162        0.1997602682        0.3672965793        1.0000000000
289.0000        0.0000007983        0.0310663625        0.0425616009        0.0598048001        0.0902746107        0.0831592222        0.1260710781        0.1997608422        0.3673006850        1.0000000000
289.5000        0.0000007922        0.0310650436        0.0425592281        0.0598058020        0.0902768841        0.0831584130        0.1260677067        0.1997614131        0.3673047172        1.0000000000
290.0000        0.0000007813        0.0310637382        0.0425568917        0.0598067905        0.0902791197        0.0831576218        0.1260644055        0.1997619860        0.3673086653        1.0000000000
290.5000        0.0000007693        0.0310624472        0.0425545868        0.0598077668        0.0902813249        0.0831568453        0.1260611792        0.1997625630        0.3673125177        1.0000000000
291.0000        0.0000007595        0.0310611705        0.0425523090        0.0598087333        0.0902835057        0.0831560815        0.1260580328        0.1997631430        0.3673162647        1.0000000000
291.5000        0.0000007546        0.0310599077        0.0425500547        0.0598096934        0.0902856660        0.0831553302        0.1260549709        0.1997637225        0.3673199001        1.0000000000
292.0000        0.0000007560        0.0310586572        0.0425478212        0.0598106506        0.0902878078        0.0831545927        0.1260519960        0.1997642962        0.3673234223        1.0000000000
292.5000        0.0000007628        0.0310574177        0.0425456074        0.0598116082        0.0902899308        0.0831538712        0.1260491089        0.1997648588        0.3673268342        1.0000000000
293.0000        0.0000007727        0.0310561875        0.0425434132        0.0598125683        0.0902920332        0.0831531685        0.1260463080        0.1997654061        0.3673301424        1.0000000000
293.5000        0.0000007826        0.0310549657        0.0425412396        0.0598135320        0.0902941122        0.0831524866        0.1260435896        0.1997659366        0.3673333551        1.0000000000
294.0000        0.0000007890        0.0310537518        0.0425390880        0.0598144984        0.0902961654        0.0831518265        0.1260409495        0.1997664514        0.3673364800        1.0000000000
294.5000        0.0000007897        0.0310525466        0.0425369602        0.0598154651        0.0902981908        0.0831511877        0.1260383831        0.1997669546        0.3673395222        1.0000000000
295.0000        0.0000007839        0.0310513515        0.0425348574        0.0598164286        0.0903001886        0.0831505678        0.1260358872        0.1997674524        0.3673424826        1.0000000000
295.5000        0.0000007728        0.0310501691        0.0425327802        0.0598173843        0.0903021606        0.0831499634        0.1260334603        0.1997679516        0.3673453577        1.0000000000
296.0000        0.0000007595        0.0310490023        0.0425307279        0.0598183277        0.0903041109        0.0831493703        0.1260311032        0.1997684583        0.3673481399        1.0000000000
296.5000        0.0000007478        0.0310478544        0.0425286988        0.0598192549        0.0903060450        0.0831487844        0.1260288187        0.1997689765        0.3673508195        1.0000000000
297.0000        0.0000007414        0.0310467282        0.0425266903        0.0598201630        0.0903079696        0.0831482025        0.1260266110        0.1997695075        0.3673533865        1.0000000000
297.5000        0.0000007429        0.0310456263        0.0425246992        0.0598210505        0.0903098912        0.0831476228        0.1260244847        0.1997700491        0.3673558332        1.0000000000
298.0000        0.0000007529        0.0310445502        0.0425227222        0.0598219176        0.0903118151        0.0831470454        0.1260224439        0.1997705969        0.3673581559        1.0000000000
298.5000        0.0000007695        0.0310435004        0.0425207563        0.0598227658        0.0903137453        0.0831464718        0.1260204907        0.1997711448        0.3673603554        1.0000000000
299.0000        0.0000007888        0.0310424767        0.0425187996        0.0598235974        0.0903156831        0.0831459049        0.1260186253        0.1997716869        0.3673624374        1.0000000000
299.5000        0.0000008059        0.0310414777        0.0425168513        0.0598244148        0.0903176278        0.0831453477        0.1260168454        0.1997722189        0.3673644104        1.0000000000
300.0000        0.0000008159        0.0310405021        0.0425149120        0.0598252202        0.0903195766        0.0831448030        0.1260151470        0.1997727391        0.3673662842        1.0000000000
