       t         state 0 pop         state 1 pop         state 2 pop         state 3 pop         state 4 pop         state 5 pop         state 6 pop         state 7 pop         state 8 pop              poptot
  0.0000        0.0001319070        0.0001364339        0.0001417539        0.0001468442        0.0002572052        0.0002696835        0.0002846397        0.0002992492        0.9983322833        1.0000000000
  0.5000        0.0001361030        0.0001407224        0.0001461718        0.0001513636        0.0002656567        0.0002784062        0.0002937427        0.0003086554        0.9982791782        1.0000000000
  1.0000        0.0001402039        0.0001449168        0.0001504975        0.0001557918        0.0002741108        0.0002871323        0.0003028533        0.0003180695        0.9982264242        1.0000000000
  1.5000        0.0001440319        0.0001488414        0.0001545568        0.0001599565        0.0002823811        0.0002956785        0.0003117904        0.0003273135        0.9981754500        1.0000000000
  2.0000        0.0001474206        0.0001523312        0.0001581852        0.0001636951        0.0002902843        0.0003038641        0.0003203752        0.0003362116        0.9981276327        1.0000000000
  2.5000        0.0001502219        0.0001552385        0.0001612350        0.0001668604        0.0002976441        0.0003115151        0.0003284349        0.0003445937        0.9980842565        1.0000000000
  3.0000        0.0001523128        0.0001574395        0.0001635807        0.0001693265        0.0003042950        0.0003184675        0.0003358060        0.0003522984        0.9980464737        1.0000000000
  3.5000        0.0001536009        0.0001588393        0.0001651245        0.0001709934        0.0003100865        0.0003245711        0.0003423378        0.0003591757        0.9980152708        1.0000000000
  4.0000        0.0001540285        0.0001593760        0.0001658001        0.0001717912        0.0003148862        0.0003296924        0.0003478947        0.0003650902        0.9979914408        1.0000000000
  4.5000        0.0001535751        0.0001590233        0.0001655751        0.0001716822        0.0003185826        0.0003337176        0.0003523597        0.0003699230        0.9979755613        1.0000000000
  5.0000        0.0001522588        0.0001577918        0.0001644528        0.0001706628        0.0003210882        0.0003365548        0.0003556360        0.0003735743        0.9979679804        1.0000000000
  5.5000        0.0001501350        0.0001557286        0.0001624717        0.0001687633        0.0003223411        0.0003381362        0.0003576492        0.0003759649        0.9979688099        1.0000000000
  6.0000        0.0001472946        0.0001529153        0.0001597042        0.0001660471        0.0003223065        0.0003384192        0.0003583487        0.0003770378        0.9979779268        1.0000000000
  6.5000        0.0001438600        0.0001494646        0.0001562537        0.0001626080        0.0003209774        0.0003373876        0.0003577084        0.0003767588        0.9979949815        1.0000000000
  7.0000        0.0001399798        0.0001455160        0.0001522508        0.0001585669        0.0003183752        0.0003350518        0.0003557279        0.0003751176        0.9980194140        1.0000000000
  7.5000        0.0001358227        0.0001412301        0.0001478478        0.0001540670        0.0003145490        0.0003314486        0.0003524315        0.0003721277        0.9980504756        1.0000000000
  8.0000        0.0001315700        0.0001367816        0.0001432133        0.0001492691        0.0003095746        0.0003266406        0.0003478685        0.0003678258        0.9980872564        1.0000000000
  8.5000        0.0001274083        0.0001323527        0.0001385252        0.0001443450        0.0003035532        0.0003207149        0.0003421122        0.0003622715        0.9981287171        1.0000000000
  9.0000        0.0001235211        0.0001281257        0.0001339641        0.0001394715        0.0002966088        0.0003137812        0.0003352579        0.0003555463        0.9981737233        1.0000000000
  9.5000        0.0001200814        0.0001242753        0.0001297064        0.0001348242        0.0002888864        0.0003059699        0.0003274220        0.0003477518        0.9982210825        1.0000000000
 10.0000        0.0000000237        0.0000000245        0.0000000255        0.0000000263        0.0000000524        0.0000000550        0.0000000583        0.0000000613        0.9999996731        1.0000000000
 10.5000        0.0000001197        0.0000001235        0.0000001284        0.0000001328        0.0000002661        0.0000002790        0.0000002957        0.0000003112        0.9999983435        1.0000000000
 11.0000        0.0000002867        0.0000002959        0.0000003077        0.0000003182        0.0000006437        0.0000006747        0.0000007153        0.0000007527        0.9999960050        1.0000000000
 11.5000        0.0000005189        0.0000005359        0.0000005578        0.0000005772        0.0000011811        0.0000012382        0.0000013131        0.0000013818        0.9999926960        1.0000000000
 12.0000        0.0000008079        0.0000008352        0.0000008703        0.0000009013        0.0000018711        0.0000019621        0.0000020821        0.0000021916        0.9999884786        1.0000000000
 12.5000        0.0000011428        0.0000011829        0.0000012344        0.0000012801        0.0000027030        0.0000028363        0.0000030120        0.0000031720        0.9999834364        1.0000000000
 13.0000        0.0000015107        0.0000015665        0.0000016377        0.0000017011        0.0000036637        0.0000038474        0.0000040900        0.0000043104        0.9999776725        1.0000000000
 13.5000        0.0000018974        0.0000019717        0.0000020659        0.0000021501        0.0000047368        0.0000049798        0.0000053004        0.0000055914        0.9999713064        1.0000000000
 14.0000        0.0000022878        0.0000023834        0.0000025039        0.0000026121        0.0000059041        0.0000062152        0.0000066253        0.0000069973        0.9999644708        1.0000000000
 14.5000        0.0000026666        0.0000027863        0.0000029361        0.0000030715        0.0000071451        0.0000075335        0.0000080447        0.0000085085        0.9999573078        1.0000000000
 15.0000        0.0000030186        0.0000031652        0.0000033471        0.0000035128        0.0000084378        0.0000089128        0.0000095368        0.0000101034        0.9999499655        1.0000000000
 15.5000        0.0000033300        0.0000035057        0.0000037222        0.0000039211        0.0000097589        0.0000103303        0.0000110787        0.0000117593        0.9999425937        1.0000000000
 16.0000        0.0000035884        0.0000037951        0.0000040480        0.0000042824        0.0000110846        0.0000117620        0.0000126464        0.0000134525        0.9999353405        1.0000000000
 16.5000        0.0000037833        0.0000040224        0.0000043129        0.0000045846        0.0000123908        0.0000131837        0.0000142154        0.0000151585        0.9999283483        1.0000000000
 17.0000        0.0000039070        0.0000041789        0.0000045072        0.0000048175        0.0000136534        0.0000145714        0.0000157613        0.0000168527        0.9999217507        1.0000000000
 17.5000        0.0000039544        0.0000042586        0.0000046240        0.0000049730        0.0000148493        0.0000159013        0.0000172597        0.0000185107        0.9999156689        1.0000000000
 18.0000        0.0000039235        0.0000042585        0.0000046592        0.0000050461        0.0000159565        0.0000171509        0.0000186871        0.0000201084        0.9999102098        1.0000000000
 18.5000        0.0000038153        0.0000041784        0.0000046113        0.0000050342        0.0000169544        0.0000182988        0.0000200211        0.0000216230        0.9999054635        1.0000000000
 19.0000        0.0000036341        0.0000040214        0.0000044821        0.0000049377        0.0000178245        0.0000193254        0.0000212409        0.0000230325        0.9999015014        1.0000000000
 19.5000        0.0000033869        0.0000037933        0.0000042762        0.0000047601        0.0000185506        0.0000202132        0.0000223273        0.0000243168        0.9998983756        1.0000000000
 20.0000        0.0000030836        0.0000035027        0.0000040009        0.0000045073        0.0000191192        0.0000209471        0.0000232634        0.0000254577        0.9998961181        1.0000000000
 20.5000        0.0000027362        0.0000031606        0.0000036662        0.0000041880        0.0000195197        0.0000215145        0.0000240347        0.0000264390        0.9998947412        1.0000000000
 21.0000        0.0000023586        0.0000027799        0.0000032841        0.0000038131        0.0000197445        0.0000219059        0.0000246293        0.0000272470        0.9998942377        1.0000000000
 21.5000        0.0000019660        0.0000023751        0.0000028682        0.0000033953        0.0000197895        0.0000221149        0.0000250382        0.0000278707        0.9998945821        1.0000000000
 22.0000        0.0000015743        0.0000019618        0.0000024338        0.0000029490        0.0000196538        0.0000221380        0.0000252555        0.0000283017        0.9998957321        1.0000000000
 22.5000        0.0000011996        0.0000015559        0.0000019966        0.0000024895        0.0000193401        0.0000219751        0.0000252782        0.0000285345        0.9998976305        1.0000000000
 23.0000        0.0000008574        0.0000011731        0.0000015726        0.0000020325        0.0000188541        0.0000216295        0.0000251066        0.0000285668        0.9999002074        1.0000000000
 23.5000        0.0000005621        0.0000008287        0.0000011774        0.0000015940        0.0000182053        0.0000211075        0.0000247440        0.0000283990        0.9999033821        1.0000000000
 24.0000        0.0000003266        0.0000005363        0.0000008258        0.0000011892        0.0000174059        0.0000204187        0.0000241970        0.0000280346        0.9999070660        1.0000000000
 24.5000        0.0000001617        0.0000003081        0.0000005313        0.0000008324        0.0000164713        0.0000195753        0.0000234751        0.0000274801        0.9999111649        1.0000000000
 25.0000        0.0000000753        0.0000001539        0.0000003055        0.0000005365        0.0000154194        0.0000185928        0.0000225905        0.0000267448        0.9999155812        1.0000000000
 25.5000        0.0000000730        0.0000000813        0.0000001577        0.0000003126        0.0000142709        0.0000174889        0.0000215584        0.0000258407        0.9999202166        1.0000000000
 26.0000        0.0000001570        0.0000000947        0.0000000948        0.0000001693        0.0000130480        0.0000162836        0.0000203962        0.0000247823        0.9999249739        1.0000000000
 26.5000        0.0000003265        0.0000001958        0.0000001209        0.0000001132        0.0000117751        0.0000149990        0.0000191238        0.0000235866        0.9999297592        1.0000000000
 27.0000        0.0000005774        0.0000003832        0.0000002372        0.0000001478        0.0000104775        0.0000136587        0.0000177627        0.0000222725        0.9999344829        1.0000000000
 27.5000        0.0000009029        0.0000006525        0.0000004421        0.0000002741        0.0000091817        0.0000122876        0.0000163363        0.0000208610        0.9999390618        1.0000000000
 28.0000        0.0000012933        0.0000009966        0.0000007308        0.0000004901        0.0000079145        0.0000109115        0.0000148691        0.0000193745        0.9999434195        1.0000000000
 28.5000        0.0000017364        0.0000014057        0.0000010962        0.0000007913        0.0000067028        0.0000095567        0.0000133868        0.0000178368        0.9999474873        1.0000000000
 29.0000        0.0000022183        0.0000018677        0.0000015283        0.0000011702        0.0000055730        0.0000082496        0.0000119155        0.0000162727        0.9999512046        1.0000000000
 29.5000        0.0000027235        0.0000023687        0.0000020154        0.0000016175        0.0000045509        0.0000070163        0.0000104815        0.0000147076        0.9999545186        1.0000000000
 30.0000        0.0000032353        0.0000028936        0.0000025435        0.0000021214        0.0000036608        0.0000058823        0.0000091114        0.0000131673        0.9999573844        1.0000000000
 30.5000        0.0000037372        0.0000034262        0.0000030977        0.0000026685        0.0000029255        0.0000048720        0.0000078307        0.0000116777        0.9999597645        1.0000000000
 31.0000        0.0000042124        0.0000039500        0.0000036619        0.0000032442        0.0000023659        0.0000040084        0.0000066648        0.0000102644        0.9999616280        1.0000000000
 31.5000        0.0000046453        0.0000044487        0.0000042198        0.0000038330        0.0000020006        0.0000033130        0.0000056374        0.0000089524        0.9999629498        1.0000000000
 32.0000        0.0000050215        0.0000049070        0.0000047552        0.0000044188        0.0000018455        0.0000028050        0.0000047712        0.0000077658        0.9999637101        1.0000000000
 32.5000        0.0000053285        0.0000053106        0.0000052526        0.0000049857        0.0000019139        0.0000025015        0.0000040868        0.0000067276        0.9999638929        1.0000000000
 33.0000        0.0000055562        0.0000056469        0.0000056975        0.0000055185        0.0000022158        0.0000024171        0.0000036032        0.0000058593        0.9999634855        1.0000000000
 33.5000        0.0000056971        0.0000059056        0.0000060772        0.0000060027        0.0000027582        0.0000025636        0.0000033369        0.0000051809        0.9999624777        1.0000000000
 34.0000        0.0000057467        0.0000060789        0.0000063807        0.0000064254        0.0000035450        0.0000029501        0.0000033022        0.0000047104        0.9999608607        1.0000000000
 34.5000        0.0000057035        0.0000061616        0.0000065994        0.0000067752        0.0000045763        0.0000035825        0.0000035108        0.0000044637        0.9999586269        1.0000000000
 35.0000        0.0000055693        0.0000061514        0.0000067274        0.0000070431        0.0000058493        0.0000044639        0.0000039716        0.0000044548        0.9999557692        1.0000000000
 35.5000        0.0000053489        0.0000060491        0.0000067613        0.0000072221        0.0000073577        0.0000055942        0.0000046909        0.0000046949        0.9999522807        1.0000000000
 36.0000        0.0000050502        0.0000058585        0.0000067008        0.0000073081        0.0000090922        0.0000069703        0.0000056720        0.0000051931        0.9999481548        1.0000000000
 36.5000        0.0000046838        0.0000055861        0.0000065481        0.0000072993        0.0000110401        0.0000085861        0.0000069154        0.0000059558        0.9999433853        1.0000000000
 37.0000        0.0000042626        0.0000052411        0.0000063085        0.0000071967        0.0000131861        0.0000104326        0.0000084189        0.0000069868        0.9999379666        1.0000000000
 37.5000        0.0000038016        0.0000048352        0.0000059899        0.0000070040        0.0000155123        0.0000124980        0.0000101772        0.0000082876        0.9999318942        1.0000000000
 38.0000        0.0000033173        0.0000043819        0.0000056024        0.0000067273        0.0000179982        0.0000147680        0.0000121827        0.0000098567        0.9999251654        1.0000000000
 38.5000        0.0000028271        0.0000038966        0.0000051584        0.0000063754        0.0000206213        0.0000172257        0.0000144249        0.0000116906        0.9999177799        1.0000000000
 39.0000        0.0000023491        0.0000033957        0.0000046721        0.0000059587        0.0000233573        0.0000198523        0.0000168911        0.0000137829        0.9999097408        1.0000000000
 39.5000        0.0000019010        0.0000028963        0.0000041588        0.0000054900        0.0000261804        0.0000226270        0.0000195662        0.0000161253        0.9999010550        1.0000000000
 40.0000        0.0000014999        0.0000024156        0.0000036351        0.0000049833        0.0000290638        0.0000255273        0.0000224331        0.0000187070        0.9998917350        1.0000000000
 40.5000        0.0000011618        0.0000019706        0.0000031177        0.0000044537        0.0000319800        0.0000285294        0.0000254729        0.0000215154        0.9998817985        1.0000000000
 41.0000        0.0000009009        0.0000015774        0.0000026236        0.0000039173        0.0000349010        0.0000316086        0.0000286651        0.0000245359        0.9998712702        1.0000000000
 41.5000        0.0000007293        0.0000012508        0.0000021694        0.0000033902        0.0000377992        0.0000347393        0.0000319879        0.0000277521        0.9998601818        1.0000000000
 42.0000        0.0000006564        0.0000010039        0.0000017704        0.0000028887        0.0000406470        0.0000378959        0.0000354185        0.0000311465        0.9998485728        1.0000000000
 42.5000        0.0000006891        0.0000008476        0.0000014410        0.0000024284        0.0000434180        0.0000410524        0.0000389332        0.0000346999        0.9998364905        1.0000000000
 43.0000        0.0000008310        0.0000007904        0.0000011937        0.0000020241        0.0000460867        0.0000441833        0.0000425079        0.0000383925        0.9998239903        1.0000000000
 43.5000        0.0000010828        0.0000008384        0.0000010390        0.0000016894        0.0000486292        0.0000472637        0.0000461185        0.0000422035        0.9998111356        1.0000000000
 44.0000        0.0000014417        0.0000009946        0.0000009852        0.0000014362        0.0000510237        0.0000502696        0.0000497406        0.0000461115        0.9997979971        1.0000000000
 44.5000        0.0000019020        0.0000012591        0.0000010380        0.0000012745        0.0000532502        0.0000531783        0.0000533505        0.0000500949        0.9997846525        1.0000000000
 45.0000        0.0000024552        0.0000016293        0.0000012004        0.0000012124        0.0000552914        0.0000559687        0.0000569251        0.0000541322        0.9997711853        1.0000000000
 45.5000        0.0000030898        0.0000020995        0.0000014729        0.0000012554        0.0000571328        0.0000586214        0.0000604422        0.0000582019        0.9997576841        1.0000000000
 46.0000        0.0000037920        0.0000026616        0.0000018530        0.0000014069        0.0000587626        0.0000611191        0.0000638810        0.0000622830        0.9997442408        1.0000000000
 46.5000        0.0000045463        0.0000033048        0.0000023358        0.0000016676        0.0000601723        0.0000634468        0.0000672218        0.0000663551        0.9997309495        1.0000000000
 47.0000        0.0000053353        0.0000040163        0.0000029137        0.0000020358        0.0000613567        0.0000655920        0.0000704469        0.0000703989        0.9997179044        1.0000000000
 47.5000        0.0000061406        0.0000047814        0.0000035767        0.0000025073        0.0000623141        0.0000675449        0.0000735405        0.0000743961        0.9997051984        1.0000000000
 48.0000        0.0000069435        0.0000055840        0.0000043131        0.0000030757        0.0000630463        0.0000692985        0.0000764886        0.0000783297        0.9996929206        1.0000000000
 48.5000        0.0000077249        0.0000064070        0.0000051090        0.0000037324        0.0000635587        0.0000708489        0.0000792798        0.0000821843        0.9996811550        1.0000000000
 49.0000        0.0000084666        0.0000072328        0.0000059495        0.0000044667        0.0000638605        0.0000721949        0.0000819050        0.0000859460        0.9996699780        1.0000000000
 49.5000        0.0000091512        0.0000080436        0.0000068182        0.0000052665        0.0000639642        0.0000733388        0.0000843578        0.0000896032        0.9996594565        1.0000000000
 50.0000        0.0000097628        0.0000088220        0.0000076984        0.0000061182        0.0000638863        0.0000742860        0.0000866342        0.0000931458        0.9996496464        1.0000000000
 50.5000        0.0000102874        0.0000095515        0.0000085730        0.0000070069        0.0000636467        0.0000750449        0.0000887334        0.0000965661        0.9996405900        1.0000000000
 51.0000        0.0000107134        0.0000102168        0.0000094251        0.0000079173        0.0000632689        0.0000756273        0.0000906571        0.0000998588        0.9996323153        1.0000000000
 51.5000        0.0000110319        0.0000108041        0.0000102384        0.0000088334        0.0000627795        0.0000760481        0.0000924102        0.0001030207        0.9996248337        1.0000000000
 52.0000        0.0000112369        0.0000113017        0.0000109975        0.0000097395        0.0000622087        0.0000763252        0.0000940002        0.0001060513        0.9996181391        1.0000000000
 52.5000        0.0000113252        0.0000117001        0.0000116883        0.0000106199        0.0000615896        0.0000764798        0.0000954379        0.0001089523        0.9996122069        1.0000000000
 53.0000        0.0000112972        0.0000119925        0.0000122983        0.0000114596        0.0000609582        0.0000765358        0.0000967370        0.0001117284        0.9996069931        1.0000000000
 53.5000        0.0000111561        0.0000121744        0.0000128171        0.0000122447        0.0000603535        0.0000765201        0.0000979139        0.0001143867        0.9996024335        1.0000000000
 54.0000        0.0000109084        0.0000122444        0.0000132363        0.0000129626        0.0000598168        0.0000764623        0.0000989881        0.0001169369        0.9995984441        1.0000000000
 54.5000        0.0000105638        0.0000122039        0.0000135498        0.0000136020        0.0000593920        0.0000763946        0.0000999820        0.0001193916        0.9995949203        1.0000000000
 55.0000        0.0000101344        0.0000120570        0.0000137542        0.0000141536        0.0000591251        0.0000763516        0.0001009207        0.0001217659        0.9995917375        1.0000000000
 55.5000        0.0000096351        0.0000118105        0.0000138484        0.0000146098        0.0000590643        0.0000763703        0.0001018321        0.0001240777        0.9995887517        1.0000000000
 56.0000        0.0000090829        0.0000114741        0.0000138341        0.0000149654        0.0000592594        0.0000764899        0.0001027467        0.0001263475        0.9995858001        1.0000000000
 56.5000        0.0000084964        0.0000110594        0.0000137154        0.0000152171        0.0000597619        0.0000767516        0.0001036977        0.0001285986        0.9995827018        1.0000000000
 57.0000        0.0000078959        0.0000105805        0.0000134990        0.0000153640        0.0000606250        0.0000771985        0.0001047207        0.0001308569        0.9995792593        1.0000000000
 57.5000        0.0000073024        0.0000100532        0.0000131939        0.0000154077        0.0000619032        0.0000778755        0.0001058538        0.0001331508        0.9995752594        1.0000000000
 58.0000        0.0000067374        0.0000094949        0.0000128112        0.0000153515        0.0000636520        0.0000788290        0.0001071374        0.0001355116        0.9995704748        1.0000000000
 58.5000        0.0000062225        0.0000089238        0.0000123641        0.0000152015        0.0000659283        0.0000801071        0.0001086143        0.0001379731        0.9995646654        1.0000000000
 59.0000        0.0000057784        0.0000083594        0.0000118673        0.0000149655        0.0000687901        0.0000817590        0.0001103292        0.0001405714        0.9995575797        1.0000000000
 59.5000        0.0000054255        0.0000078210        0.0000113370        0.0000146532        0.0000722961        0.0000838354        0.0001123294        0.0001433456        0.9995489567        1.0000000000
 60.0000        0.0000051823        0.0000073283        0.0000107906        0.0000142763        0.0000765063        0.0000863883        0.0001146640        0.0001463370        0.9995385268        1.0000000000
 60.5000        0.0000050657        0.0000069004        0.0000102460        0.0000138478        0.0000814817        0.0000894707        0.0001173843        0.0001495898        0.9995260135        1.0000000000
 61.0000        0.0000050905        0.0000065557        0.0000097219        0.0000133822        0.0000872842        0.0000931367        0.0001205435        0.0001531506        0.9995111347        1.0000000000
 61.5000        0.0000052691        0.0000063113        0.0000092368        0.0000128950        0.0000939770        0.0000974417        0.0001241969        0.0001570685        0.9994936036        1.0000000000
 62.0000        0.0000056113        0.0000061830        0.0000088092        0.0000124023        0.0001016248        0.0001024421        0.0001284021        0.0001613954        0.9994731298        1.0000000000
 62.5000        0.0000061239        0.0000061848        0.0000084570        0.0000119210        0.0001102935        0.0001081953        0.0001332183        0.0001661859        0.9994494202        1.0000000000
 63.0000        0.0000068108        0.0000063287        0.0000081972        0.0000114683        0.0001200510        0.0001147604        0.0001387073        0.0001714974        0.9994221789        1.0000000000
 63.5000        0.0000076728        0.0000066244        0.0000080457        0.0000110611        0.0001309674        0.0001221972        0.0001449330        0.0001773900        0.9993911083        1.0000000000
 64.0000        0.0000087079        0.0000070795        0.0000080171        0.0000107163        0.0001431151        0.0001305676        0.0001519614        0.0001839268        0.9993559083        1.0000000000
 64.5000        0.0000099108        0.0000076989        0.0000081243        0.0000104501        0.0001565694        0.0001399346        0.0001598613        0.0001911742        0.9993162764        1.0000000000
 65.0000        0.0000112736        0.0000084850        0.0000083785        0.0000102782        0.0001714091        0.0001503632        0.0001687039        0.0001992017        0.9992719068        1.0000000000
 65.5000        0.0000127856        0.0000094378        0.0000087889        0.0000102149        0.0001877169        0.0001619206        0.0001785634        0.0002080822        0.9992224897        1.0000000000
 66.0000        0.0000144339        0.0000105546        0.0000093626        0.0000102737        0.0002055802        0.0001746762        0.0001895168        0.0002178925        0.9991677095        1.0000000000
 66.5000        0.0000162033        0.0000118304        0.0000101046        0.0000104667        0.0002250917        0.0001887018        0.0002016447        0.0002287131        0.9991072436        1.0000000000
 67.0000        0.0000180768        0.0000132580        0.0000110178        0.0000108044        0.0002463504        0.0002040725        0.0002150311        0.0002406288        0.9990407602        1.0000000000
 67.5000        0.0000200359        0.0000148279        0.0000121028        0.0000112957        0.0002694624        0.0002208666        0.0002297641        0.0002537287        0.9989679158        1.0000000000
 68.0000        0.0000220612        0.0000165287        0.0000133580        0.0000119479        0.0002945422        0.0002391663        0.0002459360        0.0002681071        0.9988883525        1.0000000000
 68.5000        0.0000001357        0.0000001229        0.0000001203        0.0000001144        0.0000009239        0.0000007768        0.0000007725        0.0000007471        0.9999962864        1.0000000000
 69.0000        0.0000009810        0.0000008858        0.0000008657        0.0000008218        0.0000067714        0.0000056492        0.0000056030        0.0000054049        0.9999730173        1.0000000000
 69.5000        0.0000026256        0.0000023637        0.0000023072        0.0000021874        0.0000184192        0.0000152454        0.0000150821        0.0000145134        0.9999272562        1.0000000000
 70.0000        0.0000050875        0.0000045671        0.0000044535        0.0000042170        0.0000363577        0.0000298512        0.0000294581        0.0000282814        0.9998577265        1.0000000000
 70.5000        0.0000083719        0.0000074954        0.0000073030        0.0000069080        0.0000610909        0.0000497474        0.0000489742        0.0000469127        0.9997631966        1.0000000000
 71.0000        0.0000124710        0.0000111371        0.0000108442        0.0000102491        0.0000931374        0.0000752096        0.0000738681        0.0000706071        0.9996424765        1.0000000000
 71.5000        0.0000173639        0.0000154699        0.0000150562        0.0000142206        0.0001330329        0.0001065086        0.0001043728        0.0000995606        0.9994944145        1.0000000000
 72.0000        0.0000230177        0.0000204610        0.0000199088        0.0000187952        0.0001813323        0.0001439103        0.0001407171        0.0001339666        0.9993178912        1.0000000000
 72.5000        0.0000293871        0.0000260683        0.0000253632        0.0000239379        0.0002386125        0.0001876760        0.0001831256        0.0001740161        0.9991118132        1.0000000000
 73.0000        0.0000364157        0.0000322404        0.0000313726        0.0000296073        0.0003054756        0.0002380633        0.0002318203        0.0002198994        0.9988751054        1.0000000000
 73.5000        0.0000440371        0.0000389179        0.0000378832        0.0000357557        0.0003825523        0.0002953259        0.0002870203        0.0002718063        0.9986067013        1.0000000000
 74.0000        0.0000521752        0.0000460342        0.0000448346        0.0000423302        0.0004705061        0.0003597146        0.0003489439        0.0003299280        0.9983055331        1.0000000000
 74.5000        0.0000607463        0.0000535167        0.0000521614        0.0000492735        0.0005700379        0.0004314777        0.0004178084        0.0003944580        0.9979705201        1.0000000000
 75.0000        0.0000696598        0.0000612877        0.0000597935        0.0000565245        0.0006818908        0.0005108619        0.0004938321        0.0004655935        0.9976005562        1.0000000000
 75.5000        0.0000788197        0.0000692658        0.0000676578        0.0000640195        0.0008068566        0.0005981125        0.0005772349        0.0005435371        0.9971944960        1.0000000000
 76.0000        0.0000881265        0.0000773674        0.0000756788        0.0000716930        0.0009457814        0.0006934747        0.0006682397        0.0006284980        0.9967511404        1.0000000000
 76.5000        0.0000974782        0.0000855073        0.0000837799        0.0000794784        0.0010995732        0.0007971939        0.0007670739        0.0007206940        0.9962692211        1.0000000000
 77.0000        0.0001067722        0.0000936005        0.0000918845        0.0000873091        0.0012692097        0.0009095168        0.0008739703        0.0008203535        0.9957473833        1.0000000000
 77.5000        0.0001159068        0.0001015634        0.0000999169        0.0000951195        0.0014557468        0.0010306917        0.0009891693        0.0009277168        0.9951841689        1.0000000000
 78.0000        0.0001247824        0.0001093145        0.0001078036        0.0001028455        0.0016603287        0.0011609691        0.0011129197        0.0010430389        0.9945779975        1.0000000000
 78.5000        0.0001333036        0.0001167765        0.0001154739        0.0001104258        0.0018841982        0.0013006029        0.0012454806        0.0011665910        0.9939271474        1.0000000000
 79.0000        0.0001413802        0.0001238765        0.0001228614        0.0001178018        0.0021287085        0.0014498499        0.0013871231        0.0012986635        0.9932297350        1.0000000000
 79.5000        0.0001489288        0.0001305475        0.0001299041        0.0001249195        0.0023953358        0.0016089708        0.0015381314        0.0014395676        0.9924836942        1.0000000000
 80.0000        0.0001558739        0.0001367292        0.0001365461        0.0001317292        0.0026856938        0.0017782300        0.0016988051        0.0015896385        0.9916867541        1.0000000000
 80.5000        0.0001621491        0.0001423690        0.0001427376        0.0001381862        0.0030015484        0.0019578953        0.0018694604        0.0017492376        0.9908364164        1.0000000000
 81.0000        0.0001676985        0.0001474224        0.0001484357        0.0001442519        0.0033448348        0.0021482380        0.0020504315        0.0019187554        0.9899299317        1.0000000000
 81.5000        0.0001724772        0.0001518541        0.0001536053        0.0001498937        0.0037176756        0.0023495316        0.0022420727        0.0020986144        0.9889642754        1.0000000000
 82.0000        0.0001764526        0.0001556381        0.0001582191        0.0001550852        0.0041224001        0.0025620511        0.0024447593        0.0022892719        0.9879361226        1.0000000000
 82.5000        0.0001796046        0.0001587585        0.0001622581        0.0001598074        0.0045615654        0.0027860715        0.0026588892        0.0024912232        0.9868418222        1.0000000000
 83.0000        0.0001819267        0.0001612095        0.0001657120        0.0001640477        0.0050379792        0.0030218655        0.0028848840        0.0027050046        0.9856773709        1.0000000000
 83.5000        0.0001834262        0.0001629956        0.0001685793        0.0001678010        0.0055547234        0.0032697013        0.0031231899        0.0029311968        0.9844383864        1.0000000000
 84.0000        0.0001841245        0.0001641321        0.0001708672        0.0001710695        0.0061151798        0.0035298396        0.0033742788        0.0031704279        0.9831200806        1.0000000000
 84.5000        0.0001840577        0.0001646443        0.0001725920        0.0001738624        0.0067230564        0.0038025294        0.0036386485        0.0034233767        0.9817172326        1.0000000000
 85.0000        0.0001832760        0.0001645682        0.0001737784        0.0001761964        0.0073824151        0.0040880044        0.0039168227        0.0036907764        0.9802241624        1.0000000000
 85.5000        0.0001818446        0.0001639497        0.0001744601        0.0001780949        0.0080976995        0.0043864773        0.0042093515        0.0039734171        0.9786347053        1.0000000000
 86.0000        0.0001798428        0.0001628445        0.0001746790        0.0001795886        0.0088737636        0.0046981347        0.0045168099        0.0042721498        0.9769421871        1.0000000000
 86.5000        0.0001773645        0.0001613179        0.0001744849        0.0001807148        0.0097158994        0.0050231303        0.0048397972        0.0045878887        0.9751394022        1.0000000000
 87.0000        0.0001745175        0.0001594440        0.0001739358        0.0001815172        0.0106298635        0.0053615787        0.0051789351        0.0049216146        0.9732185936        1.0000000000
 87.5000        0.0001714237        0.0001573052        0.0001730966        0.0001820457        0.0116219015        0.0057135473        0.0055348654        0.0052743773        0.9711714374        1.0000000000
 88.0000        0.0001682182        0.0001549919        0.0001720392        0.0001823561        0.0126987691        0.0060790490        0.0059082468        0.0056472980        0.9689890317        1.0000000000
 88.5000        0.0001650494        0.0001526018        0.0001708420        0.0001825098        0.0138677479        0.0064580343        0.0062997516        0.0060415710        0.9666618922        1.0000000000
 89.0000        0.0001620783        0.0001502390        0.0001695893        0.0001825733        0.0151366552        0.0068503832        0.0067100606        0.0064584655        0.9641799556        1.0000000000
 89.5000        0.0001594785        0.0001480135        0.0001683707        0.0001826177        0.0165138448        0.0072558982        0.0071398582        0.0068993259        0.9615325925        1.0000000000
 90.0000        0.0001574354        0.0001460405        0.0001672807        0.0001827188        0.0180081973        0.0076742972        0.0075898259        0.0073655723        0.9587086320        1.0000000000
 90.5000        0.0001561464        0.0001444395        0.0001664179        0.0001829562        0.0196290966        0.0081052076        0.0080606358        0.0078586993        0.9556964007        1.0000000000
 91.0000        0.0001558201        0.0001433340        0.0001658849        0.0001834133        0.0213863910        0.0085481626        0.0085529422        0.0083802745        0.9524837775        1.0000000000
 91.5000        0.0001566763        0.0001428501        0.0001657874        0.0001841766        0.0232903349        0.0090025980        0.0090673737        0.0089319356        0.9490582673        1.0000000000
 92.0000        0.0001589460        0.0001431164        0.0001662337        0.0001853357        0.0253515096        0.0094678531        0.0096045238        0.0095153859        0.9454070958        1.0000000000
 92.5000        0.0001628712        0.0001442629        0.0001673344        0.0001869826        0.0275807186        0.0099431721        0.0101649413        0.0101323889        0.9415173279        1.0000000000
 93.0000        0.0001687048        0.0001464206        0.0001692014        0.0001892118        0.0299888568        0.0104277107        0.0107491208        0.0107847611        0.9373760119        1.0000000000
 93.5000        0.0001767110        0.0001497205        0.0001719483        0.0001921194        0.0325867512        0.0109205438        0.0113574924        0.0114743630        0.9329703505        1.0000000000
 94.0000        0.0001871654        0.0001542932        0.0001756891        0.0001958034        0.0353849703        0.0114206777        0.0119904120        0.0122030885        0.9282879005        1.0000000000
 94.5000        0.0002003557        0.0001602681        0.0001805381        0.0002003634        0.0383936050        0.0119270650        0.0126481519        0.0129728522        0.9233168006        1.0000000000
 95.0000        0.0002165819        0.0001677729        0.0001866098        0.0002059000        0.0416220197        0.0124386221        0.0133308927        0.0137855753        0.9180460256        1.0000000000
 95.5000        0.0002361575        0.0001769330        0.0001940181        0.0002125150        0.0450785768        0.0129542492        0.0140387152        0.0146431685        0.9124656668        1.0000000000
 96.0000        0.0002594098        0.0001878708        0.0002028761        0.0002203110        0.0487703403        0.0134728523        0.0147715947        0.0155475144        0.9065672305        1.0000000000
 96.5000        0.0002866819        0.0002007056        0.0002132962        0.0002293918        0.0527027634        0.0139933652        0.0155293967        0.0165004470        0.9003439522        1.0000000000
 97.0000        0.0003183332        0.0002155522        0.0002253893        0.0002398616        0.0568793696        0.0145147730        0.0163118747        0.0175037299        0.8937911166        1.0000000000
 97.5000        0.0003547411        0.0002325213        0.0002392649        0.0002518255        0.0613014374        0.0150361332        0.0171186699        0.0185590339        0.8869063729        1.0000000000
 98.0000        0.0003963031        0.0002517184        0.0002550308        0.0002653894        0.0659676994        0.0155565965        0.0179493137        0.0196679126        0.8796900360        1.0000000000
 98.5000        0.0004434385        0.0002732436        0.0002727931        0.0002806600        0.0708740717        0.0160754238        0.0188032326        0.0208317780        0.8721453587        1.0000000000
 99.0000        0.0004965901        0.0002971909        0.0002926557        0.0002977449        0.0760134242        0.0165920013        0.0196797554        0.0220518760        0.8642787616        1.0000000000
 99.5000        0.0005562275        0.0003236476        0.0003147206        0.0003167525        0.0813754076        0.0171058500        0.0205781231        0.0233292625        0.8561000086        1.0000000000
100.0000        0.0006228487        0.0003526940        0.0003390875        0.0003377926        0.0869463493        0.0176166333        0.0214975004        0.0246647807        0.8476223136        1.0000000000
100.5000        0.0006969835        0.0003844024        0.0003658537        0.0003609762        0.0927092273        0.0181241588        0.0224369895        0.0260590397        0.8388623688        1.0000000000
101.0000        0.0007791960        0.0004188371        0.0003951143        0.0003864158        0.0986437319        0.0186283771        0.0233956453        0.0275123966        0.8298402861        1.0000000000
101.5000        0.0008700882        0.0004560530        0.0004269615        0.0004142253        0.1047264169        0.0191293762        0.0243724909        0.0290249407        0.8205794473        1.0000000000
102.0000        0.0009703025        0.0004960955        0.0004614852        0.0004445210        0.1109309407        0.0196273734        0.0253665349        0.0305964827        0.8111062642        1.0000000000
102.5000        0.0010805255        0.0005389993        0.0004987723        0.0004774209        0.1172283927        0.0201227042        0.0263767868        0.0322265467        0.8014498515        1.0000000000
103.0000        0.0012014911        0.0005847880        0.0005389068        0.0005130456        0.1235876945        0.0206158090        0.0274022738        0.0339143686        0.7916416227        1.0000000000
103.5000        0.0013339836        0.0006334729        0.0005819695        0.0005515184        0.1299760623        0.0211072188        0.0284420549        0.0356588981        0.7817148215        1.0000000000
104.0000        0.0014788411        0.0006850521        0.0006280377        0.0005929651        0.1363595159        0.0215975405        0.0294952345        0.0374588066        0.7717040064        1.0000000000
104.5000        0.0016369578        0.0007395099        0.0006771853        0.0006375149        0.1427034122        0.0220874410        0.0305609738        0.0393125001        0.7616445050        1.0000000000
105.0000        0.0018092868        0.0007968154        0.0007294818        0.0006853001        0.1489729869        0.0225776325        0.0316385002        0.0412181364        0.7515718599        1.0000000000
105.5000        0.0019968417        0.0008569219        0.0007849925        0.0007364565        0.1551338836        0.0230688584        0.0327271142        0.0431736470        0.7415212842        1.0000000000
106.0000        0.0022006979        0.0009197659        0.0008437777        0.0007911232        0.1611526527        0.0235618798        0.0338261948        0.0451767629        0.7315271452        1.0000000000
106.5000        0.0024219924        0.0009852659        0.0009058924        0.0008494432        0.1669972069        0.0240574634        0.0349352013        0.0472250426        0.7216224920        1.0000000000
107.0000        0.0026619229        0.0010533221        0.0009713853        0.0009115630        0.1726372195        0.0245563713        0.0360536740        0.0493159033        0.7118386385        1.0000000000
107.5000        0.0029217452        0.0011238154        0.0010402985        0.0009776328        0.1780444599        0.0250593510        0.0371812323        0.0514466526        0.7022048123        1.0000000000
108.0000        0.0032027686        0.0011966070        0.0011126668        0.0010478061        0.1831930598        0.0255671276        0.0383175713        0.0536145205        0.6927478723        1.0000000000
108.5000        0.0035063493        0.0012715386        0.0011885165        0.0011222398        0.1880597122        0.0260803974        0.0394624562        0.0558166909        0.6834920991        1.0000000000
109.0000        0.0038338814        0.0013484318        0.0012678649        0.0012010937        0.1926238036        0.0265998219        0.0406157161        0.0580503319        0.6744590548        1.0000000000
109.5000        0.0041867849        0.0014270889        0.0013507191        0.0012845301        0.1968674847        0.0271260238        0.0417772361        0.0603126235        0.6656675089        1.0000000000
110.0000        0.0045664902        0.0015072940        0.0014370754        0.0013727133        0.2007756881        0.0276595832        0.0429469495        0.0626007825        0.6571334236        1.0000000000
110.5000        0.0049744195        0.0015888136        0.0015269183        0.0014658089        0.2043360989        0.0282010354        0.0441248283        0.0649120846        0.6488699925        1.0000000000
111.0000        0.0054119638        0.0016713991        0.0016202195        0.0015639830        0.2075390887        0.0287508683        0.0453108740        0.0672438815        0.6408877221        1.0000000000
111.5000        0.0058804562        0.0017547886        0.0017169368        0.0016674011        0.2103776205        0.0293095216        0.0465051090        0.0695936163        0.6331945500        1.0000000000
112.0000        0.0063811402        0.0018387095        0.0018170140        0.0017762272        0.2128471335        0.0298773857        0.0477075667        0.0719588326        0.6257959905        1.0000000000
112.5000        0.0069151350        0.0019228824        0.0019203797        0.0018906226        0.2149454148        0.0304548012        0.0489182827        0.0743371822        0.6186952995        1.0000000000
113.0000        0.0074833949        0.0020070239        0.0020269469        0.0020107442        0.2166724652        0.0310420586        0.0501372866        0.0767264272        0.6118936525        1.0000000000
113.5000        0.0080866669        0.0020908511        0.0021366128        0.0021367431        0.2180303636        0.0316393986        0.0513645934        0.0791244402        0.6053903304        1.0000000000
114.0000        0.0087254432        0.0021740857        0.0022492588        0.0022687631        0.2190231348        0.0322470116        0.0526001960        0.0815292014        0.5991829054        1.0000000000
114.5000        0.0093999134        0.0022564583        0.0023647504        0.0024069387        0.2196566232        0.0328650386        0.0538440586        0.0839387926        0.5932674263        1.0000000000
115.0000        0.0101099145        0.0023377127        0.0024829378        0.0025513931        0.2199383742        0.0334935712        0.0550961098        0.0863513898        0.5876385969        1.0000000000
115.5000        0.0108548816        0.0024176104        0.0026036570        0.0027022364        0.2198775238        0.0341326521        0.0563562369        0.0887652543        0.5822899474        1.0000000000
116.0000        0.0116338019        0.0024959342        0.0027267302        0.0028595638        0.2194846959        0.0347822755        0.0576242812        0.0911787220        0.5772139953        1.0000000000
116.5000        0.0124451720        0.0025724918        0.0028519681        0.0030234531        0.2187719060        0.0354423872        0.0589000330        0.0935901928        0.5724023961        1.0000000000
117.0000        0.0132869634        0.0026471190        0.0029791709        0.0031939631        0.2177524692        0.0361128854        0.0601832280        0.0959981190        0.5678460820        1.0000000000
117.5000        0.0141565967        0.0027196818        0.0031081312        0.0033711316        0.2164409093        0.0367936211        0.0614735441        0.0984009941        0.5635353900        1.0000000000
118.0000        0.0150509277        0.0027900781        0.0032386355        0.0035549739        0.2148528678        0.0374843984        0.0627705989        0.1007973418        0.5594601778        1.0000000000
118.5000        0.0159662488        0.0028582389        0.0033704676        0.0037454806        0.2130050073        0.0381849748        0.0640739472        0.1031857057        0.5556099290        1.0000000000
119.0000        0.0168983052        0.0029241281        0.0035034110        0.0039426173        0.2109149087        0.0388950623        0.0653830801        0.1055646394        0.5519738479        1.0000000000
119.5000        0.0178423310        0.0029877422        0.0036372520        0.0041463229        0.2086009581        0.0396143273        0.0666974237        0.1079326979        0.5485409450        1.0000000000
120.0000        0.0187931022        0.0030491091        0.0037717825        0.0043565092        0.2060822233        0.0403423915        0.0680163390        0.1102884302        0.5453001129        1.0000000000
120.5000        0.0197450098        0.0031082864        0.0039068034        0.0045730610        0.2033783166        0.0410788328        0.0693391223        0.1126303729        0.5422401948        1.0000000000
121.0000        0.0206921505        0.0031653592        0.0040421273        0.0047958359        0.2005092459        0.0418231856        0.0706650053        0.1149570451        0.5393500452        1.0000000000
121.5000        0.0216284330        0.0032204375        0.0041775809        0.0050246655        0.1974952551        0.0425749420        0.0719931569        0.1172669445        0.5366185846        1.0000000000
122.0000        0.0225476977        0.0032736534        0.0043130082        0.0052593566        0.1943566536        0.0433335530        0.0733226847        0.1195585452        0.5340348476        1.0000000000
122.5000        0.0234438454        0.0033251583        0.0044482722        0.0054996927        0.1911136413        0.0440984292        0.0746526374        0.1218302966        0.5315880269        1.0000000000
123.0000        0.0243109706        0.0033751196        0.0045832571        0.0057454367        0.1877861306        0.0448689423        0.0759820072        0.1240806235        0.5292675123        1.0000000000
123.5000        0.0251434945        0.0034237182        0.0047178696        0.0059963331        0.1843935704        0.0456444269        0.0773097334        0.1263079278        0.5270629259        1.0000000000
124.0000        0.0259362922        0.0034711454        0.0048520402        0.0062521118        0.1809547776        0.0464241817        0.0786347058        0.1285105911        0.5249641541        1.0000000000
124.5000        0.0266848097        0.0035176003        0.0049857238        0.0065124911        0.1774877796        0.0472074714        0.0799557689        0.1306869787        0.5229613764        1.0000000000
125.0000        0.0273851658        0.0035632876        0.0051189000        0.0067771818        0.1740096731        0.0479935292        0.0812717261        0.1328354446        0.5210450918        1.0000000000
125.5000        0.0280342342        0.0036084150        0.0052515731        0.0070458908        0.1705365022        0.0487815587        0.0825813454        0.1349543375        0.5192061432        1.0000000000
126.0000        0.0286297053        0.0036531919        0.0053837713        0.0073183257        0.1670831584        0.0495707361        0.0838833641        0.1370420077        0.5174357394        1.0000000000
126.5000        0.0291701233        0.0036978272        0.0055155465        0.0075941984        0.1636633054        0.0503602137        0.0851764948        0.1390968153        0.5157254754        1.0000000000
127.0000        0.0296548995        0.0037425284        0.0056469726        0.0078732293        0.1602893275        0.0511491220        0.0864594313        0.1411171381        0.5140673513        1.0000000000
127.5000        0.0300843014        0.0037875000        0.0057781443        0.0081551511        0.1569723040        0.0519365732        0.0877308554        0.1431013812        0.5124537893        1.0000000000
128.0000        0.0000000154        0.0046958361        0.0072225582        0.0102875127        0.0000001894        0.0646330908        0.1090860289        0.1777994701        0.6262752985        1.0000000000
128.5000        0.0000018284        0.0047092971        0.0071486747        0.0100243530        0.0000222363        0.0654438391        0.1102807266        0.1795594692        0.6228095755        1.0000000000
129.0000        0.0000065540        0.0047201076        0.0070713669        0.0097594181        0.0000785870        0.0662337905        0.1114423069        0.1812638423        0.6194240266        1.0000000000
129.5000        0.0000140719        0.0047287597        0.0069913535        0.0094937267        0.0001659373        0.0670032361        0.1125714548        0.1829141911        0.6161172687        1.0000000000
130.0000        0.0000242906        0.0047357295        0.0069093278        0.0092282577        0.0002810476        0.0677524758        0.1136688600        0.1845121100        0.6128879010        1.0000000000
130.5000        0.0000371363        0.0047414733        0.0068259529        0.0089639436        0.0004207634        0.0684818173        0.1147352155        0.1860591822        0.6097345155        1.0000000000
131.0000        0.0000525430        0.0047464253        0.0067418577        0.0087016642        0.0005820341        0.0691915755        0.1157712166        0.1875569772        0.6066557065        1.0000000000
131.5000        0.0000704439        0.0047509945        0.0066576345        0.0084422419        0.0007619290        0.0698820710        0.1167775594        0.1890070478        0.6036500780        1.0000000000
132.0000        0.0000907626        0.0047555635        0.0065738359        0.0081864381        0.0009576513        0.0705536302        0.1177549402        0.1904109284        0.6007162498        1.0000000000
132.5000        0.0001134067        0.0047604866        0.0064909739        0.0079349502        0.0011665488        0.0712065842        0.1187040542        0.1917701326        0.5978528626        1.0000000000
133.0000        0.0001382617        0.0047660891        0.0064095184        0.0076884101        0.0013861232        0.0718412685        0.1196255955        0.1930861522        0.5950585814        1.0000000000
133.5000        0.0001651868        0.0047726665        0.0063298966        0.0074473829        0.0016140355        0.0724580224        0.1205202555        0.1943604554        0.5923320983        1.0000000000
134.0000        0.0001940120        0.0047804844        0.0062524932        0.0072123674        0.0018481105        0.0730571888        0.1213887231        0.1955944861        0.5896721344        1.0000000000
134.5000        0.0002245360        0.0047897787        0.0061776510        0.0069837965        0.0020863381        0.0736391135        0.1222316837        0.1967896621        0.5870774404        1.0000000000
135.0000        0.0002565263        0.0048007553        0.0061056710        0.0067620387        0.0023268733        0.0742041449        0.1230498186        0.1979473751        0.5845467968        1.0000000000
135.5000        0.0002897192        0.0048135912        0.0060368140        0.0065474004        0.0025680341        0.0747526339        0.1238438047        0.1990689892        0.5820790133        1.0000000000
136.0000        0.0003238219        0.0048284351        0.0059713017        0.0063401281        0.0028082982        0.0752849332        0.1246143140        0.2001558401        0.5796729277        1.0000000000
136.5000        0.0003585153        0.0048454080        0.0059093183        0.0061404115        0.0030462983        0.0758013973        0.1253620126        0.2012092345        0.5773274042        1.0000000000
137.0000        0.0003934569        0.0048646042        0.0058510119        0.0059483867        0.0032808167        0.0763023818        0.1260875608        0.2022304493        0.5750413316        1.0000000000
137.5000        0.0004282859        0.0048860929        0.0057964969        0.0057641396        0.0035107784        0.0767882433        0.1267916119        0.2032207306        0.5728136204        1.0000000000
138.0000        0.0004626271        0.0049099187        0.0057458551        0.0055877097        0.0037352442        0.0772593390        0.1274748120        0.2041812933        0.5706432009        1.0000000000
138.5000        0.0004960968        0.0049361035        0.0056991383        0.0054190936        0.0039534034        0.0777160261        0.1281377989        0.2051133199        0.5685290194        1.0000000000
139.0000        0.0005283082        0.0049646474        0.0056563700        0.0052582486        0.0041645658        0.0781586618        0.1287812021        0.2060179599        0.5664700361        1.0000000000
139.5000        0.0005588772        0.0049955302        0.0056175474        0.0051050970        0.0043681537        0.0785876024        0.1294056415        0.2068963289        0.5644652216        1.0000000000
140.0000        0.0005874287        0.0050287129        0.0055826435        0.0049595290        0.0045636941        0.0790032032        0.1300117267        0.2077495080        0.5625135540        1.0000000000
140.5000        0.0006136024        0.0050641387        0.0055516089        0.0048214066        0.0047508106        0.0794058177        0.1306000565        0.2085785426        0.5606140160        1.0000000000
141.0000        0.0006370586        0.0051017352        0.0055243738        0.0046905669        0.0049292156        0.0797957975        0.1311712179        0.2093844423        0.5587655920        1.0000000000
141.5000        0.0006574844        0.0051414150        0.0055008498        0.0045668257        0.0050987032        0.0801734914        0.1317257855        0.2101681795        0.5569672656        1.0000000000
142.0000        0.0006745986        0.0051830773        0.0054809321        0.0044499796        0.0052591411        0.0805392449        0.1322643202        0.2109306889        0.5552180172        1.0000000000
142.5000        0.0006881572        0.0052266099        0.0054645006        0.0043398099        0.0054104643        0.0808933997        0.1327873691        0.2116728673        0.5535168220        1.0000000000
143.0000        0.0006979578        0.0052718895        0.0054514222        0.0042360847        0.0055526680        0.0812362933        0.1332954639        0.2123955725        0.5518626481        1.0000000000
143.5000        0.0007038435        0.0053187839        0.0054415522        0.0041385615        0.0056858015        0.0815682580        0.1337891208        0.2130996232        0.5502544554        1.0000000000
144.0000        0.0007057065        0.0053671531        0.0054347357        0.0040469896        0.0058099620        0.0818896204        0.1342688393        0.2137857988        0.5486911947        1.0000000000
144.5000        0.0007034906        0.0054168502        0.0054308094        0.0039611121        0.0059252894        0.0822007009        0.1347351016        0.2144548389        0.5471718070        1.0000000000
145.0000        0.0006971933        0.0054677231        0.0054296027        0.0038806676        0.0060319605        0.0825018132        0.1351883721        0.2151074438        0.5456952238        1.0000000000
145.5000        0.0006868665        0.0055196154        0.0054309396        0.0038053924        0.0061301845        0.0827932633        0.1356290967        0.2157442741        0.5442603675        1.0000000000
146.0000        0.0006726175        0.0055723677        0.0054346391        0.0037350218        0.0062201985        0.0830753494        0.1360577022        0.2163659516        0.5428661523        1.0000000000
146.5000        0.0006546073        0.0056258186        0.0054405172        0.0036692916        0.0063022630        0.0833483607        0.1364745961        0.2169730597        0.5415114857        1.0000000000
147.0000        0.0006330500        0.0056798056        0.0054483878        0.0036079393        0.0063766582        0.0836125778        0.1368801663        0.2175661442        0.5401952707        1.0000000000
147.5000        0.0006082098        0.0057341667        0.0054580635        0.0035507053        0.0064436806        0.0838682713        0.1372747809        0.2181457140        0.5389164079        1.0000000000
148.0000        0.0005803978        0.0057887405        0.0054693571        0.0034973338        0.0065036394        0.0841157020        0.1376587879        0.2187122431        0.5376737983        1.0000000000
148.5000        0.0005499679        0.0058433677        0.0054820822        0.0034475739        0.0065568538        0.0843551202        0.1380325160        0.2192661714        0.5364663469        1.0000000000
149.0000        0.0005173118        0.0058978919        0.0054960542        0.0034011801        0.0066036501        0.0845867659        0.1383962740        0.2198079065        0.5352929655        1.0000000000
149.5000        0.0004828530        0.0059521600        0.0055110911        0.0033579134        0.0066443596        0.0848108677        0.1387503520        0.2203378258        0.5341525772        1.0000000000
150.0000        0.0004470409        0.0060060234        0.0055270144        0.0033175414        0.0066793159        0.0850276439        0.1390950214        0.2208562786        0.5330441200        1.0000000000
150.5000        0.0004103434        0.0060593384        0.0055436496        0.0032798392        0.0067088532        0.0852373012        0.1394305359        0.2213635881        0.5319665511        1.0000000000
151.0000        0.0003732394        0.0061119669        0.0055608270        0.0032445896        0.0067333044        0.0854400357        0.1397571324        0.2218600540        0.5309188505        1.0000000000
151.5000        0.0003362114        0.0061637770        0.0055783825        0.0032115837        0.0067529997        0.0856360328        0.1400750318        0.2223459550        0.5299000261        1.0000000000
152.0000        0.0002997372        0.0062146434        0.0055961577        0.0031806209        0.0067682648        0.0858254673        0.1403844404        0.2228215517        0.5289091166        1.0000000000
152.5000        0.0002642819        0.0062644481        0.0056140008        0.0031515093        0.0067794202        0.0860085039        0.1406855510        0.2232870888        0.5279451959        1.0000000000
153.0000        0.0002302898        0.0063130806        0.0056317669        0.0031240661        0.0067867797        0.0861852977        0.1409785445        0.2237427983        0.5270073765        1.0000000000
153.5000        0.0001981767        0.0063604381        0.0056493183        0.0030981175        0.0067906494        0.0863559947        0.1412635912        0.2241889019        0.5260948123        1.0000000000
154.0000        0.0001683225        0.0064064264        0.0056665251        0.0030734986        0.0067913274        0.0865207326        0.1415408524        0.2246256139        0.5252067012        1.0000000000
154.5000        0.0001410644        0.0064509595        0.0056832654        0.0030500540        0.0067891024        0.0866796413        0.1418104821        0.2250531436        0.5243422873        1.0000000000
155.0000        0.0001166906        0.0064939600        0.0056994256        0.0030276374        0.0067842538        0.0868328442        0.1420726287        0.2254716976        0.5235008621        1.0000000000
155.5000        0.0000954352        0.0065353594        0.0057149003        0.0030061118        0.0067770508        0.0869804585        0.1423274364        0.2258814823        0.5226817653        1.0000000000
156.0000        0.0000774737        0.0065750981        0.0057295929        0.0029853494        0.0067677522        0.0871225967        0.1425750469        0.2262827053        0.5218843848        1.0000000000
156.5000        0.0000629198        0.0066131254        0.0057434156        0.0029652312        0.0067566061        0.0872593672        0.1428156012        0.2266755778        0.5211081555        1.0000000000
157.0000        0.0000518234        0.0066493995        0.0057562895        0.0029456476        0.0067438497        0.0873908755        0.1430492407        0.2270603155        0.5203525586        1.0000000000
157.5000        0.0000441696        0.0066838877        0.0057681444        0.0029264976        0.0067297089        0.0875172254        0.1432761085        0.2274371395        0.5196171184        1.0000000000
158.0000        0.0000398796        0.0067165659        0.0057789191        0.0029076888        0.0067143988        0.0876385195        0.1434963512        0.2278062773        0.5189013998        1.0000000000
158.5000        0.0000388123        0.0067474189        0.0057885612        0.0028891376        0.0066981230        0.0877548609        0.1437101191        0.2281679629        0.5182050042        1.0000000000
159.0000        0.0000407675        0.0067764399        0.0057970271        0.0028707683        0.0066810743        0.0878663535        0.1439175674        0.2285224365        0.5175275655        1.0000000000
159.5000        0.0000454908        0.0068036306        0.0058042820        0.0028525134        0.0066634343        0.0879731031        0.1441188569        0.2288699442        0.5168687446        1.0000000000
160.0000        0.0000526790        0.0068290007        0.0058102994        0.0028343132        0.0066453737        0.0880752184        0.1443141542        0.2292107370        0.5162282244        1.0000000000
160.5000        0.0000619870        0.0068525679        0.0058150612        0.0028161155        0.0066270526        0.0881728113        0.1445036316        0.2295450692        0.5156057038        1.0000000000
161.0000        0.0000730363        0.0068743574        0.0058185573        0.0027978751        0.0066086202        0.0882659976        0.1446874671        0.2298731971        0.5150008919        1.0000000000
161.5000        0.0000854230        0.0068944017        0.0058207858        0.0027795539        0.0065902158        0.0883548973        0.1448658441        0.2301953768        0.5144135017        1.0000000000
162.0000        0.0000987281        0.0069127401        0.0058217518        0.0027611201        0.0065719683        0.0884396351        0.1450389504        0.2305118619        0.5138432440        1.0000000000
162.5000        0.0001125269        0.0069294187        0.0058214682        0.0027425481        0.0065539971        0.0885203402        0.1452069774        0.2308229013        0.5132898221        1.0000000000
163.0000        0.0001263990        0.0069444895        0.0058199544        0.0027238183        0.0065364118        0.0885971461        0.1453701187        0.2311287364        0.5127529258        1.0000000000
163.5000        0.0001399390        0.0069580102        0.0058172366        0.0027049162        0.0065193130        0.0886701906        0.1455285691        0.2314295983        0.5122322271        1.0000000000
164.0000        0.0001527660        0.0069700439        0.0058133468        0.0026858325        0.0065027923        0.0887396153        0.1456825223        0.2317257054        0.5117273754        1.0000000000
164.5000        0.0001645328        0.0069806586        0.0058083229        0.0026665625        0.0064869329        0.0888055647        0.1458321700        0.2320172608        0.5112379948        1.0000000000
165.0000        0.0001749343        0.0069899263        0.0058022082        0.0026471057        0.0064718096        0.0888681857        0.1459776994        0.2323044495        0.5107636812        1.0000000000
165.5000        0.0001837155        0.0069979232        0.0057950505        0.0026274655        0.0064574895        0.0889276263        0.1461192915        0.2325874368        0.5103040013        1.0000000000
166.0000        0.0001906768        0.0070047286        0.0057869021        0.0026076485        0.0064440323        0.0889840349        0.1462571192        0.2328663657        0.5098584919        1.0000000000
166.5000        0.0001956793        0.0070104248        0.0057778190        0.0025876645        0.0064314905        0.0890375589        0.1463913454        0.2331413563        0.5094266613        1.0000000000
167.0000        0.0001986475        0.0070150964        0.0057678606        0.0025675257        0.0064199098        0.0890883433        0.1465221213        0.2334125042        0.5090079912        1.0000000000
167.5000        0.0001995706        0.0070188298        0.0057570892        0.0025472468        0.0064093296        0.0891365295        0.1466495847        0.2336798801        0.5086019397        1.0000000000
168.0000        0.0001985021        0.0070217125        0.0057455692        0.0025268440        0.0063997836        0.0891822543        0.1467738585        0.2339435301        0.5082079458        1.0000000000
168.5000        0.0001955572        0.0070238330        0.0057333669        0.0025063351        0.0063912994        0.0892256477        0.1468950499        0.2342034762        0.5078254346        1.0000000000
169.0000        0.0001909083        0.0070252799        0.0057205500        0.0024857392        0.0063838998        0.0892668326        0.1470132491        0.2344597175        0.5074538236        1.0000000000
169.5000        0.0001847797        0.0070261416        0.0057071867        0.0024650758        0.0063776025        0.0893059230        0.1471285293        0.2347122322        0.5070925293        1.0000000000
170.0000        0.0001774390        0.0070265058        0.0056933457        0.0024443653        0.0063724207        0.0893430229        0.1472409462        0.2349609799        0.5067409745        1.0000000000
170.5000        0.0001691891        0.0070264588        0.0056790955        0.0024236280        0.0063683634        0.0893782261        0.1473505385        0.2352059045        0.5063985963        1.0000000000
171.0000        0.0001603572        0.0070260852        0.0056645039        0.0024028842        0.0063654358        0.0894116147        0.1474573284        0.2354469375        0.5060648531        1.0000000000
171.5000        0.0001512847        0.0070254677        0.0056496377        0.0023821541        0.0063636394        0.0894432589        0.1475613229        0.2356840019        0.5057392327        1.0000000000
172.0000        0.0001423148        0.0070246861        0.0056345622        0.0023614574        0.0063629723        0.0894732172        0.1476625152        0.2359170160        0.5054212589        1.0000000000
172.5000        0.0001337816        0.0070238173        0.0056193410        0.0023408129        0.0063634296        0.0895015357        0.1477608866        0.2361458976        0.5051104976        1.0000000000
173.0000        0.0001259984        0.0070229351        0.0056040352        0.0023202390        0.0063650035        0.0895282492        0.1478564083        0.2363705684        0.5048065629        1.0000000000
173.5000        0.0001192470        0.0070221092        0.0055887038        0.0022997531        0.0063676834        0.0895533811        0.1479490445        0.2365909575        0.5045091205        1.0000000000
174.0000        0.0001137678        0.0070214055        0.0055734028        0.0022793717        0.0063714560        0.0895769447        0.1480387543        0.2368070062        0.5042178911        1.0000000000
174.5000        0.0001097517        0.0070208857        0.0055581851        0.0022591103        0.0063763056        0.0895989442        0.1481254951        0.2370186707        0.5039326517        1.0000000000
175.0000        0.0001073328        0.0070206066        0.0055431007        0.0022389835        0.0063822140        0.0896193760        0.1482092251        0.2372259257        0.5036532356        1.0000000000
175.5000        0.0001065842        0.0070206207        0.0055281961        0.0022190049        0.0063891605        0.0896382303        0.1482899062        0.2374287666        0.5033795304        1.0000000000
176.0000        0.0001075148        0.0070209750        0.0055135144        0.0021991873        0.0063971221        0.0896554928        0.1483675066        0.2376272118        0.5031114752        1.0000000000
176.5000        0.0001100691        0.0070217120        0.0054990949        0.0021795426        0.0064060729        0.0896711466        0.1484420037        0.2378213030        0.5028490551        1.0000000000
177.0000        0.0001141293        0.0070228685        0.0054849736        0.0021600820        0.0064159849        0.0896851740        0.1485133856        0.2380111063        0.5025922959        1.0000000000
177.5000        0.0001195192        0.0070244762        0.0054711828        0.0021408160        0.0064268270        0.0896975585        0.1485816535        0.2381967110        0.5023412559        1.0000000000
178.0000        0.0001260112        0.0070265616        0.0054577512        0.0021217546        0.0064385654        0.0897082864        0.1486468232        0.2383782286        0.5020960178        1.0000000000
178.5000        0.0001333344        0.0070291457        0.0054447042        0.0021029074        0.0064511636        0.0897173491        0.1487089253        0.2385557906        0.5018566797        1.0000000000
179.0000        0.0001411853        0.0070322445        0.0054320637        0.0020842835        0.0064645817        0.0897247439        0.1487680066        0.2387295451        0.5016233457        1.0000000000
179.5000        0.0001492392        0.0070358687        0.0054198481        0.0020658922        0.0064787768        0.0897304763        0.1488241289        0.2388996539        0.5013961160        1.0000000000
180.0000        0.0001571630        0.0070400237        0.0054080732        0.0020477424        0.0064937028        0.0897345600        0.1488773691        0.2390662878        0.5011750781        1.0000000000
180.5000        0.0001646283        0.0070447105        0.0053967514        0.0020298432        0.0065093103        0.0897370187        0.1489278172        0.2392296222        0.5009602983        1.0000000000
181.0000        0.0001713250        0.0070499250        0.0053858926        0.0020122038        0.0065255462        0.0897378857        0.1489755752        0.2393898326        0.5007518137        1.0000000000
181.5000        0.0001769733        0.0070556590        0.0053755042        0.0019948338        0.0065423546        0.0897372046        0.1490207541        0.2395470896        0.5005496269        1.0000000000
182.0000        0.0001813360        0.0070618997        0.0053655914        0.0019777428        0.0065596759        0.0897350282        0.1490634714        0.2397015540        0.5003537006        1.0000000000
182.5000        0.0001842279        0.0070686309        0.0053561572        0.0019609410        0.0065774474        0.0897314185        0.1491038486        0.2398533731        0.5001639554        1.0000000000
183.0000        0.0001855245        0.0070758325        0.0053472028        0.0019444390        0.0065956037        0.0897264450        0.1491420073        0.2400026761        0.4999802690        1.0000000000
183.5000        0.0001851672        0.0070834814        0.0053387282        0.0019282475        0.0066140766        0.0897201839        0.1491780664        0.2401495716        0.4998024772        1.0000000000
184.0000        0.0001831666        0.0070915518        0.0053307317        0.0019123780        0.0066327954        0.0897127155        0.1492121385        0.2402941448        0.4996303777        1.0000000000
184.5000        0.0001796024        0.0071000153        0.0053232108        0.0018968419        0.0066516878        0.0897041232        0.1492443275        0.2404364564        0.4994637347        1.0000000000
185.0000        0.0001746207        0.0071088417        0.0053161622        0.0018816514        0.0066706797        0.0896944905        0.1492747251        0.2405765423        0.4993022864        1.0000000000
185.5000        0.0001684281        0.0071179994        0.0053095820        0.0018668184        0.0066896964        0.0896838995        0.1493034092        0.2407144141        0.4991457528        1.0000000000
186.0000        0.0001612838        0.0071274555        0.0053034657        0.0018523553        0.0067086629        0.0896724284        0.1493304418        0.2408500611        0.4989938456        1.0000000000
186.5000        0.0001534880        0.0071371767        0.0052978089        0.0018382741        0.0067275045        0.0896601491        0.1493558679        0.2409834529        0.4988462779        1.0000000000
187.0000        0.0001453699        0.0071471292        0.0052926069        0.0018245871        0.0067461475        0.0896471260        0.1493797152        0.2411145434        0.4987027747        1.0000000000
187.5000        0.0001372729        0.0071572797        0.0052878551        0.0018113058        0.0067645204        0.0896334138        0.1494019944        0.2412432750        0.4985630828        1.0000000000
188.0000        0.0001295399        0.0071675952        0.0052835490        0.0017984417        0.0067825540        0.0896190563        0.1494227002        0.2413695838        0.4984269800        1.0000000000
188.5000        0.0001224979        0.0071780437        0.0052796842        0.0017860052        0.0068001823        0.0896040855        0.1494418131        0.2414934052        0.4982942829        1.0000000000
189.0000        0.0001164433        0.0071885947        0.0052762564        0.0017740063        0.0068173437        0.0895885212        0.1494593016        0.2416146791        0.4981648537        1.0000000000
189.5000        0.0001116286        0.0071992189        0.0052732617        0.0017624535        0.0068339810        0.0895723713        0.1494751256        0.2417333557        0.4980386038        1.0000000000
190.0000        0.0001082505        0.0072098887        0.0052706959        0.0017513545        0.0068500424        0.0895556318        0.1494892396        0.2418494002        0.4979154964        1.0000000000
190.5000        0.0001064409        0.0072205787        0.0052685548        0.0017407153        0.0068654822        0.0895382881        0.1495015963        0.2419627977        0.4977955458        1.0000000000
191.0000        0.0001062605        0.0072312653        0.0052668341        0.0017305407        0.0068802608        0.0895203169        0.1495121507        0.2420735563        0.4976788147        1.0000000000
191.5000        0.0001076958        0.0072419270        0.0052655289        0.0017208333        0.0068943455        0.0895016875        0.1495208640        0.2421817098        0.4975654083        1.0000000000
192.0000        0.0001106596        0.0072525445        0.0052646337        0.0017115942        0.0069077105        0.0894823644        0.1495277069        0.2422873187        0.4974554675        1.0000000000
192.5000        0.0001149950        0.0072631005        0.0052641423        0.0017028223        0.0069203370        0.0894623097        0.1495326635        0.2423904707        0.4973491589        1.0000000000
193.0000        0.0001204827        0.0072735796        0.0052640473        0.0016945147        0.0069322135        0.0894414858        0.1495357332        0.2424912790        0.4972466642        1.0000000000
193.5000        0.0001268514        0.0072839683        0.0052643400        0.0016866658        0.0069433353        0.0894198582        0.1495369335        0.2425898794        0.4971481682        1.0000000000
194.0000        0.0001337909        0.0072942547        0.0052650100        0.0016792684        0.0069537042        0.0893973977        0.1495363009        0.2426864267        0.4970538466        1.0000000000
194.5000        0.0001409672        0.0073044282        0.0052660453        0.0016723127        0.0069633286        0.0893740833        0.1495338910        0.2427810898        0.4969638539        1.0000000000
195.0000        0.0001480390        0.0073144795        0.0052674318        0.0016657870        0.0069722221        0.0893499038        0.1495297783        0.2428740456        0.4968783129        1.0000000000
195.5000        0.0001546740        0.0073244000        0.0052691532        0.0016596773        0.0069804038        0.0893248596        0.1495240546        0.2429654731        0.4967973044        1.0000000000
196.0000        0.0001605660        0.0073341817        0.0052711911        0.0016539677        0.0069878967        0.0892989638        0.1495168264        0.2430555461        0.4967208604        1.0000000000
196.5000        0.0001654496        0.0073438171        0.0052735246        0.0016486406        0.0069947272        0.0892722426        0.1495082118        0.2431444275        0.4966489589        1.0000000000
197.0000        0.0001691137        0.0073532984        0.0052761304        0.0016436768        0.0070009244        0.0892447351        0.1494983368        0.2432322628        0.4965815216        1.0000000000
197.5000        0.0001714114        0.0073626178        0.0052789830        0.0016390557        0.0070065187        0.0892164926        0.1494873307        0.2433191749        0.4965184152        1.0000000000
198.0000        0.0001722675        0.0073717668        0.0052820547        0.0016347555        0.0070115412        0.0891875774        0.1494753219        0.2434052599        0.4964594551        1.0000000000
198.5000        0.0001716814        0.0073807365        0.0052853156        0.0016307538        0.0070160225        0.0891580604        0.1494624332        0.2434905843        0.4964044123        1.0000000000
199.0000        0.0001697263        0.0073895169        0.0052887344        0.0016270276        0.0070199921        0.0891280190        0.1494487775        0.2435751834        0.4963530227        1.0000000000
199.5000        0.0001665447        0.0073980972        0.0052922781        0.0016235539        0.0070234775        0.0890975343        0.1494344537        0.2436590620        0.4963049985        1.0000000000
200.0000        0.0001623396        0.0074064657        0.0052959127        0.0016203099        0.0070265032        0.0890666879        0.1494195439        0.2437421960        0.4962600412        1.0000000000
200.5000        0.0000000097        0.0074157186        0.0053002476        0.0016174170        0.0070302928        0.0890501772        0.1494279832        0.2438626661        0.4962954878        1.0000000000
201.0000        0.0000001154        0.0074233801        0.0053034420        0.0016143054        0.0070325501        0.0890197788        0.1494119142        0.2439421070        0.4962524069        1.0000000000
201.5000        0.0000003257        0.0074307072        0.0053066140        0.0016114010        0.0070342393        0.0889890440        0.1493950049        0.2440204468        0.4962122171        1.0000000000
202.0000        0.0000006216        0.0074376959        0.0053097469        0.0016086911        0.0070353756        0.0889579900        0.1493772911        0.2440977250        0.4961748627        1.0000000000
202.5000        0.0000009802        0.0074443443        0.0053128252        0.0016061635        0.0070359759        0.0889266339        0.1493588102        0.2441739813        0.4961402855        1.0000000000
203.0000        0.0000013757        0.0074506520        0.0053158348        0.0016038059        0.0070360584        0.0888949937        0.1493396006        0.2442492552        0.4961084238        1.0000000000
203.5000        0.0000017814        0.0074566206        0.0053187623        0.0016016061        0.0070356429        0.0888630878        0.1493197020        0.2443235850        0.4960792117        1.0000000000
204.0000        0.0000021712        0.0074622533        0.0053215960        0.0015995522        0.0070347504        0.0888309359        0.1492991553        0.2443970079        0.4960525777        1.0000000000
204.5000        0.0000025207        0.0074675550        0.0053243250        0.0015976321        0.0070334032        0.0887985585        0.1492780022        0.2444695585        0.4960284448        1.0000000000
205.0000        0.0000028091        0.0074725319        0.0053269396        0.0015958342        0.0070316246        0.0887659774        0.1492562846        0.2445412687        0.4960067300        1.0000000000
205.5000        0.0000030201        0.0074771918        0.0053294311        0.0015941470        0.0070294388        0.0887332156        0.1492340447        0.2446121665        0.4959873443        1.0000000000
206.0000        0.0000031430        0.0074815439        0.0053317920        0.0015925590        0.0070268709        0.0887002970        0.1492113241        0.2446822765        0.4959701938        1.0000000000
206.5000        0.0000031728        0.0074855982        0.0053340156        0.0015910590        0.0070239465        0.0886672466        0.1491881633        0.2447516184        0.4959551796        1.0000000000
207.0000        0.0000031108        0.0074893660        0.0053360963        0.0015896363        0.0070206918        0.0886340899        0.1491646015        0.2448202077        0.4959421997        1.0000000000
207.5000        0.0000029641        0.0074928596        0.0053380294        0.0015882800        0.0070171330        0.0886008529        0.1491406756        0.2448880552        0.4959311501        1.0000000000
208.0000        0.0000027450        0.0074960917        0.0053398109        0.0015869801        0.0070132966        0.0885675619        0.1491164205        0.2449551674        0.4959219260        1.0000000000
208.5000        0.0000024698        0.0074990760        0.0053414377        0.0015857263        0.0070092087        0.0885342427        0.1490918680        0.2450215470        0.4959144239        1.0000000000
209.0000        0.0000021581        0.0075018264        0.0053429077        0.0015845093        0.0070048952        0.0885009206        0.1490670471        0.2450871929        0.4959085426        1.0000000000
209.5000        0.0000018309        0.0075043574        0.0053442195        0.0015833199        0.0070003816        0.0884676200        0.1490419839        0.2451521016        0.4959041851        1.0000000000
210.0000        0.0000015095        0.0075066834        0.0053453722        0.0015821495        0.0069956926        0.0884343641        0.1490167014        0.2452162676        0.4959012597        1.0000000000
210.5000        0.0000012135        0.0075088194        0.0053463660        0.0015809901        0.0069908521        0.0884011746        0.1489912195        0.2452796842        0.4958996806        1.0000000000
211.0000        0.0000009602        0.0075107798        0.0053472017        0.0015798340        0.0069858833        0.0883680715        0.1489655562        0.2453423443        0.4958993691        1.0000000000
211.5000        0.0000007627        0.0075125795        0.0053478810        0.0015786744        0.0069808083        0.0883350730        0.1489397267        0.2454042415        0.4959002530        1.0000000000
212.0000        0.0000006296        0.0075142329        0.0053484061        0.0015775052        0.0069756479        0.0883021957        0.1489137449        0.2454653705        0.4959022671        1.0000000000
212.5000        0.0000005645        0.0075157542        0.0053487803        0.0015763206        0.0069704223        0.0882694544        0.1488876237        0.2455257275        0.4959053524        1.0000000000
213.0000        0.0000005657        0.0075171575        0.0053490073        0.0015751158        0.0069651502        0.0882368624        0.1488613750        0.2455853110        0.4959094551        1.0000000000
213.5000        0.0000006265        0.0075184562        0.0053490919        0.0015738867        0.0069598495        0.0882044315        0.1488350110        0.2456441216        0.4959145252        1.0000000000
214.0000        0.0000007362        0.0075196638        0.0053490395        0.0015726298        0.0069545367        0.0881721726        0.1488085441        0.2457021617        0.4959205156        1.0000000000
214.5000        0.0000008807        0.0075207932        0.0053488563        0.0015713422        0.0069492277        0.0881400960        0.1487819874        0.2457594360        0.4959273806        1.0000000000
215.0000        0.0000010441        0.0075218567        0.0053485492        0.0015700218        0.0069439373        0.0881082115        0.1487553550        0.2458159502        0.4959350740        1.0000000000
215.5000        0.0000012099        0.0075228666        0.0053481260        0.0015686672        0.0069386794        0.0880765289        0.1487286624        0.2458717109        0.4959435488        1.0000000000
216.0000        0.0000013620        0.0075238345        0.0053475949        0.0015672774        0.0069334674        0.0880450583        0.1487019258        0.2459267245        0.4959527552        1.0000000000
216.5000        0.0000014868        0.0075247717        0.0053469649        0.0015658522        0.0069283139        0.0880138103        0.1486751623        0.2459809968        0.4959626410        1.0000000000
217.0000        0.0000015736        0.0075256892        0.0053462456        0.0015643917        0.0069232308        0.0879827963        0.1486483898        0.2460345322        0.4959731507        1.0000000000
217.5000        0.0000016157        0.0075265974        0.0053454471        0.0015628966        0.0069182297        0.0879520285        0.1486216261        0.2460873329        0.4959842260        1.0000000000
218.0000        0.0000016111        0.0075275063        0.0053445796        0.0015613677        0.0069133218        0.0879215200        0.1485948887        0.2461393982        0.4959958066        1.0000000000
218.5000        0.0000015620        0.0075284257        0.0053436540        0.0015598065        0.0069085176        0.0878912844        0.1485681943        0.2461907247        0.4960078308        1.0000000000
219.0000        0.0000014752        0.0075293647        0.0053426812        0.0015582144        0.0069038274        0.0878613362        0.1485415579        0.2462413057        0.4960202374        1.0000000000
219.5000        0.0000013607        0.0075303319        0.0053416723        0.0015565933        0.0068992611        0.0878316897        0.1485149925        0.2462911315        0.4960329669        1.0000000000
220.0000        0.0000012315        0.0075313357        0.0053406380        0.0015549452        0.0068948282        0.0878023595        0.1484885089        0.2463401899        0.4960459632        1.0000000000
220.5000        0.0000011016        0.0075323836        0.0053395893        0.0015532719        0.0068905375        0.0877733597        0.1484621150        0.2463884663        0.4960591752        1.0000000000
221.0000        0.0000009851        0.0075334826        0.0053385367        0.0015515757        0.0068863973        0.0877447034        0.1484358158        0.2464359451        0.4960725583        1.0000000000
221.5000        0.0000008948        0.0075346390        0.0053374903        0.0015498587        0.0068824155        0.0877164026        0.1484096135        0.2464826102        0.4960860754        1.0000000000
222.0000        0.0000008409        0.0075358585        0.0053364598        0.0015481230        0.0068785988        0.0876884677        0.1483835077        0.2465284461        0.4960996975        1.0000000000
222.5000        0.0000008300        0.0075371459        0.0053354543        0.0015463709        0.0068749533        0.0876609074        0.1483574954        0.2465734386        0.4961134042        1.0000000000
223.0000        0.0000008645        0.0075385051        0.0053344823        0.0015446047        0.0068714840        0.0876337283        0.1483315720        0.2466175760        0.4961271831        1.0000000000
223.5000        0.0000009423        0.0075399391        0.0053335515        0.0015428266        0.0068681949        0.0876069352        0.1483057316        0.2466608496        0.4961410293        1.0000000000
224.0000        0.0000010568        0.0075414500        0.0053326689        0.0015410389        0.0068650887        0.0875805307        0.1482799677        0.2467032543        0.4961549440        1.0000000000
224.5000        0.0000011978        0.0075430390        0.0053318411        0.0015392441        0.0068621669        0.0875545157        0.1482542737        0.2467447888        0.4961689330        1.0000000000
225.0000        0.0000013520        0.0075447061        0.0053310734        0.0015374447        0.0068594299        0.0875288895        0.1482286439        0.2467854556        0.4961830049        1.0000000000
225.5000        0.0000015045        0.0075464505        0.0053303709        0.0015356433        0.0068568765        0.0875036504        0.1482030739        0.2468252606        0.4961971694        1.0000000000
226.0000        0.0000016404        0.0075482702        0.0053297378        0.0015338429        0.0068545044        0.0874787958        0.1481775608        0.2468642126        0.4962114352        1.0000000000
226.5000        0.0000017457        0.0075501623        0.0053291776        0.0015320464        0.0068523101        0.0874543228        0.1481521037        0.2469023228        0.4962258086        1.0000000000
227.0000        0.0000018092        0.0075521232        0.0053286935        0.0015302569        0.0068502890        0.0874302284        0.1481267037        0.2469396034        0.4962402927        1.0000000000
227.5000        0.0000018233        0.0075541481        0.0053282881        0.0015284780        0.0068484355        0.0874065103        0.1481013638        0.2469760671        0.4962548858        1.0000000000
228.0000        0.0000017853        0.0075562317        0.0053279635        0.0015267130        0.0068467430        0.0873831669        0.1480760885        0.2470117260        0.4962695823        1.0000000000
228.5000        0.0000016972        0.0075583680        0.0053277215        0.0015249657        0.0068452044        0.0873601975        0.1480508833        0.2470465904        0.4962843721        1.0000000000
229.0000        0.0000015658        0.0075605504        0.0053275638        0.0015232399        0.0068438121        0.0873376026        0.1480257543        0.2470806689        0.4962992422        1.0000000000
229.5000        0.0000014026        0.0075627721        0.0053274916        0.0015215395        0.0068425581        0.0873153835        0.1480007075        0.2471139675        0.4963141775        1.0000000000
230.0000        0.0000012222        0.0075650259        0.0053275060        0.0015198685        0.0068414343        0.0872935427        0.1479757480        0.2471464895        0.4963291628        1.0000000000
230.5000        0.0000010413        0.0075673043        0.0053276081        0.0015182308        0.0068404326        0.0872720832        0.1479508797        0.2471782358        0.4963441842        1.0000000000
231.0000        0.0000008771        0.0075696001        0.0053277986        0.0015166301        0.0068395452        0.0872510080        0.1479261044        0.2472092053        0.4963592313        1.0000000000
231.5000        0.0000007454        0.0075719059        0.0053280781        0.0015150701        0.0068387643        0.0872303204        0.1479014219        0.2472393959        0.4963742979        1.0000000000
232.0000        0.0000006596        0.0075742147        0.0053284470        0.0015135542        0.0068380829        0.0872100227        0.1478768297        0.2472688048        0.4963893842        1.0000000000
232.5000        0.0000006287        0.0075765197        0.0053289056        0.0015120856        0.0068374941        0.0871901166        0.1478523232        0.2472974302        0.4964044964        1.0000000000
233.0000        0.0000006565        0.0075788143        0.0053294535        0.0015106672        0.0068369914        0.0871706021        0.1478278956        0.2473252720        0.4964196474        1.0000000000
233.5000        0.0000007416        0.0075810925        0.0053300903        0.0015093013        0.0068365689        0.0871514776        0.1478035390        0.2473523324        0.4964348562        1.0000000000
234.0000        0.0000008769        0.0075833484        0.0053308152        0.0015079901        0.0068362208        0.0871327401        0.1477792446        0.2473786174        0.4964501465        1.0000000000
234.5000        0.0000010502        0.0075855768        0.0053316265        0.0015067351        0.0068359418        0.0871143843        0.1477550035        0.2474041364        0.4964655454        1.0000000000
235.0000        0.0000012458        0.0075877727        0.0053325224        0.0015055377        0.0068357263        0.0870964036        0.1477308074        0.2474289029        0.4964810810        1.0000000000
235.5000        0.0000014454        0.0075899313        0.0053335003        0.0015043987        0.0068355691        0.0870787899        0.1477066498        0.2474529345        0.4964967811        1.0000000000
236.0000        0.0000016303        0.0075920482        0.0053345570        0.0015033185        0.0068354645        0.0870615339        0.1476825256        0.2474762515        0.4965126705        1.0000000000
236.5000        0.0000017829        0.0075941192        0.0053356887        0.0015022973        0.0068354067        0.0870446260        0.1476584327        0.2474988772        0.4965287695        1.0000000000
237.0000        0.0000000041        0.0075961678        0.0053368911        0.0015013268        0.0068354076        0.0870281771        0.1476346714        0.2475213762        0.4965459779        1.0000000000
237.5000        0.0000000238        0.0075981494        0.0053381406        0.0015004087        0.0068354231        0.0870118951        0.1476107096        0.2475428047        0.4965624452        1.0000000000
238.0000        0.0000000578        0.0076000661        0.0053394458        0.0014995509        0.0068354546        0.0869959513        0.1475868051        0.2475635861        0.4965790823        1.0000000000
238.5000        0.0000001026        0.0076019137        0.0053408024        0.0014987536        0.0068354958        0.0869803402        0.1475629565        0.2475837348        0.4965959002        1.0000000000
239.0000        0.0000001538        0.0076036885        0.0053422060        0.0014980169        0.0068355404        0.0869650559        0.1475391630        0.2476032664        0.4966129092        1.0000000000
239.5000        0.0000002061        0.0076053869        0.0053436518        0.0014973404        0.0068355827        0.0869500918        0.1475154242        0.2476221973        0.4966301187        1.0000000000
240.0000        0.0000002542        0.0076070063        0.0053451351        0.0014967236        0.0068356170        0.0869354413        0.1474917407        0.2476405454        0.4966475364        1.0000000000
240.5000        0.0000002935        0.0076085441        0.0053466511        0.0014961656        0.0068356380        0.0869210974        0.1474681138        0.2476583288        0.4966651677        1.0000000000
241.0000        0.0000003198        0.0076099983        0.0053481948        0.0014956656        0.0068356405        0.0869070530        0.1474445461        0.2476755662        0.4966830156        1.0000000000
241.5000        0.0000003307        0.0076113675        0.0053497612        0.0014952223        0.0068356197        0.0868933015        0.1474210408        0.2476922761        0.4967010803        1.0000000000
242.0000        0.0000003252        0.0076126503        0.0053513451        0.0014948343        0.0068355707        0.0868798360        0.1473976022        0.2477084767        0.4967193595        1.0000000000
242.5000        0.0000003039        0.0076138461        0.0053529413        0.0014945001        0.0068354890        0.0868666506        0.1473742352        0.2477241855        0.4967378482        1.0000000000
243.0000        0.0000002691        0.0076149543        0.0053545449        0.0014942181        0.0068353702        0.0868537392        0.1473509453        0.2477394191        0.4967565397        1.0000000000
243.5000        0.0000002245        0.0076159749        0.0053561506        0.0014939866        0.0068352100        0.0868410967        0.1473277382        0.2477541930        0.4967754256        1.0000000000
244.0000        0.0000001745        0.0076169080        0.0053577535        0.0014938036        0.0068350043        0.0868287181        0.1473046196        0.2477685216        0.4967944967        1.0000000000
244.5000        0.0000001243        0.0076177541        0.0053593488        0.0014936675        0.0068347494        0.0868165989        0.1472815953        0.2477824183        0.4968137433        1.0000000000
245.0000        0.0000000788        0.0076185139        0.0053609318        0.0014935763        0.0068344419        0.0868047348        0.1472586705        0.2477958957        0.4968331564        1.0000000000
245.5000        0.0000000422        0.0076191885        0.0053624982        0.0014935279        0.0068340786        0.0867931219        0.1472358501        0.2478089655        0.4968527272        1.0000000000
246.0000        0.0000000178        0.0076197794        0.0053640437        0.0014935206        0.0068336567        0.0867817560        0.1472131383        0.2478216394        0.4968724481        1.0000000000
246.5000        0.0000000075        0.0076202880        0.0053655647        0.0014935522        0.0068331739        0.0867706329        0.1471905393        0.2478339291        0.4968923124        1.0000000000
247.0000        0.0000000114        0.0076207164        0.0053670576        0.0014936209        0.0068326286        0.0867597482        0.1471680565        0.2478458465        0.4969123141        1.0000000000
247.5000        0.0000000284        0.0076210669        0.0053685193        0.0014937245        0.0068320193        0.0867490971        0.1471456932        0.2478574039        0.4969324475        1.0000000000
248.0000        0.0000000555        0.0076213421        0.0053699472        0.0014938610        0.0068313453        0.0867386744        0.1471234531        0.2478686144        0.4969527070        1.0000000000
248.5000        0.0000000892        0.0076215448        0.0053713389        0.0014940283        0.0068306065        0.0867284748        0.1471013396        0.2478794917        0.4969730862        1.0000000000
249.0000        0.0000001251        0.0076216784        0.0053726923        0.0014942242        0.0068298032        0.0867184924        0.1470793570        0.2478900501        0.4969935774        1.0000000000
249.5000        0.0000001588        0.0076217464        0.0053740059        0.0014944465        0.0068289360        0.0867087212        0.1470575099        0.2479003041        0.4970141712        1.0000000000
250.0000        0.0000001863        0.0076217527        0.0053752783        0.0014946929        0.0068280064        0.0866991551        0.1470358040        0.2479102685        0.4970348559        1.0000000000
250.5000        0.0000002047        0.0076217013        0.0053765083        0.0014949610        0.0068270159        0.0866897883        0.1470142454        0.2479199575        0.4970556176        1.0000000000
251.0000        0.0000002120        0.0076215965        0.0053776953        0.0014952486        0.0068259666        0.0866806149        0.1469928412        0.2479293849        0.4970764400        1.0000000000
251.5000        0.0000002078        0.0076214430        0.0053788386        0.0014955532        0.0068248605        0.0866716298        0.1469715990        0.2479385631        0.4970973049        1.0000000000
252.0000        0.0000001932        0.0076212452        0.0053799378        0.0014958724        0.0068237002        0.0866628281        0.1469505268        0.2479475037        0.4971181926        1.0000000000
252.5000        0.0000001703        0.0076210079        0.0053809927        0.0014962038        0.0068224881        0.0866542055        0.1469296330        0.2479562165        0.4971390823        1.0000000000
253.0000        0.0000001422        0.0076207357        0.0053820032        0.0014965450        0.0068212269        0.0866457585        0.1469089254        0.2479647098        0.4971599533        1.0000000000
253.5000        0.0000001126        0.0076204333        0.0053829694        0.0014968938        0.0068199191        0.0866374839        0.1468884120        0.2479729907        0.4971807852        1.0000000000
254.0000        0.0000000851        0.0076201052        0.0053838915        0.0014972479        0.0068185673        0.0866293792        0.1468681000        0.2479810647        0.4972015591        1.0000000000
254.5000        0.0000000628        0.0076197557        0.0053847700        0.0014976052        0.0068171743        0.0866214421        0.1468479956        0.2479889369        0.4972222575        1.0000000000
255.0000        0.0000000479        0.0076193891        0.0053856052        0.0014979638        0.0068157426        0.0866136705        0.1468281047        0.2479966112        0.4972428649        1.0000000000
255.5000        0.0000000418        0.0076190092        0.0053863981        0.0014983220        0.0068142749        0.0866060623        0.1468084319        0.2480040919        0.4972633680        1.0000000000
256.0000        0.0000000443        0.0076186197        0.0053871495        0.0014986781        0.0068127740        0.0865986152        0.1467889815        0.2480113831        0.4972837547        1.0000000000
256.5000        0.0000000542        0.0076182241        0.0053878606        0.0014990306        0.0068112426        0.0865913269        0.1467697569        0.2480184895        0.4973040147        1.0000000000
257.0000        0.0000000694        0.0076178255        0.0053885329        0.0014993783        0.0068096839        0.0865841945        0.1467507613        0.2480254163        0.4973241380        1.0000000000
257.5000        0.0000000871        0.0076174269        0.0053891679        0.0014997200        0.0068081010        0.0865772147        0.1467319981        0.2480321694        0.4973441150        1.0000000000
258.0000        0.0000001043        0.0076170309        0.0053897677        0.0015000549        0.0068064973        0.0865703841        0.1467134704        0.2480387552        0.4973639352        1.0000000000
258.5000        0.0000001185        0.0076166401        0.0053903344        0.0015003820        0.0068048764        0.0865636988        0.1466951820        0.2480451806        0.4973835873        1.0000000000
259.0000        0.0000001275        0.0076162567        0.0053908704        0.0015007005        0.0068032421        0.0865571551        0.1466771370        0.2480514521        0.4974030585        1.0000000000
259.5000        0.0000001302        0.0076158830        0.0053913783        0.0015010099        0.0068015985        0.0865507491        0.1466593401        0.2480575763        0.4974223346        1.0000000000
260.0000        0.0000001266        0.0076155210        0.0053918608        0.0015013095        0.0067999497        0.0865444772        0.1466417964        0.2480635586        0.4974414002        1.0000000000
260.5000        0.0000001175        0.0076151724        0.0053923208        0.0015015988        0.0067983000        0.0865383362        0.1466245115        0.2480694037        0.4974602390        1.0000000000
261.0000        0.0000001049        0.0076148392        0.0053927612        0.0015018773        0.0067966536        0.0865323234        0.1466074909        0.2480751148        0.4974788346        1.0000000000
261.5000        0.0000000911        0.0076145228        0.0053931849        0.0015021445        0.0067950148        0.0865264366        0.1465907401        0.2480806938        0.4974971713        1.0000000000
262.0000        0.0000000786        0.0076142248        0.0053935948        0.0015024000        0.0067933876        0.0865206744        0.1465742640        0.2480861414        0.4975152345        1.0000000000
262.5000        0.0000000696        0.0076139465        0.0053939936        0.0015026435        0.0067917758        0.0865150355        0.1465580670        0.2480914569        0.4975330117        1.0000000000
263.0000        0.0000000657        0.0076136888        0.0053943839        0.0015028746        0.0067901830        0.0865095194        0.1465421525        0.2480966392        0.4975504927        1.0000000000
263.5000        0.0000000678        0.0076134528        0.0053947683        0.0015030931        0.0067886126        0.0865041256        0.1465265230        0.2481016866        0.4975676702        1.0000000000
264.0000        0.0000000754        0.0076132388        0.0053951491        0.0015032990        0.0067870675        0.0864988538        0.1465111799        0.2481065975        0.4975845391        1.0000000000
264.5000        0.0000000873        0.0076130473        0.0053955283        0.0015034923        0.0067855502        0.0864937036        0.1464961237        0.2481113706        0.4976010968        1.0000000000
265.0000        0.0000001014        0.0076128781        0.0053959080        0.0015036730        0.0067840631        0.0864886741        0.1464813542        0.2481160055        0.4976173425        1.0000000000
265.5000        0.0000001153        0.0076127309        0.0053962900        0.0015038416        0.0067826083        0.0864837642        0.1464668707        0.2481205029        0.4976332761        1.0000000000
266.0000        0.0000001264        0.0076126050        0.0053966761        0.0015039983        0.0067811875        0.0864789724        0.1464526722        0.2481248642        0.4976488979        1.0000000000
266.5000        0.0000001325        0.0076124993        0.0053970678        0.0015041440        0.0067798024        0.0864742967        0.1464387579        0.2481290918        0.4976642076        1.0000000000
267.0000        0.0000001325        0.0076124126        0.0053974668        0.0015042792        0.0067784544        0.0864697345        0.1464251273        0.2481331888        0.4976792039        1.0000000000
267.5000        0.0000001258        0.0076123433        0.0053978745        0.0015044048        0.0067771453        0.0864652834        0.1464117801        0.2481371584        0.4976938844        1.0000000000
268.0000        0.0000001135        0.0076122896        0.0053982925        0.0015045218        0.0067758763        0.0864609406        0.1463987169        0.2481410037        0.4977082453        1.0000000000
268.5000        0.0000000972        0.0076122495        0.0053987223        0.0015046311        0.0067746490        0.0864567035        0.1463859383        0.2481447273        0.4977222817        1.0000000000
269.0000        0.0000000797        0.0076122212        0.0053991654        0.0015047338        0.0067734649        0.0864525700        0.1463734456        0.2481483310        0.4977359885        1.0000000000
269.5000        0.0000000637        0.0076122024        0.0053996232        0.0015048308        0.0067723256        0.0864485382        0.1463612400        0.2481518155        0.4977493606        1.0000000000
270.0000        0.0000000523        0.0076121912        0.0054000970        0.0015049233        0.0067712324        0.0864446067        0.1463493225        0.2481551803        0.4977623943        1.0000000000
270.5000        0.0000000476        0.0076121855        0.0054005882        0.0015050121        0.0067701868        0.0864407747        0.1463376937        0.2481584242        0.4977750871        1.0000000000
271.0000        0.0000000508        0.0076121835        0.0054010978        0.0015050982        0.0067691899        0.0864370420        0.1463263534        0.2481615452        0.4977874392        1.0000000000
271.5000        0.0000000619        0.0076121832        0.0054016269        0.0015051824        0.0067682427        0.0864334085        0.1463153006        0.2481645410        0.4977994530        1.0000000000
272.0000        0.0000000796        0.0076121829        0.0054021760        0.0015052654        0.0067673459        0.0864298742        0.1463045332        0.2481674096        0.4978111333        1.0000000000
272.5000        0.0000001013        0.0076121809        0.0054027456        0.0015053480        0.0067664999        0.0864264393        0.1462940483        0.2481701494        0.4978224872        1.0000000000
273.0000        0.0000001240        0.0076121756        0.0054033360        0.0015054310        0.0067657045        0.0864231036        0.1462838423        0.2481727601        0.4978335228        1.0000000000
273.5000        0.0000001440        0.0076121653        0.0054039470        0.0015055149        0.0067649595        0.0864198666        0.1462739110        0.2481752423        0.4978442493        1.0000000000
274.0000        0.0000001582        0.0076121485        0.0054045783        0.0015056005        0.0067642640        0.0864167273        0.1462642499        0.2481775980        0.4978546752        1.0000000000
274.5000        0.0000001640        0.0076121236        0.0054052293        0.0015056885        0.0067636170        0.0864136839        0.1462548548        0.2481798304        0.4978648086        1.0000000000
275.0000        0.0000001603        0.0076120888        0.0054058991        0.0015057797        0.0067630170        0.0864107346        0.1462457217        0.2481819434        0.4978746554        1.0000000000
275.5000        0.0000001475        0.0076120424        0.0054065868        0.0015058748        0.0067624626        0.0864078768        0.1462368472        0.2481839415        0.4978842203        1.0000000000
276.0000        0.0000001273        0.0076119827        0.0054072913        0.0015059749        0.0067619521        0.0864051079        0.1462282285        0.2481858293        0.4978935059        1.0000000000
276.5000        0.0000001027        0.0076119079        0.0054080115        0.0015060806        0.0067614839        0.0864024253        0.1462198636        0.2481876109        0.4979025135        1.0000000000
277.0000        0.0000000777        0.0076118161        0.0054087461        0.0015061931        0.0067610563        0.0863998267        0.1462117509        0.2481892896        0.4979112436        1.0000000000
277.5000        0.0000000561        0.0076117056        0.0054094941        0.0015063130        0.0067606677        0.0863973099        0.1462038889        0.2481908678        0.4979196968        1.0000000000
278.0000        0.0000000416        0.0076115748        0.0054102543        0.0015064413        0.0067603168        0.0863948733        0.1461962764        0.2481923471        0.4979278744        1.0000000000
278.5000        0.0000000367        0.0076114221        0.0054110256        0.0015065788        0.0067600022        0.0863925159        0.1461889116        0.2481937279        0.4979357792        1.0000000000
279.0000        0.0000000422        0.0076112462        0.0054118071        0.0015067262        0.0067597227        0.0863902371        0.1461817921        0.2481950105        0.4979434161        1.0000000000
279.5000        0.0000000576        0.0076110460        0.0054125977        0.0015068839        0.0067594770        0.0863880365        0.1461749149        0.2481961948        0.4979507917        1.0000000000
280.0000        0.0000000805        0.0076108206        0.0054133964        0.0015070525        0.0067592640        0.0863859140        0.1461682761        0.2481972813        0.4979579146        1.0000000000
280.5000        0.0000001074        0.0076105697        0.0054142021        0.0015072322        0.0067590824        0.0863838694        0.1461618710        0.2481982713        0.4979647947        1.0000000000
281.0000        0.0000001339        0.0076102928        0.0054150137        0.0015074232        0.0067589307        0.0863819022        0.1461556944        0.2481991670        0.4979714422        1.0000000000
281.5000        0.0000001557        0.0076099899        0.0054158300        0.0015076255        0.0067588072        0.0863800115        0.1461497408        0.2481999724        0.4979778670        1.0000000000
282.0000        0.0000001692        0.0076096614        0.0054166496        0.0015078392        0.0067587102        0.0863781958        0.1461440046        0.2482006922        0.4979840779        1.0000000000
282.5000        0.0000001723        0.0076093076        0.0054174708        0.0015080640        0.0067586374        0.0863764532        0.1461384807        0.2482013326        0.4979900814        1.0000000000
283.0000        0.0000001643        0.0076089291        0.0054182922        0.0015082999        0.0067585865        0.0863747811        0.1461331646        0.2482019002        0.4979958822        1.0000000000
283.5000        0.0000001466        0.0076085265        0.0054191118        0.0015085466        0.0067585550        0.0863731768        0.1461280524        0.2482024017        0.4980014826        1.0000000000
284.0000        0.0000001219        0.0076081004        0.0054199279        0.0015088042        0.0067585405        0.0863716373        0.1461231411        0.2482028438        0.4980068828        1.0000000000
284.5000        0.0000000946        0.0076076517        0.0054207387        0.0015090723        0.0067585402        0.0863701596        0.1461184286        0.2482032323        0.4980120822        1.0000000000
285.0000        0.0000000690        0.0076071809        0.0054215422        0.0015093510        0.0067585516        0.0863687411        0.1461139129        0.2482035718        0.4980170795        1.0000000000
285.5000        0.0000000494        0.0076066887        0.0054223369        0.0015096402        0.0067585725        0.0863673796        0.1461095926        0.2482038661        0.4980218740        1.0000000000
286.0000        0.0000000392        0.0076061758        0.0054231211        0.0015099398        0.0067586008        0.0863660734        0.1461054659        0.2482041178        0.4980264663        1.0000000000
286.5000        0.0000000398        0.0076056429        0.0054238933        0.0015102497        0.0067586345        0.0863648213        0.1461015308        0.2482043292        0.4980308586        1.0000000000
287.0000        0.0000000511        0.0076050906        0.0054246525        0.0015105697        0.0067586721        0.0863636226        0.1460977845        0.2482045018        0.4980350550        1.0000000000
287.5000        0.0000000709        0.0076045197        0.0054253976        0.0015108998        0.0067587123        0.0863624768        0.1460942236        0.2482046380        0.4980390613        1.0000000000
288.0000        0.0000000958        0.0076039313        0.0054261278        0.0015112395        0.0067587539        0.0863613834        0.1460908438        0.2482047404        0.4980428840        1.0000000000
288.5000        0.0000001214        0.0076033265        0.0054268425        0.0015115884        0.0067587961        0.0863603418        0.1460876404        0.2482048130        0.4980465300        1.0000000000
289.0000        0.0000001430        0.0076027064        0.0054275410        0.0015119461        0.0067588378        0.0863593510        0.1460846083        0.2482048610        0.4980500054        1.0000000000
289.5000        0.0000001570        0.0076020727        0.0054282230        0.0015123119        0.0067588782        0.0863584094        0.1460817427        0.2482048905        0.4980533146        1.0000000000
290.0000        0.0000001610        0.0076014270        0.0054288879        0.0015126850        0.0067589163        0.0863575151        0.1460790389        0.2482049089        0.4980564600        1.0000000000
290.5000        0.0000001544        0.0076007710        0.0054295354        0.0015130646        0.0067589510        0.0863566654        0.1460764930        0.2482049237        0.4980594415        1.0000000000
291.0000        0.0000001385        0.0076001068        0.0054301649        0.0015134500        0.0067589811        0.0863558575        0.1460741020        0.2482049426        0.4980622567        1.0000000000
291.5000        0.0000001164        0.0075994362        0.0054307759        0.0015138402        0.0067590051        0.0863550882        0.1460718636        0.2482049725        0.4980649018        1.0000000000
292.0000        0.0000000921        0.0075987611        0.0054313679        0.0015142344        0.0067590216        0.0863543547        0.1460697765        0.2482050197        0.4980673719        1.0000000000
292.5000        0.0000000700        0.0075980835        0.0054319402        0.0015146320        0.0067590293        0.0863536542        0.1460678397        0.2482050890        0.4980696622        1.0000000000
293.0000        0.0000000540        0.0075974049        0.0054324922        0.0015150322        0.0067590268        0.0863529845        0.1460660524        0.2482051840        0.4980717690        1.0000000000
293.5000        0.0000000468        0.0075967271        0.0054330236        0.0015154344        0.0067590129        0.0863523440        0.1460644137        0.2482053073        0.4980736902        1.0000000000
294.0000        0.0000000496        0.0075960513        0.0054335339        0.0015158381        0.0067589868        0.0863517315        0.1460629222        0.2482054609        0.4980754256        1.0000000000
294.5000        0.0000000614        0.0075953786        0.0054340231        0.0015162429        0.0067589478        0.0863511465        0.1460615759        0.2482056468        0.4980769770        1.0000000000
295.0000        0.0000000797        0.0075947103        0.0054344910        0.0015166483        0.0067588957        0.0863505886        0.1460603719        0.2482058672        0.4980783474        1.0000000000
295.5000        0.0000001009        0.0075940471        0.0054349381        0.0015170539        0.0067588304        0.0863500574        0.1460593066        0.2482061252        0.4980795405        1.0000000000
296.0000        0.0000001208        0.0075933899        0.0054353647        0.0015174592        0.0067587523        0.0863495524        0.1460583761        0.2482064251        0.4980805596        1.0000000000
296.5000        0.0000001355        0.0075927395        0.0054357714        0.0015178638        0.0067586619        0.0863490727        0.1460575763        0.2482067722        0.4980814067        1.0000000000
297.0000        0.0000001424        0.0075920967        0.0054361593        0.0015182671        0.0067585599        0.0863486170        0.1460569031        0.2482071729        0.4980820818        1.0000000000
297.5000        0.0000001403        0.0075914625        0.0054365290        0.0015186685        0.0067584468        0.0863481832        0.1460563532        0.2482076339        0.4980825827        1.0000000000
298.0000        0.0000001298        0.0075908377        0.0054368816        0.0015190673        0.0067583233        0.0863477691        0.1460559238        0.2482081623        0.4980829051        1.0000000000
298.5000        0.0000001133        0.0075902234        0.0054372180        0.0015194628        0.0067581899        0.0863473719        0.1460556133        0.2482087644        0.4980830431        1.0000000000
299.0000        0.0000000941        0.0075896205        0.0054375390        0.0015198542        0.0067580469        0.0863469891        0.1460554206        0.2482094455        0.4980829900        1.0000000000
299.5000        0.0000000762        0.0075890302        0.0054378454        0.0015202410        0.0067578944        0.0863466182        0.1460553454        0.2482102098        0.4980827394        1.0000000000
300.0000        0.0000000631        0.0075884532        0.0054381378        0.0015206225        0.0067577326        0.0863462572        0.1460553875        0.2482110601        0.4980822860        1.0000000000
