       t         state 0 pop         state 1 pop         state 2 pop         state 3 pop         state 4 pop         state 5 pop         state 6 pop         state 7 pop         state 8 pop              poptot
  0.0000        0.0001591468        0.0001660124        0.0001740360        0.0001819542        0.0003606147        0.0003844484        0.0004132492        0.0004426991        0.9977178394        1.0000000000
  0.5000        0.0001660445        0.0001731230        0.0001814282        0.0001895856        0.0003769501        0.0004015832        0.0004314596        0.0004618554        0.9976179705        1.0000000000
  1.0000        0.0001729179        0.0001802107        0.0001888015        0.0001971993        0.0003935651        0.0004190020        0.0004499706        0.0004813146        0.9975170183        1.0000000000
  1.5000        0.0001795548        0.0001870657        0.0001959481        0.0002045899        0.0004102416        0.0004364898        0.0004685696        0.0005008674        0.9974166731        1.0000000000
  2.0000        0.0001857494        0.0001934844        0.0002026653        0.0002115570        0.0004267588        0.0004538295        0.0004870419        0.0005203030        0.9973186107        1.0000000000
  2.5000        0.0001913087        0.0001992749        0.0002087618        0.0002179111        0.0004428968        0.0004708043        0.0005051734        0.0005394110        0.9972244581        1.0000000000
  3.0000        0.0001960582        0.0002042632        0.0002140628        0.0002234778        0.0004584390        0.0004872009        0.0005227525        0.0005579838        0.9971357619        1.0000000000
  3.5000        0.0001998482        0.0002082980        0.0002184149        0.0002281031        0.0004731755        0.0005028118        0.0005395729        0.0005758185        0.9970539571        1.0000000000
  4.0000        0.0002025575        0.0002112553        0.0002216904        0.0002316570        0.0004869055        0.0005174381        0.0005554361        0.0005927192        0.9969803408        1.0000000000
  4.5000        0.0000000482        0.0000000504        0.0000000530        0.0000000555        0.0000001233        0.0000001323        0.0000001435        0.0000001550        0.9999992389        1.0000000000
  5.0000        0.0000002441        0.0000002549        0.0000002679        0.0000002805        0.0000006279        0.0000006732        0.0000007302        0.0000007881        0.9999961332        1.0000000000
  5.5000        0.0000005874        0.0000006133        0.0000006449        0.0000006752        0.0000015253        0.0000016346        0.0000017729        0.0000019124        0.9999906340        1.0000000000
  6.0000        0.0000010703        0.0000011179        0.0000011762        0.0000012318        0.0000028143        0.0000030152        0.0000032705        0.0000035268        0.9999827768        1.0000000000
  6.5000        0.0000016810        0.0000017569        0.0000018500        0.0000019385        0.0000044890        0.0000048091        0.0000052174        0.0000056254        0.9999726327        1.0000000000
  7.0000        0.0000024035        0.0000025144        0.0000026505        0.0000027797        0.0000065385        0.0000070055        0.0000076032        0.0000081977        0.9999603070        1.0000000000
  7.5000        0.0000032184        0.0000033712        0.0000035586        0.0000037362        0.0000089475        0.0000095892        0.0000104131        0.0000112288        0.9999459372        1.0000000000
  8.0000        0.0000041037        0.0000043051        0.0000045521        0.0000047860        0.0000116961        0.0000125404        0.0000136276        0.0000146996        0.9999296895        1.0000000000
  8.5000        0.0000050347        0.0000052917        0.0000056067        0.0000059048        0.0000147600        0.0000158354        0.0000172235        0.0000185868        0.9999117564        1.0000000000
  9.0000        0.0000059856        0.0000063052        0.0000066961        0.0000070665        0.0000181113        0.0000194463        0.0000211734        0.0000228635        0.9998923522        1.0000000000
  9.5000        0.0000069297        0.0000073186        0.0000077932        0.0000082437        0.0000217182        0.0000233419        0.0000254465        0.0000274990        0.9998717092        1.0000000000
 10.0000        0.0000078404        0.0000083049        0.0000088707        0.0000094088        0.0000255459        0.0000274876        0.0000300086        0.0000324596        0.9998500734        1.0000000000
 10.5000        0.0000086918        0.0000092380        0.0000099015        0.0000105345        0.0000295566        0.0000318461        0.0000348226        0.0000377087        0.9998277001        1.0000000000
 11.0000        0.0000094598        0.0000100927        0.0000108598        0.0000115941        0.0000337105        0.0000363777        0.0000398491        0.0000432069        0.9998048494        1.0000000000
 11.5000        0.0000101224        0.0000108463        0.0000117214        0.0000125629        0.0000379654        0.0000410405        0.0000450463        0.0000489132        0.9997817815        1.0000000000
 12.0000        0.0000106606        0.0000114785        0.0000124648        0.0000134180        0.0000422782        0.0000457915        0.0000503710        0.0000547843        0.9997587531        1.0000000000
 12.5000        0.0000110590        0.0000119724        0.0000130713        0.0000141394        0.0000466047        0.0000505864        0.0000557786        0.0000607759        0.9997360124        1.0000000000
 13.0000        0.0000113060        0.0000123145        0.0000135258        0.0000147103        0.0000509004        0.0000553804        0.0000612237        0.0000668427        0.9997137962        1.0000000000
 13.5000        0.0000113944        0.0000124958        0.0000138168        0.0000151175        0.0000551209        0.0000601287        0.0000666607        0.0000729391        0.9996923262        1.0000000000
 14.0000        0.0000113214        0.0000125113        0.0000139371        0.0000153516        0.0000592226        0.0000647868        0.0000720442        0.0000790191        0.9996718059        1.0000000000
 14.5000        0.0000110889        0.0000123606        0.0000138838        0.0000154075        0.0000631630        0.0000693113        0.0000773290        0.0000850373        0.9996524185        1.0000000000
 15.0000        0.0000107035        0.0000120478        0.0000136584        0.0000152842        0.0000669013        0.0000736599        0.0000824713        0.0000909489        0.9996343248        1.0000000000
 15.5000        0.0000101759        0.0000115811        0.0000132668        0.0000149849        0.0000703987        0.0000777923        0.0000874286        0.0000967104        0.9996176613        1.0000000000
 16.0000        0.0000000820        0.0000000845        0.0000000882        0.0000000913        0.0000002422        0.0000002558        0.0000002759        0.0000002940        0.9999985861        1.0000000000
 16.5000        0.0000003661        0.0000003772        0.0000003937        0.0000004071        0.0000010901        0.0000011499        0.0000012397        0.0000013196        0.9999936567        1.0000000000
 17.0000        0.0000008508        0.0000008763        0.0000009146        0.0000009454        0.0000025601        0.0000026978        0.0000029072        0.0000030915        0.9999851563        1.0000000000
 17.5000        0.0000015279        0.0000015737        0.0000016429        0.0000016983        0.0000046598        0.0000049060        0.0000052849        0.0000056152        0.9999730913        1.0000000000
 18.0000        0.0000023841        0.0000024562        0.0000025656        0.0000026527        0.0000073903        0.0000077750        0.0000083735        0.0000088907        0.9999575118        1.0000000000
 18.5000        0.0000034013        0.0000035059        0.0000036650        0.0000037912        0.0000107467        0.0000112990        0.0000121679        0.0000129122        0.9999385108        1.0000000000
 19.0000        0.0000045565        0.0000047004        0.0000049189        0.0000050921        0.0000147178        0.0000154668        0.0000166573        0.0000176687        0.9999162214        1.0000000000
 19.5000        0.0000058234        0.0000060137        0.0000063018        0.0000065303        0.0000192866        0.0000202611        0.0000218253        0.0000231435        0.9998908143        1.0000000000
 20.0000        0.0000071721        0.0000074166        0.0000077847        0.0000080773        0.0000244301        0.0000256591        0.0000276500        0.0000293152        0.9998624948        1.0000000000
 20.5000        0.0000085706        0.0000088775        0.0000093364        0.0000097024        0.0000301198        0.0000316328        0.0000341045        0.0000361572        0.9998314988        1.0000000000
 21.0000        0.0000099852        0.0000103634        0.0000109238        0.0000113732        0.0000363217        0.0000381490        0.0000411567        0.0000436385        0.9997980884        1.0000000000
 21.5000        0.0000113816        0.0000118403        0.0000125130        0.0000130562        0.0000429972        0.0000451698        0.0000487704        0.0000517236        0.9997625479        1.0000000000
 22.0000        0.0000127257        0.0000132743        0.0000140699        0.0000147175        0.0000501028        0.0000526531        0.0000569047        0.0000603733        0.9997251788        1.0000000000
 22.5000        0.0000139844        0.0000146325        0.0000155610        0.0000163237        0.0000575912        0.0000605529        0.0000655151        0.0000695445        0.9996862948        1.0000000000
 23.0000        0.0000151268        0.0000158834        0.0000169543        0.0000178427        0.0000654110        0.0000688195        0.0000745536        0.0000791910        0.9996462176        1.0000000000
 23.5000        0.0000161246        0.0000169983        0.0000182198        0.0000192440        0.0000735082        0.0000774005        0.0000839693        0.0000892639        0.9996052715        1.0000000000
 24.0000        0.0000169529        0.0000179513        0.0000193303        0.0000204997        0.0000818257        0.0000862408        0.0000937086        0.0000997118        0.9995637789        1.0000000000
 24.5000        0.0000175912        0.0000187205        0.0000202620        0.0000215849        0.0000903047        0.0000952832        0.0001037160        0.0001104813        0.9995220563        1.0000000000
 25.0000        0.0000180234        0.0000192881        0.0000209952        0.0000224783        0.0000988845        0.0001044692        0.0001139342        0.0001215176        0.9994804094        1.0000000000
 25.5000        0.0000182386        0.0000196411        0.0000215144        0.0000231625        0.0001075038        0.0001137393        0.0001243050        0.0001327648        0.9994391303        1.0000000000
 26.0000        0.0000182314        0.0000197716        0.0000218088        0.0000236246        0.0001161008        0.0001230336        0.0001347694        0.0001441663        0.9993984935        1.0000000000
 26.5000        0.0000180018        0.0000196768        0.0000218725        0.0000238562        0.0001246140        0.0001322922        0.0001452683        0.0001556653        0.9993587530        1.0000000000
 27.0000        0.0000175553        0.0000193590        0.0000217048        0.0000238535        0.0001329825        0.0001414559        0.0001557431        0.0001672055        0.9993201404        1.0000000000
 27.5000        0.0000000241        0.0000000243        0.0000000251        0.0000000255        0.0000000876        0.0000000899        0.0000000959        0.0000001002        0.9999995274        1.0000000000
 28.0000        0.0000002975        0.0000002999        0.0000003093        0.0000003141        0.0000010906        0.0000011158        0.0000011890        0.0000012398        0.9999941439        1.0000000000
 28.5000        0.0000008777        0.0000008839        0.0000009113        0.0000009246        0.0000032515        0.0000033190        0.0000035328        0.0000036775        0.9999826218        1.0000000000
 29.0000        0.0000017613        0.0000017725        0.0000018270        0.0000018526        0.0000066115        0.0000067343        0.0000071604        0.0000074420        0.9999648384        1.0000000000
 29.5000        0.0000029382        0.0000029553        0.0000030462        0.0000030878        0.0000112042        0.0000113888        0.0000120978        0.0000125553        0.9999407264        1.0000000000
 30.0000        0.0000043912        0.0000044154        0.0000045523        0.0000046140        0.0000170553        0.0000173020        0.0000183636        0.0000190323        0.9999102739        1.0000000000
 30.5000        0.0000060967        0.0000061299        0.0000063230        0.0000064094        0.0000241825        0.0000244857        0.0000259691        0.0000268813        0.9998735225        1.0000000000
 31.0000        0.0000080250        0.0000080702        0.0000083305        0.0000084472        0.0000325955        0.0000329441        0.0000349184        0.0000361036        0.9998305655        1.0000000000
 31.5000        0.0000101414        0.0000102029        0.0000105424        0.0000106963        0.0000422959        0.0000426738        0.0000452083        0.0000466943        0.9997815448        1.0000000000
 32.0000        0.0000124063        0.0000124901        0.0000129218        0.0000131213        0.0000532777        0.0000536641        0.0000568289        0.0000586419        0.9997266478        1.0000000000
 32.5000        0.0000147768        0.0000148908        0.0000154288        0.0000156840        0.0000655268        0.0000658970        0.0000697633        0.0000719292        0.9996661034        1.0000000000
 33.0000        0.0000172071        0.0000173611        0.0000180206        0.0000183433        0.0000790219        0.0000793476        0.0000839883        0.0000865329        0.9996001772        1.0000000000
 33.5000        0.0000196495        0.0000198555        0.0000206527        0.0000210566        0.0000937344        0.0000939845        0.0000994747        0.0001024245        0.9995291674        1.0000000000
 34.0000        0.0000220560        0.0000223280        0.0000232800        0.0000237804        0.0001096288        0.0001097698        0.0001161873        0.0001195705        0.9994533992        1.0000000000
 34.5000        0.0000000020        0.0000000020        0.0000000020        0.0000000021        0.0000000087        0.0000000086        0.0000000091        0.0000000094        0.9999999560        1.0000000000
 35.0000        0.0000002473        0.0000002445        0.0000002497        0.0000002499        0.0000010725        0.0000010636        0.0000011210        0.0000011504        0.9999946011        1.0000000000
 35.5000        0.0000009082        0.0000008967        0.0000009149        0.0000009148        0.0000039827        0.0000039362        0.0000041415        0.0000042409        0.9999800640        1.0000000000
 36.0000        0.0000019876        0.0000019596        0.0000019984        0.0000019963        0.0000088340        0.0000087014        0.0000091403        0.0000093403        0.9999560420        1.0000000000
 36.5000        0.0000034795        0.0000034267        0.0000034932        0.0000034869        0.0000157137        0.0000154260        0.0000161792        0.0000165005        0.9999222944        1.0000000000
 37.0000        0.0000053698        0.0000052833        0.0000053850        0.0000053726        0.0000247010        0.0000241684        0.0000253118        0.0000257656        0.9998786426        1.0000000000
 37.5000        0.0000076359        0.0000075074        0.0000076525        0.0000076325        0.0000358675        0.0000349787        0.0000365837        0.0000371726        0.9998249692        1.0000000000
 38.0000        0.0000102476        0.0000100699        0.0000102676        0.0000102398        0.0000492765        0.0000478985        0.0000500327        0.0000507510        0.9997612164        1.0000000000
 38.5000        0.0000131676        0.0000129352        0.0000131961        0.0000131620        0.0000649833        0.0000629610        0.0000656885        0.0000665232        0.9996873831        1.0000000000
 39.0000        0.0000163519        0.0000160618        0.0000163982        0.0000163614        0.0000830353        0.0000801912        0.0000835731        0.0000845047        0.9996035223        1.0000000000
 39.5000        0.0000197510        0.0000194034        0.0000198294        0.0000197962        0.0001034717        0.0000996059        0.0001037011        0.0001047047        0.9995097365        1.0000000000
 40.0000        0.0000233109        0.0000229091        0.0000234412        0.0000234208        0.0001263245        0.0001212138        0.0001260798        0.0001271259        0.9994061740        1.0000000000
 40.5000        0.0000269737        0.0000265252        0.0000271819        0.0000271865        0.0001516178        0.0001450164        0.0001507096        0.0001517653        0.9992930235        1.0000000000
 41.0000        0.0000306793        0.0000301955        0.0000309975        0.0000310429        0.0001793691        0.0001710075        0.0001775846        0.0001786145        0.9991705091        1.0000000000
 41.5000        0.0000343661        0.0000338627        0.0000348329        0.0000349381        0.0002095889        0.0001991742        0.0002066925        0.0002076602        0.9990388845        1.0000000000
 42.0000        0.0000379722        0.0000374693        0.0000386325        0.0000388198        0.0002422819        0.0002294972        0.0002380156        0.0002388845        0.9988984271        1.0000000000
 42.5000        0.0000414371        0.0000409587        0.0000423412        0.0000426361        0.0002774469        0.0002619511        0.0002715311        0.0002722658        0.9987494319        1.0000000000
 43.0000        0.0000447020        0.0000442760        0.0000459056        0.0000463365        0.0003150780        0.0002965053        0.0003072117        0.0003077792        0.9985922056        1.0000000000
 43.5000        0.0000477116        0.0000473695        0.0000492746        0.0000498723        0.0003551648        0.0003331242        0.0003450260        0.0003453968        0.9984270601        1.0000000000
 44.0000        0.0000504150        0.0000501910        0.0000524003        0.0000531975        0.0003976936        0.0003717680        0.0003849393        0.0003850890        0.9982543063        1.0000000000
 44.5000        0.0000527664        0.0000526968        0.0000552386        0.0000562696        0.0004426478        0.0004123933        0.0004269145        0.0004268243        0.9980742487        1.0000000000
 45.0000        0.0000547261        0.0000548489        0.0000577504        0.0000590501        0.0004900090        0.0004549539        0.0004709120        0.0004705708        0.9978871786        1.0000000000
 45.5000        0.0000562616        0.0000566150        0.0000599017        0.0000615052        0.0005397578        0.0004994014        0.0005168915        0.0005162963        0.9976933696        1.0000000000
 46.0000        0.0000573476        0.0000579695        0.0000616642        0.0000636058        0.0005918749        0.0005456860        0.0005648116        0.0005639691        0.9974930712        1.0000000000
 46.5000        0.0000579671        0.0000588938        0.0000630162        0.0000653284        0.0006463424        0.0005937572        0.0006146315        0.0006135591        0.9972865045        1.0000000000
 47.0000        0.0000581113        0.0000593765        0.0000639421        0.0000666553        0.0007031441        0.0006435646        0.0006663112        0.0006650381        0.9970738568        1.0000000000
 47.5000        0.0000577801        0.0000594138        0.0000644335        0.0000675747        0.0007622678        0.0006950590        0.0007198125        0.0007183809        0.9968552778        1.0000000000
 48.0000        0.0000569823        0.0000590095        0.0000644885        0.0000680806        0.0008237057        0.0007481928        0.0007750999        0.0007735657        0.9966308749        1.0000000000
 48.5000        0.0000557352        0.0000581750        0.0000641125        0.0000681735        0.0008874562        0.0008029212        0.0008321413        0.0008305753        0.9964007099        1.0000000000
 49.0000        0.0000540645        0.0000569290        0.0000633174        0.0000678596        0.0009535252        0.0008592028        0.0008909089        0.0008893976        0.9961647950        1.0000000000
 49.5000        0.0000520044        0.0000552974        0.0000621220        0.0000671512        0.0010219277        0.0009170009        0.0009513800        0.0009500266        0.9959230899        1.0000000000
 50.0000        0.0000495964        0.0000533130        0.0000605512        0.0000660662        0.0010926892        0.0009762840        0.0010135380        0.0010124633        0.9956754988        1.0000000000
 50.5000        0.0000468894        0.0000510146        0.0000586362        0.0000646282        0.0011658479        0.0010370269        0.0010773732        0.0010767163        0.9954218673        1.0000000000
 51.0000        0.0000003836        0.0000003519        0.0000003470        0.0000003325        0.0000029122        0.0000024810        0.0000025124        0.0000024782        0.9999882012        1.0000000000
 51.5000        0.0000017366        0.0000015876        0.0000015630        0.0000014948        0.0000133895        0.0000112993        0.0000114051        0.0000112152        0.9999463089        1.0000000000
 52.0000        0.0000040998        0.0000037351        0.0000036716        0.0000035053        0.0000321698        0.0000268860        0.0000270504        0.0000265201        0.9998723619        1.0000000000
 52.5000        0.0000074960        0.0000068064        0.0000066817        0.0000063688        0.0000599873        0.0000496395        0.0000497853        0.0000486668        0.9997645683        1.0000000000
 53.0000        0.0000119342        0.0000108013        0.0000105910        0.0000100805        0.0000976112        0.0000799553        0.0000799414        0.0000779241        0.9996211611        1.0000000000
 53.5000        0.0000174098        0.0000157080        0.0000153866        0.0000146263        0.0001458482        0.0001182254        0.0001178454        0.0001145565        0.9994403938        1.0000000000
 54.0000        0.0000239042        0.0000215028        0.0000210449        0.0000199831        0.0002055469        0.0001648386        0.0001638189        0.0001588245        0.9992205360        1.0000000000
 54.5000        0.0000313856        0.0000281507        0.0000275326        0.0000261192        0.0002776019        0.0002201794        0.0002181787        0.0002109852        0.9989598667        1.0000000000
 55.0000        0.0000398090        0.0000356060        0.0000348066        0.0000329947        0.0003629582        0.0002846278        0.0002812368        0.0002712934        0.9986566674        1.0000000000
 55.5000        0.0000491168        0.0000438130        0.0000428151        0.0000405625        0.0004626169        0.0003585594        0.0003533007        0.0003400020        0.9983092136        1.0000000000
 56.0000        0.0000592401        0.0000527066        0.0000514981        0.0000487685        0.0005776409        0.0004423441        0.0004346736        0.0004173629        0.9979157652        1.0000000000
 56.5000        0.0000700990        0.0000622135        0.0000607883        0.0000575529        0.0007091612        0.0005363462        0.0005256547        0.0005036280        0.9974745561        1.0000000000
 57.0000        0.0000816042        0.0000722531        0.0000706123        0.0000668506        0.0008583838        0.0006409234        0.0006265395        0.0005990504        0.9969837828        1.0000000000
 57.5000        0.0000936577        0.0000827384        0.0000808911        0.0000765921        0.0010265977        0.0007564258        0.0007376200        0.0007038852        0.9964415919        1.0000000000
 58.0000        0.0001061547        0.0000935776        0.0000915417        0.0000867046        0.0012151831        0.0008831956        0.0008591851        0.0008183906        0.9958460669        1.0000000000
 58.5000        0.0001189844        0.0001046750        0.0001024776        0.0000971129        0.0014256204        0.0010215652        0.0009915208        0.0009428293        0.9951952145        1.0000000000
 59.0000        0.0001320319        0.0001159322        0.0001136102        0.0001077399        0.0016595000        0.0011718562        0.0011349103        0.0010774696        0.9944869497        1.0000000000
 59.5000        0.0001451793        0.0001272497        0.0001248500        0.0001185081        0.0019185327        0.0013343779        0.0012896345        0.0012225869        0.9937190809        1.0000000000
 60.0000        0.0001583077        0.0001385279        0.0001361075        0.0001293401        0.0022045614        0.0015094250        0.0014559719        0.0013784646        0.9928892938        1.0000000000
 60.5000        0.0001712984        0.0001496686        0.0001472943        0.0001401598        0.0025195725        0.0016972758        0.0016341988        0.0015453958        0.9919951361        1.0000000000
 61.0000        0.0001840344        0.0001605758        0.0001583242        0.0001508927        0.0028657093        0.0018981894        0.0018245889        0.0017236846        0.9910340007        1.0000000000
 61.5000        0.0001964021        0.0001711574        0.0001691142        0.0001614673        0.0032452847        0.0021124029        0.0020274141        0.0019136476        0.9900031097        1.0000000000
 62.0000        0.0002082929        0.0001813261        0.0001795854        0.0001718156        0.0036607958        0.0023401280        0.0022429431        0.0021156149        0.9888994981        1.0000000000
 62.5000        0.0002196042        0.0001910003        0.0001896640        0.0001818740        0.0041149381        0.0025815474        0.0024714420        0.0023299323        0.9877199978        1.0000000000
 63.0000        0.0002302412        0.0002001055        0.0001992818        0.0001915833        0.0046106204        0.0028368107        0.0027131732        0.0025569618        0.9864612221        1.0000000000
 63.5000        0.0002401177        0.0002085748        0.0002083776        0.0002008904        0.0051509801        0.0031060297        0.0029683951        0.0027970836        0.9851195510        1.0000000000
 64.0000        0.0002491578        0.0002163500        0.0002168973        0.0002097476        0.0057393980        0.0033892739        0.0032373611        0.0030506972        0.9836911172        1.0000000000
 64.5000        0.0002572968        0.0002233822        0.0002247944        0.0002181142        0.0063795130        0.0036865649        0.0035203184        0.0033182227        0.9821717936        1.0000000000
 65.0000        0.0002644821        0.0002296324        0.0002320311        0.0002259558        0.0070752363        0.0039978711        0.0038175071        0.0036001019        0.9805571823        1.0000000000
 65.5000        0.0002706742        0.0002350721        0.0002385781        0.0002332454        0.0078307642        0.0043231021        0.0041291586        0.0038967996        0.9788426056        1.0000000000
 66.0000        0.0002758476        0.0002396834        0.0002444155        0.0002399635        0.0086505893        0.0046621025        0.0044554941        0.0042088044        0.9770230996        1.0000000000
 66.5000        0.0002799913        0.0002434599        0.0002495325        0.0002460979        0.0095395094        0.0050146466        0.0047967224        0.0045366298        0.9750934102        1.0000000000
 67.0000        0.0002831095        0.0002464063        0.0002539275        0.0002516441        0.0105026335        0.0053804326        0.0051530383        0.0048808144        0.9730479938        1.0000000000
 67.5000        0.0002852220        0.0002485385        0.0002576089        0.0002566052        0.0115453840        0.0057590777        0.0055246201        0.0052419230        0.9708810205        1.0000000000
 68.0000        0.0002863647        0.0002498841        0.0002605941        0.0002609921        0.0126734940        0.0061501135        0.0059116273        0.0056205464        0.9685863837        1.0000000000
 68.5000        0.0002865900        0.0002504817        0.0002629100        0.0002648232        0.0138929991        0.0065529825        0.0063141980        0.0060173017        0.9661577139        1.0000000000
 69.0000        0.0002859665        0.0002503808        0.0002645928        0.0002681240        0.0152102222        0.0069670357        0.0067324463        0.0064328317        0.9635883999        1.0000000000
 69.5000        0.0002845796        0.0002496418        0.0002656873        0.0002709275        0.0166317507        0.0073915318        0.0071664597        0.0068678049        0.9608716167        1.0000000000
 70.0000        0.0002825316        0.0002483351        0.0002662470        0.0002732735        0.0181644040        0.0078256378        0.0076162962        0.0073229141        0.9580003608        1.0000000000
 70.5000        0.0002799410        0.0002465410        0.0002663334        0.0002752083        0.0198151911        0.0082684323        0.0080819818        0.0077988756        0.9549674956        1.0000000000
 71.0000        0.0002769432        0.0002443487        0.0002660158        0.0002767848        0.0215912572        0.0087189100        0.0085635080        0.0082964268        0.9517658055        1.0000000000
 71.5000        0.0002736900        0.0002418564        0.0002653708        0.0002780614        0.0234998168        0.0091759895        0.0090608294        0.0088163252        0.9483880604        1.0000000000
 72.0000        0.0002703495        0.0002391696        0.0002644813        0.0002791024        0.0255480750        0.0096385235        0.0095738618        0.0093593450        0.9448270917        1.0000000000
 72.5000        0.0002671059        0.0002364011        0.0002634365        0.0002799771        0.0277431345        0.0101053107        0.0101024806        0.0099262745        0.9410758791        1.0000000000
 73.0000        0.0002641593        0.0002336701        0.0002623309        0.0002807592        0.0300918883        0.0105751109        0.0106465194        0.0105179128        0.9371276492        1.0000000000
 73.5000        0.0002617254        0.0002311008        0.0002612640        0.0002815270        0.0326008996        0.0110466621        0.0112057697        0.0111350655        0.9329759859        1.0000000000
 74.0000        0.0002600356        0.0002288223        0.0002603391        0.0002823622        0.0352762684        0.0115186994        0.0117799809        0.0117785410        0.9286149511        1.0000000000
 74.5000        0.0002593365        0.0002269669        0.0002596631        0.0002833501        0.0381234868        0.0119899746        0.0123688609        0.0124491450        0.9240392160        1.0000000000
 75.0000        0.0002598901        0.0002256697        0.0002593458        0.0002845787        0.0411472842        0.0124592775        0.0129720776        0.0131476758        0.9192442005        1.0000000000
 75.5000        0.0002619731        0.0002250675        0.0002594989        0.0002861382        0.0443514657        0.0129254569        0.0135892615        0.0138749187        0.9142262195        1.0000000000
 76.0000        0.0002658775        0.0002252976        0.0002602354        0.0002881210        0.0477387473        0.0133874405        0.0142200084        0.0146316395        0.9089826327        1.0000000000
 76.5000        0.0002719103        0.0002264969        0.0002616692        0.0002906207        0.0513105903        0.0138442545        0.0148638836        0.0154185792        0.9035119952        1.0000000000
 77.0000        0.0002803933        0.0002288009        0.0002639141        0.0002937322        0.0550670412        0.0142950401        0.0155204263        0.0162364469        0.8978142050        1.0000000000
 77.5000        0.0002916636        0.0002323429        0.0002670832        0.0002975508        0.0590065800        0.0147390680        0.0161891553        0.0170859136        0.8918906427        1.0000000000
 78.0000        0.0003060736        0.0002372523        0.0002712884        0.0003021722        0.0631259846        0.0151757499        0.0168695745        0.0179676057        0.8857442988        1.0000000000
 78.5000        0.0003239910        0.0002436544        0.0002766394        0.0003076919        0.0674202142        0.0156046461        0.0175611798        0.0188820988        0.8793798845        1.0000000000
 79.0000        0.0003457994        0.0002516686        0.0002832438        0.0003142049        0.0718823188        0.0160254695        0.0182634652        0.0198299109        0.8728039188        1.0000000000
 79.5000        0.0003718986        0.0002614082        0.0002912057        0.0003218055        0.0765033783        0.0164380864        0.0189759305        0.0208114973        0.8660247897        1.0000000000
 80.0000        0.0004027047        0.0002729783        0.0003006254        0.0003305867        0.0812724770        0.0168425128        0.0196980874        0.0218272446        0.8590527831        1.0000000000
 80.5000        0.0004386508        0.0002864760        0.0003115993        0.0003406404        0.0861767150        0.0172389086        0.0204294667        0.0228774664        0.8519000769        1.0000000000
 81.0000        0.0004801874        0.0003019883        0.0003242186        0.0003520566        0.0912012606        0.0176275678        0.0211696246        0.0239623985        0.8445806976        1.0000000000
 81.5000        0.0005277827        0.0003195919        0.0003385695        0.0003649236        0.0963294437        0.0180089072        0.0219181486        0.0250821960        0.8371104369        1.0000000000
 82.0000        0.0005819229        0.0003393517        0.0003547324        0.0003793276        0.1015428895        0.0183834527        0.0226746623        0.0262369304        0.8295067304        1.0000000000
 82.5000        0.0006431131        0.0003613204        0.0003727814        0.0003953524        0.1068216916        0.0187518246        0.0234388302        0.0274265883        0.8217884979        1.0000000000
 83.0000        0.0007118768        0.0003855372        0.0003927840        0.0004130796        0.1121446191        0.0191147221        0.0242103611        0.0286510701        0.8139759499        1.0000000000
 83.5000        0.0007887566        0.0004120271        0.0004148007        0.0004325882        0.1174893549        0.0194729077        0.0249890104        0.0299101911        0.8060903632        1.0000000000
 84.0000        0.0008743137        0.0004408000        0.0004388847        0.0004539545        0.1228327577        0.0198271917        0.0257745821        0.0312036816        0.7981538339        1.0000000000
 84.5000        0.0009691279        0.0004718503        0.0004650814        0.0004772520        0.1281511409        0.0201784177        0.0265669287        0.0325311902        0.7901890109        1.0000000000
 85.0000        0.0010737970        0.0005051560        0.0004934282        0.0005025514        0.1334205614        0.0205274484        0.0273659511        0.0338922857        0.7822188208        1.0000000000
 85.5000        0.0011889354        0.0005406783        0.0005239543        0.0005299203        0.1386171097        0.0208751535        0.0281715974        0.0352864615        0.7742661896        1.0000000000
 86.0000        0.0013151730        0.0005783612        0.0005566802        0.0005594235        0.1437171952        0.0212223982        0.0289838600        0.0367131399        0.7663537688        1.0000000000
 86.5000        0.0014531533        0.0006181314        0.0005916178        0.0005911227        0.1486978172        0.0215700333        0.0298027729        0.0381716766        0.7585036747        1.0000000000
 87.0000        0.0016035304        0.0006598979        0.0006287701        0.0006250763        0.1535368187        0.0219188866        0.0306284083        0.0396613666        0.7507372450        1.0000000000
 87.5000        0.0017669660        0.0007035527        0.0006681309        0.0006613397        0.1582131145        0.0222697563        0.0314608716        0.0411814495        0.7430748189        1.0000000000
 88.0000        0.0019441249        0.0007489704        0.0007096848        0.0006999651        0.1627068921        0.0226234047        0.0323002970        0.0427311152        0.7355355458        1.0000000000
 88.5000        0.0021356704        0.0007960094        0.0007534075        0.0007410013        0.1669997824        0.0229805539        0.0331468424        0.0443095096        0.7281372230        1.0000000000
 89.0000        0.0023422580        0.0008445125        0.0007992652        0.0007844939        0.1710749970        0.0233418825        0.0340006842        0.0459157401        0.7208961665        1.0000000000
 89.5000        0.0025645279        0.0008943081        0.0008472150        0.0008304852        0.1749174354        0.0237080227        0.0348620114        0.0475488808        0.7138271135        1.0000000000
 90.0000        0.0028030976        0.0009452113        0.0008972050        0.0008790138        0.1785137590        0.0240795587        0.0357310208        0.0492079773        0.7069431566        1.0000000000
 90.5000        0.0030585515        0.0009970258        0.0009491743        0.0009301151        0.1818524377        0.0244570260        0.0366079108        0.0508920510        0.7002557078        1.0000000000
 91.0000        0.0033314309        0.0010495459        0.0010030535        0.0009838208        0.1849237683        0.0248409107        0.0374928768        0.0526001028        0.6937744904        1.0000000000
 91.5000        0.0036222217        0.0011025584        0.0010587647        0.0010401589        0.1877198698        0.0252316497        0.0383861055        0.0543311163        0.6875075549        1.0000000000
 92.0000        0.0039313412        0.0011558452        0.0011162223        0.0010991539        0.1902346584        0.0256296310        0.0392877706        0.0560840601        0.6814613172        1.0000000000
 92.5000        0.0042591245        0.0012091858        0.0011753330        0.0011608263        0.1924638046        0.0260351948        0.0401980275        0.0578578899        0.6756406136        1.0000000000
 93.0000        0.0046058087        0.0012623600        0.0012359967        0.0012251928        0.1944046774        0.0264486337        0.0411170097        0.0596515492        0.6700487719        1.0000000000
 93.5000        0.0049715173        0.0013151510        0.0012981070        0.0012922659        0.1960562771        0.0268701944        0.0420448241        0.0614639704        0.6646876928        1.0000000000
 94.0000        0.0053562440        0.0013673481        0.0013615520        0.0013620542        0.1974191608        0.0273000788        0.0429815479        0.0632940744        0.6595579399        1.0000000000
 94.5000        0.0057598355        0.0014187494        0.0014262150        0.0014345621        0.1984953624        0.0277384446        0.0439272249        0.0651407701        0.6546588360        1.0000000000
 95.0000        0.0061819757        0.0014691646        0.0014919755        0.0015097896        0.1992883093        0.0281854074        0.0448818630        0.0670029536        0.6499885611        1.0000000000
 95.5000        0.0066221697        0.0015184180        0.0015587103        0.0015877325        0.1998027376        0.0286410411        0.0458454306        0.0688795068        0.6455442533        1.0000000000
 96.0000        0.0070797292        0.0015663500        0.0016262943        0.0016683821        0.2000446066        0.0291053794        0.0468178554        0.0707692956        0.6413221074        1.0000000000
 96.5000        0.0075537596        0.0016128198        0.0016946016        0.0017517252        0.2000210143        0.0295784170        0.0477990217        0.0726711683        0.6373174725        1.0000000000
 97.0000        0.0080431500        0.0016577067        0.0017635069        0.0018377445        0.1997401134        0.0300601106        0.0487887686        0.0745839534        0.6335249459        1.0000000000
 97.5000        0.0085465651        0.0017009114        0.0018328866        0.0019264179        0.1992110286        0.0305503796        0.0497868894        0.0765064581        0.6299384633        1.0000000000
 98.0000        0.0090624419        0.0017423571        0.0019026197        0.0020177193        0.1984437744        0.0310491078        0.0507931298        0.0784374656        0.6265513845        1.0000000000
 98.5000        0.0095889904        0.0017819894        0.0019725896        0.0021116182        0.1974491739        0.0315561436        0.0518071872        0.0803757340        0.6233565737        1.0000000000
 99.0000        0.0101241986        0.0018197768        0.0020426847        0.0022080802        0.1962387778        0.0320713013        0.0528287108        0.0823199942        0.6203464755        1.0000000000
 99.5000        0.0106658436        0.0018557100        0.0021128000        0.0023070671        0.1948247823        0.0325943620        0.0538573007        0.0842689489        0.6175131855        1.0000000000
100.0000        0.0112115083        0.0018898012        0.0021828378        0.0024085370        0.1932199466        0.0331250740        0.0548925085        0.0862212712        0.6148485154        1.0000000000
100.5000        0.0117586040        0.0019220831        0.0022527092        0.0025124451        0.1914375087        0.0336631545        0.0559338371        0.0881756041        0.6123440542        1.0000000000
101.0000        0.0123043992        0.0019526072        0.0023223346        0.0026187437        0.1894910992        0.0342082895        0.0569807421        0.0901305604        0.6099912241        1.0000000000
101.5000        0.0128460541        0.0019814425        0.0023916449        0.0027273829        0.1873946533        0.0347601355        0.0580326319        0.0920847225        0.6077813323        1.0000000000
102.0000        0.0133806607        0.0020086736        0.0024605821        0.0028383109        0.1851623207        0.0353183198        0.0590888695        0.0940366435        0.6057056192        1.0000000000
102.5000        0.0139052877        0.0020343989        0.0025290996        0.0029514751        0.1828083736        0.0358824418        0.0601487736        0.0959848478        0.6037553020        1.0000000000
103.0000        0.0144170291        0.0020587287        0.0025971633        0.0030668220        0.1803471135        0.0364520740        0.0612116202        0.0979278334        0.6019216159        1.0000000000
103.5000        0.0149130554        0.0020817834        0.0026647513        0.0031842988        0.1777927782        0.0370267627        0.0622766449        0.0998640736        0.6001958518        1.0000000000
104.0000        0.0153906667        0.0021036912        0.0027318545        0.0033038532        0.1751594487        0.0376060296        0.0633430449        0.1017920201        0.5985693911        1.0000000000
104.5000        0.0158473449        0.0021245870        0.0027984766        0.0034254349        0.1724609578        0.0381893729        0.0644099814        0.1037101061        0.5970337384        1.0000000000
105.0000        0.0162808048        0.0021446104        0.0028646338        0.0035489961        0.1697108032        0.0387762682        0.0654765824        0.1056167498        0.5955805513        1.0000000000
105.5000        0.0166890411        0.0021639040        0.0029303548        0.0036744925        0.1669220632        0.0393661704        0.0665419459        0.1075103591        0.5942016689        1.0000000000
106.0000        0.0170703712        0.0021826126        0.0029956805        0.0038018837        0.1641073204        0.0399585149        0.0676051425        0.1093893362        0.5928891381        1.0000000000
106.5000        0.0174234714        0.0022008815        0.0030606632        0.0039311343        0.1612785908        0.0405527192        0.0686652193        0.1112520824        0.5916352379        1.0000000000
107.0000        0.0177474050        0.0022188557        0.0031253667        0.0040622146        0.1584472632        0.0411481848        0.0697212034        0.1130970041        0.5904325025        1.0000000000
107.5000        0.0180416426        0.0022366790        0.0031898652        0.0041951012        0.1556240460        0.0417442986        0.0707721057        0.1149225186        0.5892737430        1.0000000000
108.0000        0.0183060724        0.0022544933        0.0032542427        0.0043297779        0.1528189261        0.0423404351        0.0718169248        0.1167270605        0.5881520672        1.0000000000
108.5000        0.0185410013        0.0022724378        0.0033185925        0.0044662359        0.1500411367        0.0429359583        0.0728546514        0.1185090877        0.5870608984        1.0000000000
109.0000        0.0187471462        0.0022906488        0.0033830160        0.0046044744        0.1472991364        0.0435302237        0.0738842725        0.1202670891        0.5859939929        1.0000000000
109.5000        0.0189256154        0.0023092591        0.0034476223        0.0047445011        0.1446005991        0.0441225805        0.0749047759        0.1219995907        0.5849454558        1.0000000000
110.0000        0.0190778821        0.0023283980        0.0035125272        0.0048863326        0.1419524125        0.0447123741        0.0759151547        0.1237051632        0.5839097556        1.0000000000
110.5000        0.0192057487        0.0023481906        0.0035778521        0.0050299940        0.1393606877        0.0452989480        0.0769144122        0.1253824291        0.5828817376        1.0000000000
111.0000        0.0000041608        0.0024651862        0.0037617734        0.0053170523        0.1398188860        0.0467413652        0.0793707144        0.1294451281        0.5930757336        1.0000000000
111.5000        0.0000232297        0.0025562260        0.0038939051        0.0055223494        0.1376806780        0.0472728711        0.0802810459        0.1309886236        0.5917810713        1.0000000000
112.0000        0.0000554091        0.0026455446        0.0040239953        0.0057267964        0.1355458769        0.0477990911        0.0811794574        0.1325059120        0.5905179171        1.0000000000
112.5000        0.0000983143        0.0027331280        0.0041519734        0.0059301632        0.1334212396        0.0483198384        0.0820656573        0.1339966303        0.5892830555        1.0000000000
113.0000        0.0001498073        0.0028189899        0.0042778044        0.0061322572        0.1313130735        0.0488349249        0.0829393517        0.1354604232        0.5880733678        1.0000000000
113.5000        0.0002080168        0.0029031676        0.0044014855        0.0063329229        0.1292272191        0.0493441602        0.0838002452        0.1368969438        0.5868858388        1.0000000000
114.0000        0.0002713500        0.0029857176        0.0045230427        0.0065320403        0.1271690396        0.0498473522        0.0846480404        0.1383058544        0.5857175628        1.0000000000
114.5000        0.0003384972        0.0030667119        0.0046425271        0.0067295236        0.1251434170        0.0503443064        0.0854824390        0.1396868274        0.5845657504        1.0000000000
115.0000        0.0004084298        0.0031462341        0.0047600112        0.0069253195        0.1231547542        0.0508348261        0.0863031424        0.1410395467        0.5834277361        1.0000000000
115.5000        0.0004803912        0.0032243765        0.0048755858        0.0071194048        0.1212069826        0.0513187127        0.0871098520        0.1423637096        0.5823009849        1.0000000000
116.0000        0.0005538835        0.0033012369        0.0049893565        0.0073117844        0.1193035744        0.0517957654        0.0879022707        0.1436590285        0.5811830997        1.0000000000
116.5000        0.0006286488        0.0033769161        0.0051014406        0.0075024888        0.1174475578        0.0522657817        0.0886801040        0.1449252333        0.5800718288        1.0000000000
117.0000        0.0007046466        0.0034515155        0.0052119646        0.0076915715        0.1156415362        0.0527285580        0.0894430607        0.1461620738        0.5789650731        1.0000000000
117.5000        0.0007820283        0.0035251353        0.0053210606        0.0078791064        0.1138877094        0.0531838895        0.0901908552        0.1473693222        0.5778608929        1.0000000000
118.0000        0.0008611094        0.0035978728        0.0054288651        0.0080651856        0.1121878962        0.0536315712        0.0909232083        0.1485467759        0.5767575154        1.0000000000
118.5000        0.0009423393        0.0036698208        0.0055355158        0.0082499163        0.1105435590        0.0540713985        0.0916398493        0.1496942607        0.5756533403        1.0000000000
119.0000        0.0010262714        0.0037410667        0.0056411501        0.0084334186        0.1089558280        0.0545031677        0.0923405175        0.1508116336        0.5745469466        1.0000000000
119.5000        0.0011135310        0.0038116915        0.0057459034        0.0086158229        0.1074255266        0.0549266768        0.0930249645        0.1518987856        0.5734370977        1.0000000000
120.0000        0.0012047851        0.0038817693        0.0058499075        0.0087972679        0.1059531959        0.0553417269        0.0936929559        0.1529556453        0.5723227462        1.0000000000
120.5000        0.0013007115        0.0039513665        0.0059532895        0.0089778980        0.1045391188        0.0557481227        0.0943442733        0.1539821817        0.5712030380        1.0000000000
121.0000        0.0014019698        0.0040205417        0.0060561706        0.0091578617        0.1031833441        0.0561456735        0.0949787165        0.1549784071        0.5700773149        1.0000000000
121.5000        0.0015091736        0.0040893458        0.0061586652        0.0093373091        0.1018857083        0.0565341951        0.0955961057        0.1559443800        0.5689451171        1.0000000000
122.0000        0.0016228648        0.0041578214        0.0062608806        0.0095163907        0.1006458577        0.0569135100        0.0961962835        0.1568802076        0.5678061837        1.0000000000
122.5000        0.0017434897        0.0042260036        0.0063629160        0.0096952552        0.0994632683        0.0572834492        0.0967791170        0.1577860487        0.5666604524        1.0000000000
123.0000        0.0018713783        0.0042939195        0.0064648624        0.0098740488        0.0983372646        0.0576438536        0.0973444998        0.1586621152        0.5655080578        1.0000000000
123.5000        0.0020067261        0.0043615891        0.0065668026        0.0100529129        0.0972670375        0.0579945750        0.0978923542        0.1595086745        0.5643493280        1.0000000000
124.0000        0.0000000000        0.0044385667        0.0066831763        0.0102540258        0.0964590062        0.0584611445        0.0986346558        0.1606714268        0.5643979979        1.0000000000
124.5000        0.0000025788        0.0045211235        0.0068031100        0.0104521479        0.0955659393        0.0587818988        0.0991400622        0.1614621769        0.5632709625        1.0000000000
125.0000        0.0000105253        0.0046032995        0.0069227845        0.0106499047        0.0947154220        0.0590937765        0.0996300183        0.1622276032        0.5621466660        1.0000000000
125.5000        0.0000241282        0.0046850480        0.0070421920        0.0108473338        0.0939066612        0.0593967620        0.1001045933        0.1629680677        0.5610252139        1.0000000000
126.0000        0.0000436305        0.0047663172        0.0071613177        0.0110444680        0.0931387959        0.0596908431        0.1005638679        0.1636839549        0.5599068049        1.0000000000
126.5000        0.0000007536        0.0048484395        0.0072818558        0.0112433325        0.0924205946        0.0599787282        0.1010133200        0.1643854746        0.5588275012        1.0000000000
127.0000        0.0000068770        0.0049308053        0.0074029222        0.0114426038        0.0917396767        0.0602539117        0.1014420922        0.1650551214        0.5577259897        1.0000000000
127.5000        0.0000193335        0.0050124875        0.0075235462        0.0116414937        0.0910953498        0.0605203999        0.1018562190        0.1657018866        0.5566292839        1.0000000000
128.0000        0.0000382765        0.0050934136        0.0076436800        0.0118399988        0.0904866189        0.0607782066        0.1022558256        0.1663262120        0.5555377681        1.0000000000
128.5000        0.0000637833        0.0051735092        0.0077632712        0.0120381100        0.0899124612        0.0610273501        0.1026410490        0.1669285601        0.5544519059        1.0000000000
129.0000        0.0000958478        0.0052526987        0.0078822631        0.0122358123        0.0893718324        0.0612678535        0.1030120387        0.1675094152        0.5533722383        1.0000000000
129.5000        0.0001343747        0.0053309056        0.0080005956        0.0124330853        0.0888636717        0.0614997452        0.1033689580        0.1680692836        0.5522993802        1.0000000000
130.0000        0.0001791760        0.0054080536        0.0081182055        0.0126299029        0.0883869065        0.0617230599        0.1037119844        0.1686086941        0.5512340171        1.0000000000
130.5000        0.0002299682        0.0054840667        0.0082350272        0.0128262338        0.0879404566        0.0619378391        0.1040413104        0.1691281980        0.5501768999        1.0000000000
131.0000        0.0002863727        0.0055588703        0.0083509932        0.0130220417        0.0875232379        0.0621441316        0.1043571446        0.1696283688        0.5491288392        1.0000000000
131.5000        0.0003479164        0.0056323912        0.0084660344        0.0132172855        0.0871341652        0.0623419947        0.1046597117        0.1701098018        0.5480906992        1.0000000000
132.0000        0.0004140356        0.0057045584        0.0085800811        0.0134119193        0.0867721553        0.0625314944        0.1049492532        0.1705731132        0.5470633895        1.0000000000
132.5000        0.0004840808        0.0057753036        0.0086930630        0.0136058931        0.0864361289        0.0627127062        0.1052260278        0.1710189392        0.5460478576        1.0000000000
133.0000        0.0005573236        0.0058445615        0.0088049099        0.0137991527        0.0861250127        0.0628857157        0.1054903111        0.1714479338        0.5450450790        1.0000000000
133.5000        0.0006329653        0.0059122702        0.0089155522        0.0139916401        0.0858377409        0.0630506193        0.1057423960        0.1718607680        0.5440560480        1.0000000000
134.0000        0.0007101471        0.0059783718        0.0090249210        0.0141832938        0.0855732565        0.0632075240        0.1059825920        0.1722581266        0.5430817671        1.0000000000
134.5000        0.0007879618        0.0060428126        0.0091329490        0.0143740487        0.0853305120        0.0633565487        0.1062112249        0.1726407063        0.5421232361        1.0000000000
135.0000        0.0008654666        0.0061055432        0.0092395702        0.0145638368        0.0851084705        0.0634978234        0.1064286360        0.1730092126        0.5411814406        1.0000000000
135.5000        0.0009416975        0.0061665191        0.0093447206        0.0147525871        0.0849061062        0.0636314903        0.1066351813        0.1733643566        0.5402573412        1.0000000000
136.0000        0.0010156843        0.0062257004        0.0094483384        0.0149402258        0.0847224048        0.0637577032        0.1068312300        0.1737068518        0.5393518613        1.0000000000
136.5000        0.0010864661        0.0062830528        0.0095503642        0.0151266764        0.0845563635        0.0638766274        0.1070171634        0.1740374102        0.5384658761        1.0000000000
137.0000        0.0011531075        0.0063385467        0.0096507411        0.0153118603        0.0844069918        0.0639884397        0.1071933729        0.1743567383        0.5376002018        1.0000000000
137.5000        0.0012147151        0.0063921580        0.0097494151        0.0154956964        0.0842733111        0.0640933278        0.1073602586        0.1746655334        0.5367555846        1.0000000000
138.0000        0.0012704530        0.0064438682        0.0098463350        0.0156781017        0.0841543551        0.0641914895        0.1075182267        0.1749644793        0.5359326916        1.0000000000
138.5000        0.0013195588        0.0064936638        0.0099414527        0.0158589912        0.0840491699        0.0642831322        0.1076676877        0.1752542424        0.5351321014        1.0000000000
139.0000        0.0013613581        0.0065415368        0.0100347231        0.0160382780        0.0839568142        0.0643684721        0.1078090535        0.1755354672        0.5343542970        1.0000000000
139.5000        0.0013952779        0.0065874844        0.0101261043        0.0162158739        0.0838763594        0.0644477328        0.1079427354        0.1758087728        0.5335996592        1.0000000000
140.0000        0.0014208588        0.0066315090        0.0102155575        0.0163916889        0.0838068899        0.0645211440        0.1080691413        0.1760747489        0.5328684617        1.0000000000
140.5000        0.0014377653        0.0066736183        0.0103030470        0.0165656320        0.0837475036        0.0645889408        0.1081886728        0.1763339524        0.5321608680        1.0000000000
141.0000        0.0014457938        0.0067138244        0.0103885404        0.0167376109        0.0836973122        0.0646513613        0.1083017228        0.1765869042        0.5314769299        1.0000000000
141.5000        0.0014448786        0.0067521446        0.0104720084        0.0169075327        0.0836554420        0.0647086461        0.1084086729        0.1768340867        0.5308165880        1.0000000000
142.0000        0.0014350956        0.0067886003        0.0105534246        0.0170753036        0.0836210346        0.0647610356        0.1085098907        0.1770759414        0.5301796737        1.0000000000
142.5000        0.0014166625        0.0068232173        0.0106327657        0.0172408294        0.0835932475        0.0648087690        0.1086057276        0.1773128674        0.5295659136        1.0000000000
143.0000        0.0013899374        0.0068560253        0.0107100115        0.0174040157        0.0835712556        0.0648520824        0.1086965165        0.1775452205        0.5289749352        1.0000000000
143.5000        0.0013554134        0.0068870580        0.0107851442        0.0175647685        0.0835542518        0.0648912070        0.1087825697        0.1777733124        0.5284062750        1.0000000000
144.0000        0.0013137112        0.0069163519        0.0108581493        0.0177229939        0.0835414488        0.0649263675        0.1088641779        0.1779974116        0.5278593878        1.0000000000
144.5000        0.0012655689        0.0069439472        0.0109290146        0.0178785989        0.0835320800        0.0649577805        0.1089416081        0.1782177439        0.5273336579        1.0000000000
145.0000        0.0012118286        0.0069698864        0.0109977305        0.0180314918        0.0835254013        0.0649856530        0.1090151032        0.1784344943        0.5268284109        1.0000000000
145.5000        0.0011534216        0.0069942146        0.0110642900        0.0181815821        0.0835206930        0.0650101809        0.1090848811        0.1786478098        0.5263429271        1.0000000000
146.0000        0.0010913501        0.0070169789        0.0111286884        0.0183287814        0.0835172606        0.0650315481        0.1091511349        0.1788578017        0.5258764558        1.0000000000
146.5000        0.0010266691        0.0070382283        0.0111909235        0.0184730037        0.0835144376        0.0650499252        0.1092140331        0.1790645499        0.5254282294        1.0000000000
147.0000        0.0009604650        0.0070580128        0.0112509950        0.0186141658        0.0835115868        0.0650654691        0.1092737204        0.1792681068        0.5249974782        1.0000000000
147.5000        0.0008938342        0.0070763840        0.0113089051        0.0187521878        0.0835081021        0.0650783221        0.1093303188        0.1794685017        0.5245834442        1.0000000000
148.0000        0.0008278616        0.0070933937        0.0113646579        0.0188869934        0.0835034105        0.0650886117        0.1093839294        0.1796657464        0.5241853953        1.0000000000
148.5000        0.0007635980        0.0071090947        0.0114182598        0.0190185110        0.0834969740        0.0650964511        0.1094346345        0.1798598396        0.5238026373        1.0000000000
149.0000        0.0007020393        0.0071235394        0.0114697191        0.0191466735        0.0834882913        0.0651019389        0.1094824998        0.1800507729        0.5234345257        1.0000000000
149.5000        0.0006441060        0.0071367805        0.0115190463        0.0192714192        0.0834768996        0.0651051600        0.1095275773        0.1802385357        0.5230804754        1.0000000000
150.0000        0.0005906245        0.0071488701        0.0115662539        0.0193926927        0.0834623760        0.0651061867        0.1095699081        0.1804231203        0.5227399679        1.0000000000
150.5000        0.0005423102        0.0071598598        0.0116113567        0.0195104445        0.0834443393        0.0651050792        0.1096095258        0.1806045272        0.5224125572        1.0000000000
151.0000        0.0004997542        0.0071698003        0.0116543717        0.0196246327        0.0834224513        0.0651018880        0.1096464597        0.1807827688        0.5220978734        1.0000000000
151.5000        0.0004634111        0.0071787415        0.0116953180        0.0197352224        0.0833964179        0.0650966545        0.1096807381        0.1809578739        0.5217956226        1.0000000000
152.0000        0.0004335917        0.0071867320        0.0117342175        0.0198421873        0.0833659899        0.0650894137        0.1097123914        0.1811298908        0.5215055857        1.0000000000
152.5000        0.0004104584        0.0071938192        0.0117710942        0.0199455095        0.0833309642        0.0650801956        0.1097414556        0.1812988893        0.5212276139        1.0000000000
153.0000        0.0003940242        0.0072000494        0.0118059751        0.0200451801        0.0832911841        0.0650690275        0.1097679750        0.1814649628        0.5209616218        1.0000000000
153.5000        0.0003841554        0.0072054672        0.0118388899        0.0201411999        0.0832465391        0.0650559360        0.1097920048        0.1816282289        0.5207075787        1.0000000000
154.0000        0.0003805787        0.0072101159        0.0118698713        0.0202335797        0.0831969656        0.0650409496        0.1098136135        0.1817888288        0.5204654968        1.0000000000
154.5000        0.0003828907        0.0072140374        0.0118989551        0.0203223406        0.0831424458        0.0650241002        0.1098328845        0.1819469263        0.5202354193        1.0000000000
155.0000        0.0003905719        0.0072172722        0.0119261805        0.0204075144        0.0830830072        0.0650054252        0.1098499172        0.1821027057        0.5200174055        1.0000000000
155.5000        0.0004030025        0.0072198593        0.0119515902        0.0204891438        0.0830187217        0.0649849698        0.1098648282        0.1822563684        0.5198115161        1.0000000000
156.0000        0.0000002361        0.0072233736        0.0119785072        0.0205746635        0.0829862695        0.0649884818        0.1099234883        0.1824860527        0.5198389273        1.0000000000
156.5000        0.0000013258        0.0072228072        0.0119983430        0.0206483740        0.0829177890        0.0649638731        0.1099364268        0.1826415106        0.5196695505        1.0000000000
157.0000        0.0000031692        0.0072217687        0.0120167677        0.0207192122        0.0828462546        0.0649381325        0.1099482323        0.1827956439        0.5195108189        1.0000000000
157.5000        0.0000056138        0.0072203130        0.0120338578        0.0207872649        0.0827717612        0.0649113483        0.1099590043        0.1829485028        0.5193623338        1.0000000000
158.0000        0.0000085040        0.0072184930        0.0120496902        0.0208526229        0.0826944213        0.0648836087        0.1099688405        0.1831001312        0.5192236882        1.0000000000
158.5000        0.0000116854        0.0072163590        0.0120643420        0.0209153812        0.0826143630        0.0648550015        0.1099778360        0.1832505664        0.5190944655        1.0000000000
159.0000        0.0000150093        0.0072139590        0.0120778898        0.0209756379        0.0825317292        0.0648256145        0.1099860836        0.1833998381        0.5189742385        1.0000000000
159.5000        0.0000183366        0.0072113382        0.0120904102        0.0210334945        0.0824466761        0.0647955349        0.1099936725        0.1835479678        0.5188625692        1.0000000000
160.0000        0.0000215415        0.0072085396        0.0121019788        0.0210890551        0.0823593714        0.0647648494        0.1100006881        0.1836949681        0.5187590081        1.0000000000
160.5000        0.0000245146        0.0072056033        0.0121126705        0.0211424259        0.0822699928        0.0647336438        0.1100072116        0.1838408419        0.5186630956        1.0000000000
161.0000        0.0000271653        0.0072025667        0.0121225593        0.0211937151        0.0821787269        0.0647020029        0.1100133187        0.1839855823        0.5185743628        1.0000000000
161.5000        0.0000294239        0.0071994649        0.0121317176        0.0212430322        0.0820857668        0.0646700097        0.1100190795        0.1841291720        0.5184923333        1.0000000000
162.0000        0.0000312428        0.0071963297        0.0121402165        0.0212904877        0.0819913112        0.0646377455        0.1100245577        0.1842715834        0.5184165255        1.0000000000
162.5000        0.0000000093        0.0071934260        0.0121486458        0.0213371617        0.0818989914        0.0646075610        0.1100334700        0.1844185467        0.5183621882        1.0000000000
163.0000        0.0000001610        0.0071903554        0.0121564967        0.0213821721        0.0818046137        0.0645755818        0.1100388095        0.1845577492        0.5182940606        1.0000000000
163.5000        0.0000004605        0.0071873840        0.0121639375        0.0214256501        0.0817090686        0.0645434897        0.1100438385        0.1846954379        0.5182307331        1.0000000000
164.0000        0.0000008603        0.0071845308        0.0121710222        0.0214676888        0.0816125275        0.0645113372        0.1100485903        0.1848315848        0.5181718581        1.0000000000
164.5000        0.0000013154        0.0071818118        0.0121778016        0.0215083800        0.0815151654        0.0644791752        0.1100530958        0.1849661600        0.5181170948        1.0000000000
165.0000        0.0000017855        0.0071792396        0.0121843238        0.0215478140        0.0814171604        0.0644470527        0.1100573833        0.1850991316        0.5180661092        1.0000000000
165.5000        0.0000022359        0.0071768241        0.0121906334        0.0215860798        0.0813186921        0.0644150174        0.1100614783        0.1852304650        0.5180185739        1.0000000000
166.0000        0.0000026387        0.0071745724        0.0121967721        0.0216232644        0.0812199413        0.0643831149        0.1100654038        0.1853601234        0.5179741691        1.0000000000
166.5000        0.0000029731        0.0071724886        0.0122027786        0.0216594527        0.0811210886        0.0643513890        0.1100691793        0.1854880676        0.5179325825        1.0000000000
167.0000        0.0000032262        0.0071705745        0.0122086884        0.0216947276        0.0810223142        0.0643198816        0.1100728212        0.1856142558        0.5178935107        1.0000000000
167.5000        0.0000033927        0.0071688293        0.0122145339        0.0217291695        0.0809237962        0.0642886321        0.1100763425        0.1857386441        0.5178566597        1.0000000000
168.0000        0.0000034749        0.0071672503        0.0122203447        0.0217628563        0.0808257103        0.0642576781        0.1100797525        0.1858611863        0.5178217468        1.0000000000
168.5000        0.0000034817        0.0071658323        0.0122261473        0.0217958629        0.0807282287        0.0642270542        0.1100830569        0.1859818345        0.5177885016        1.0000000000
169.0000        0.0000034280        0.0071645685        0.0122319653        0.0218282616        0.0806315194        0.0641967925        0.1100862575        0.1861005398        0.5177566674        1.0000000000
169.5000        0.0000033333        0.0071634503        0.0122378196        0.0218601212        0.0805357451        0.0641669223        0.1100893526        0.1862172522        0.5177260033        1.0000000000
170.0000        0.0000032203        0.0071624677        0.0122437280        0.0218915077        0.0804410628        0.0641374700        0.1100923367        0.1863319216        0.5176962852        1.0000000000
170.5000        0.0000031135        0.0071616092        0.0122497060        0.0219224832        0.0803476229        0.0641084585        0.1100952006        0.1864444987        0.5176673074        1.0000000000
171.0000        0.0000030373        0.0071608622        0.0122557662        0.0219531065        0.0802555684        0.0640799079        0.1100979322        0.1865549353        0.5176388840        1.0000000000
171.5000        0.0000030150        0.0071602130        0.0122619187        0.0219834327        0.0801650347        0.0640518347        0.1101005162        0.1866631853        0.5176108496        1.0000000000
172.0000        0.0000030665        0.0071596474        0.0122681711        0.0220135130        0.0800761485        0.0640242525        0.1101029348        0.1867692056        0.5175830606        1.0000000000
172.5000        0.0000032076        0.0071591502        0.0122745288        0.0220433946        0.0799890279        0.0639971713        0.1101051681        0.1868729566        0.5175553948        1.0000000000
173.0000        0.0000034485        0.0071587059        0.0122809946        0.0220731209        0.0799037818        0.0639705982        0.1101071943        0.1869744033        0.5175277524        1.0000000000
173.5000        0.0000037932        0.0071582986        0.0122875693        0.0221027310        0.0798205094        0.0639445374        0.1101089909        0.1870735156        0.5175000547        1.0000000000
174.0000        0.0000042390        0.0071579122        0.0122942513        0.0221322598        0.0797393004        0.0639189900        0.1101105346        0.1871702690        0.5174722437        1.0000000000
174.5000        0.0000047760        0.0071575306        0.0123010371        0.0221617382        0.0796602347        0.0638939550        0.1101118020        0.1872646451        0.5174442812        1.0000000000
175.0000        0.0000053880        0.0071571375        0.0123079214        0.0221911927        0.0795833823        0.0638694289        0.1101127705        0.1873566319        0.5174161467        1.0000000000
175.5000        0.0000060527        0.0071567170        0.0123148965        0.0222206457        0.0795088035        0.0638454064        0.1101134187        0.1874462237        0.5173878358        1.0000000000
176.0000        0.0000067428        0.0071562533        0.0123219533        0.0222501154        0.0794365491        0.0638218807        0.1101137263        0.1875334212        0.5173593577        1.0000000000
176.5000        0.0000074273        0.0071557312        0.0123290810        0.0222796159        0.0793666604        0.0637988436        0.1101136756        0.1876182316        0.5173307334        1.0000000000
177.0000        0.0000080731        0.0071551355        0.0123362669        0.0223091572        0.0792991699        0.0637762865        0.1101132506        0.1877006678        0.5173019925        1.0000000000
177.5000        0.0000086468        0.0071544519        0.0123434969        0.0223387455        0.0792341014        0.0637541999        0.1101124384        0.1877807480        0.5172731711        1.0000000000
178.0000        0.0000091165        0.0071536664        0.0123507557        0.0223683832        0.0791714704        0.0637325744        0.1101112285        0.1878584955        0.5172443094        1.0000000000
178.5000        0.0000000039        0.0071528734        0.0123581551        0.0223982187        0.0791117337        0.0637119669        0.1101107066        0.1879358602        0.5172204817        1.0000000000
179.0000        0.0000000757        0.0071519710        0.0123654395        0.0224277214        0.0790530268        0.0636911665        0.1101089265        0.1880095568        0.5171921160        1.0000000000
179.5000        0.0000002420        0.0071509127        0.0123726636        0.0224572244        0.0789967916        0.0636708535        0.1101067840        0.1880809739        0.5171635544        1.0000000000
180.0000        0.0000005047        0.0071496850        0.0123798084        0.0224867244        0.0789430414        0.0636510206        0.1101042643        0.1881501230        0.5171348282        1.0000000000
180.5000        0.0000008604        0.0071482756        0.0123868553        0.0225162163        0.0788917825        0.0636316587        0.1101013528        0.1882170195        0.5171059790        1.0000000000
181.0000        0.0000013006        0.0071466734        0.0123937857        0.0225456931        0.0788430143        0.0636127576        0.1100980354        0.1882816825        0.5170770574        1.0000000000
181.5000        0.0000018121        0.0071448686        0.0124005814        0.0225751460        0.0787967289        0.0635943061        0.1100942992        0.1883441355        0.5170481223        1.0000000000
182.0000        0.0000023771        0.0071428528        0.0124072247        0.0226045644        0.0787529116        0.0635762916        0.1100901321        0.1884044061        0.5170192396        1.0000000000
182.5000        0.0000029742        0.0071406189        0.0124136984        0.0226339362        0.0787115410        0.0635587012        0.1100855238        0.1884625259        0.5169904806        1.0000000000
183.0000        0.0000035791        0.0071381612        0.0124199856        0.0226632476        0.0786725887        0.0635415213        0.1100804657        0.1885185306        0.5169619203        1.0000000000
183.5000        0.0000041662        0.0071354755        0.0124260704        0.0226924833        0.0786360200        0.0635247379        0.1100749513        0.1885724595        0.5169336359        1.0000000000
184.0000        0.0000047092        0.0071325588        0.0124319373        0.0227216268        0.0786017941        0.0635083370        0.1100689764        0.1886243555        0.5169057050        1.0000000000
184.5000        0.0000051830        0.0071294095        0.0124375717        0.0227506600        0.0785698640        0.0634923048        0.1100625388        0.1886742640        0.5168782040        1.0000000000
185.0000        0.0000055650        0.0071260276        0.0124429596        0.0227795637        0.0785401774        0.0634766279        0.1100556391        0.1887222331        0.5168512065        1.0000000000
185.5000        0.0000058361        0.0071224141        0.0124480878        0.0228083175        0.0785126768        0.0634612935        0.1100482798        0.1887683127        0.5168247817        1.0000000000
186.0000        0.0000059818        0.0071185713        0.0124529440        0.0228369002        0.0784872997        0.0634462895        0.1100404658        0.1888125536        0.5167989941        1.0000000000
186.5000        0.0000059935        0.0071145028        0.0124575165        0.0228652896        0.0784639800        0.0634316046        0.1100322040        0.1888550074        0.5167739016        1.0000000000
187.0000        0.0000000008        0.0071102650        0.0124618761        0.0228935905        0.0784430501        0.0634176036        0.1100241743        0.1888968655        0.5167525741        1.0000000000
187.5000        0.0000000938        0.0071058581        0.0124659187        0.0229214340        0.0784230282        0.0634035653        0.1100152866        0.1889361413        0.5167286741        1.0000000000
188.0000        0.0000003381        0.0071012379        0.0124696239        0.0229489804        0.0784048390        0.0633898532        0.1100059861        0.1889737105        0.5167054309        1.0000000000
188.5000        0.0000007226        0.0070964095        0.0124729824        0.0229762103        0.0783884252        0.0633764554        0.1099962713        0.1890096139        0.5166829093        1.0000000000
189.0000        0.0000012287        0.0070913786        0.0124759868        0.0230031050        0.0783737278        0.0633633593        0.1099861421        0.1890438950        0.5166611768        1.0000000000
189.5000        0.0000018310        0.0070861521        0.0124786311        0.0230296470        0.0783606856        0.0633505516        0.1099755993        0.1890766000        0.5166403023        1.0000000000
190.0000        0.0000024990        0.0070807379        0.0124809112        0.0230558195        0.0783492352        0.0633380188        0.1099646459        0.1891077782        0.5166203543        1.0000000000
190.5000        0.0000031984        0.0070751447        0.0124828246        0.0230816068        0.0783393111        0.0633257470        0.1099532866        0.1891374817        0.5166013990        1.0000000000
191.0000        0.0000038928        0.0070693821        0.0124843702        0.0231069941        0.0783308456        0.0633137229        0.1099415286        0.1891657647        0.5165834990        1.0000000000
191.5000        0.0000000271        0.0070635103        0.0124856684        0.0231321315        0.0783240208        0.0633021582        0.1099299086        0.1891936384        0.5165689368        1.0000000000
192.0000        0.0000001895        0.0070574836        0.0124865943        0.0231567692        0.0783180712        0.0632905497        0.1099175277        0.1892195106        0.5165533042        1.0000000000
192.5000        0.0000004879        0.0070513308        0.0124871551        0.0231809379        0.0783132884        0.0632791821        0.1099048104        0.1892440969        0.5165387106        1.0000000000
193.0000        0.0000009037        0.0070450626        0.0124873523        0.0232046240        0.0783096072        0.0632680448        0.1098917636        0.1892674421        0.5165251997        1.0000000000
193.5000        0.0000014117        0.0070386901        0.0124871890        0.0232278157        0.0783069631        0.0632571271        0.1098783953        0.1892895933        0.5165128146        1.0000000000
194.0000        0.0000019821        0.0070322247        0.0124866698        0.0232505030        0.0783052918        0.0632464179        0.1098647153        0.1893105998        0.5165015957        1.0000000000
194.5000        0.0000025814        0.0070256779        0.0124858007        0.0232726774        0.0783045295        0.0632359063        0.1098507350        0.1893305122        0.5164915797        1.0000000000
195.0000        0.0000031751        0.0070190616        0.0124845890        0.0232943323        0.0783046123        0.0632255815        0.1098364682        0.1893493829        0.5164827971        1.0000000000
195.5000        0.0000037291        0.0070123879        0.0124830438        0.0233154622        0.0783054767        0.0632154333        0.1098219308        0.1893672647        0.5164752715        1.0000000000
196.0000        0.0000042119        0.0070056690        0.0124811751        0.0233360634        0.0783070586        0.0632054524        0.1098071409        0.1893842110        0.5164690178        1.0000000000
196.5000        0.0000045964        0.0069989172        0.0124789942        0.0233561332        0.0783092940        0.0631956305        0.1097921188        0.1894002744        0.5164640415        1.0000000000
197.0000        0.0000048614        0.0069921450        0.0124765135        0.0233756701        0.0783121186        0.0631859603        0.1097768866        0.1894155063        0.5164603381        1.0000000000
197.5000        0.0000049932        0.0069853647        0.0124737465        0.0233946739        0.0783154681        0.0631764361        0.1097614684        0.1894299565        0.5164578927        1.0000000000
198.0000        0.0000049855        0.0069785887        0.0124707073        0.0234131449        0.0783192781        0.0631670534        0.1097458892        0.1894436720        0.5164566810        1.0000000000
198.5000        0.0000048406        0.0069718292        0.0124674108        0.0234310846        0.0783234846        0.0631578093        0.1097301750        0.1894566967        0.5164566691        1.0000000000
199.0000        0.0000045689        0.0069650984        0.0124638724        0.0234484950        0.0783280240        0.0631487020        0.1097143523        0.1894690713        0.5164578157        1.0000000000
199.5000        0.0000041878        0.0069584081        0.0124601076        0.0234653786        0.0783328338        0.0631397313        0.1096984473        0.1894808325        0.5164600730        1.0000000000
200.0000        0.0000037210        0.0069517698        0.0124561325        0.0234817387        0.0783378526        0.0631308977        0.1096824858        0.1894920133        0.5164633886        1.0000000000
200.5000        0.0000031967        0.0069451944        0.0124519630        0.0234975789        0.0783430210        0.0631222028        0.1096664923        0.1895026433        0.5164677075        1.0000000000
201.0000        0.0000026460        0.0069386926        0.0124476149        0.0235129034        0.0783482817        0.0631136487        0.1096504903        0.1895127484        0.5164729740        1.0000000000
201.5000        0.0000021006        0.0069322743        0.0124431039        0.0235277168        0.0783535802        0.0631052377        0.1096345015        0.1895223516        0.5164791334        1.0000000000
202.0000        0.0000015908        0.0069259489        0.0124384452        0.0235420243        0.0783588653        0.0630969722        0.1096185456        0.1895314738        0.5164861339        1.0000000000
202.5000        0.0000011440        0.0069197248        0.0124336537        0.0235558316        0.0783640895        0.0630888543        0.1096026409        0.1895401341        0.5164939271        1.0000000000
203.0000        0.0000007824        0.0069136099        0.0124287436        0.0235691449        0.0783692097        0.0630808855        0.1095868038        0.1895483505        0.5165024697        1.0000000000
203.5000        0.0000005222        0.0069076111        0.0124237287        0.0235819713        0.0783741870        0.0630730668        0.1095710491        0.1895561410        0.5165117228        1.0000000000
204.0000        0.0000003724        0.0069017344        0.0124186222        0.0235943187        0.0783789875        0.0630653980        0.1095553905        0.1895635237        0.5165216525        1.0000000000
204.5000        0.0000003347        0.0068959848        0.0124134365        0.0236061956        0.0783835824        0.0630578784        0.1095398409        0.1895705178        0.5165322288        1.0000000000
205.0000        0.0000004031        0.0068903665        0.0124081836        0.0236176118        0.0783879477        0.0630505062        0.1095244127        0.1895771438        0.5165434246        1.0000000000
205.5000        0.0000005651        0.0068848827        0.0124028748        0.0236285778        0.0783920647        0.0630432787        0.1095091184        0.1895834235        0.5165552141        1.0000000000
206.0000        0.0000008026        0.0068795354        0.0123975208        0.0236391056        0.0783959197        0.0630361927        0.1094939710        0.1895893806        0.5165675714        1.0000000000
206.5000        0.0000010933        0.0068743261        0.0123921320        0.0236492079        0.0783995034        0.0630292446        0.1094789844        0.1895950398        0.5165804685        1.0000000000
207.0000        0.0000014124        0.0068692550        0.0123867181        0.0236588987        0.0784028111        0.0630224303        0.1094641737        0.1896004270        0.5165938738        1.0000000000
207.5000        0.0000017348        0.0068643218        0.0123812885        0.0236681933        0.0784058417        0.0630157460        0.1094495551        0.1896055683        0.5166077505        1.0000000000
208.0000        0.0000020363        0.0068595251        0.0123758524        0.0236771078        0.0784085978        0.0630091885        0.1094351465        0.1896104899        0.5166220558        1.0000000000
208.5000        0.0000022959        0.0068548631        0.0123704185        0.0236856593        0.0784110845        0.0630027547        0.1094209672        0.1896152169        0.5166367400        1.0000000000
209.0000        0.0000024971        0.0068503332        0.0123649954        0.0236938658        0.0784133092        0.0629964429        0.1094070374        0.1896197726        0.5166517464        1.0000000000
209.5000        0.0000026285        0.0068459323        0.0123595915        0.0237017458        0.0784152810        0.0629902522        0.1093933784        0.1896241782        0.5166670120        1.0000000000
210.0000        0.0000026851        0.0068416570        0.0123542150        0.0237093185        0.0784170098        0.0629841829        0.1093800117        0.1896284518        0.5166824684        1.0000000000
210.5000        0.0000026676        0.0068375034        0.0123488737        0.0237166031        0.0784185060        0.0629782365        0.1093669589        0.1896326079        0.5166980430        1.0000000000
211.0000        0.0000025827        0.0068334674        0.0123435753        0.0237236189        0.0784197801        0.0629724157        0.1093542409        0.1896366576        0.5167136614        1.0000000000
211.5000        0.0000024419        0.0068295449        0.0123383273        0.0237303849        0.0784208421        0.0629667242        0.1093418773        0.1896406081        0.5167292492        1.0000000000
212.0000        0.0000022601        0.0068257315        0.0123331369        0.0237369197        0.0784217015        0.0629611665        0.1093298863        0.1896444633        0.5167447341        1.0000000000
212.5000        0.0000020548        0.0068220229        0.0123280107        0.0237432412        0.0784223667        0.0629557476        0.1093182839        0.1896482237        0.5167600484        1.0000000000
213.0000        0.0000018438        0.0068184149        0.0123229550        0.0237493662        0.0784228455        0.0629504728        0.1093070837        0.1896518876        0.5167751306        1.0000000000
213.5000        0.0000016440        0.0068149033        0.0123179754        0.0237553105        0.0784231449        0.0629453471        0.1092962967        0.1896554513        0.5167899268        1.0000000000
214.0000        0.0000014701        0.0068114841        0.0123130769        0.0237610888        0.0784232711        0.0629403753        0.1092859316        0.1896589104        0.5168043917        1.0000000000
214.5000        0.0000013331        0.0068081534        0.0123082638        0.0237667141        0.0784232303        0.0629355613        0.1092759943        0.1896622605        0.5168184892        1.0000000000
215.0000        0.0000012398        0.0068049076        0.0123035394        0.0237721984        0.0784230286        0.0629309079        0.1092664889        0.1896654979        0.5168321915        1.0000000000
215.5000        0.0000011923        0.0068017429        0.0122989064        0.0237775518        0.0784226726        0.0629264170        0.1092574176        0.1896686206        0.5168454787        1.0000000000
216.0000        0.0000011884        0.0067986559        0.0122943662        0.0237827835        0.0784221698        0.0629220890        0.1092487814        0.1896716287        0.5168583370        1.0000000000
216.5000        0.0000012217        0.0067956432        0.0122899195        0.0237879011        0.0784215289        0.0629179231        0.1092405807        0.1896745248        0.5168707570        1.0000000000
217.0000        0.0000012829        0.0067927016        0.0122855657        0.0237929112        0.0784207605        0.0629139173        0.1092328156        0.1896773139        0.5168827314        1.0000000000
217.5000        0.0000013605        0.0067898275        0.0122813036        0.0237978194        0.0784198770        0.0629100685        0.1092254868        0.1896800036        0.5168942532        1.0000000000
218.0000        0.0000014427        0.0067870178        0.0122771307        0.0238026303        0.0784188930        0.0629063731        0.1092185958        0.1896826034        0.5169053133        1.0000000000
218.5000        0.0000015182        0.0067842689        0.0122730440        0.0238073481        0.0784178253        0.0629028268        0.1092121449        0.1896851245        0.5169158992        1.0000000000
219.0000        0.0000015778        0.0067815775        0.0122690395        0.0238119766        0.0784166931        0.0628994253        0.1092061383        0.1896875785        0.5169259934        1.0000000000
219.5000        0.0000016151        0.0067789400        0.0122651127        0.0238165191        0.0784155173        0.0628961646        0.1092005809        0.1896899770        0.5169355734        1.0000000000
220.0000        0.0000016271        0.0067763527        0.0122612586        0.0238209792        0.0784143205        0.0628930411        0.1091954791        0.1896923306        0.5169446111        1.0000000000
220.5000        0.0000016145        0.0067738118        0.0122574720        0.0238253603        0.0784131267        0.0628900522        0.1091908400        0.1896946480        0.5169530744        1.0000000000
221.0000        0.0000015817        0.0067713138        0.0122537473        0.0238296661        0.0784119605        0.0628871960        0.1091866710        0.1896969359        0.5169609278        1.0000000000
221.5000        0.0000015356        0.0067688547        0.0122500790        0.0238339005        0.0784108462        0.0628844719        0.1091829795        0.1896991977        0.5169681348        1.0000000000
222.0000        0.0000014852        0.0067664308        0.0122464620        0.0238380676        0.0784098078        0.0628818804        0.1091797720        0.1897014343        0.5169746600        1.0000000000
222.5000        0.0000014403        0.0067640385        0.0122428911        0.0238421717        0.0784088678        0.0628794225        0.1091770538        0.1897036433        0.5169804710        1.0000000000
223.0000        0.0000014099        0.0067616744        0.0122393618        0.0238462172        0.0784080467        0.0628771005        0.1091748284        0.1897058202        0.5169855409        1.0000000000
223.5000        0.0000014016        0.0067593353        0.0122358699        0.0238502083        0.0784073625        0.0628749167        0.1091730971        0.1897079584        0.5169898503        1.0000000000
224.0000        0.0000014199        0.0067570183        0.0122324119        0.0238541493        0.0784068299        0.0628728737        0.1091718588        0.1897100502        0.5169933879        1.0000000000
224.5000        0.0000014660        0.0067547210        0.0122289850        0.0238580439        0.0784064606        0.0628709738        0.1091711101        0.1897120880        0.5169961517        1.0000000000
225.0000        0.0000015373        0.0067524414        0.0122255865        0.0238618953        0.0784062624        0.0628692184        0.1091708451        0.1897140646        0.5169981489        1.0000000000
225.5000        0.0000016276        0.0067501780        0.0122222149        0.0238657058        0.0784062397        0.0628676085        0.1091710558        0.1897159749        0.5169993948        1.0000000000
226.0000        0.0000017275        0.0067479300        0.0122188686        0.0238694770        0.0784063935        0.0628661433        0.1091717330        0.1897178161        0.5169999111        1.0000000000
226.5000        0.0000018257        0.0067456970        0.0122155466        0.0238732093        0.0784067215        0.0628648210        0.1091728660        0.1897195885        0.5169997244        1.0000000000
227.0000        0.0000019101        0.0067434792        0.0122122483        0.0238769021        0.0784072190        0.0628636384        0.1091744442        0.1897212954        0.5169988633        1.0000000000
227.5000        0.0000019691        0.0067412775        0.0122089731        0.0238805534        0.0784078791        0.0628625910        0.1091764569        0.1897229439        0.5169973560        1.0000000000
228.0000        0.0000019935        0.0067390931        0.0122057205        0.0238841604        0.0784086936        0.0628616729        0.1091788945        0.1897245435        0.5169952281        1.0000000000
228.5000        0.0000019771        0.0067369276        0.0122024899        0.0238877191        0.0784096535        0.0628608776        0.1091817484        0.1897261066        0.5169925003        1.0000000000
229.0000        0.0000019183        0.0067347833        0.0121992805        0.0238912244        0.0784107498        0.0628601980        0.1091850121        0.1897276467        0.5169891869        1.0000000000
229.5000        0.0000018201        0.0067326623        0.0121960914        0.0238946709        0.0784119741        0.0628596269        0.1091886804        0.1897291782        0.5169852957        1.0000000000
230.0000        0.0000016903        0.0067305671        0.0121929213        0.0238980525        0.0784133191        0.0628591573        0.1091927501        0.1897307151        0.5169808272        1.0000000000
230.5000        0.0000015406        0.0067285004        0.0121897687        0.0239013628        0.0784147788        0.0628587829        0.1091972194        0.1897322699        0.5169757764        1.0000000000
231.0000        0.0000013862        0.0067264644        0.0121866318        0.0239045959        0.0784163491        0.0628584982        0.1092020875        0.1897338533        0.5169701336        1.0000000000
231.5000        0.0000012432        0.0067244617        0.0121835086        0.0239077458        0.0784180276        0.0628582989        0.1092073541        0.1897354731        0.5169638869        1.0000000000
232.0000        0.0000011280        0.0067224941        0.0121803970        0.0239108075        0.0784198136        0.0628581818        0.1092130187        0.1897371345        0.5169570248        1.0000000000
232.5000        0.0000010545        0.0067205636        0.0121772949        0.0239137765        0.0784217074        0.0628581450        0.1092190803        0.1897388397        0.5169495383        1.0000000000
233.0000        0.0000010330        0.0067186716        0.0121742001        0.0239166495        0.0784237104        0.0628581873        0.1092255362        0.1897405887        0.5169414231        1.0000000000
233.5000        0.0000000000        0.0067168264        0.0121711241        0.0239194499        0.0784259080        0.0628583758        0.1092324991        0.1897425825        0.5169332342        1.0000000000
234.0000        0.0000000056        0.0067150022        0.0121680204        0.0239221463        0.0784282323        0.0628586092        0.1092397185        0.1897443394        0.5169239261        1.0000000000
234.5000        0.0000000223        0.0067132163        0.0121649254        0.0239247518        0.0784306534        0.0628589178        0.1092472987        0.1897461426        0.5169140716        1.0000000000
235.0000        0.0000000491        0.0067114701        0.0121618399        0.0239272648        0.0784331641        0.0628592980        0.1092552324        0.1897479978        0.5169036838        1.0000000000
235.5000        0.0000000837        0.0067097644        0.0121587650        0.0239296848        0.0784357563        0.0628597466        0.1092635119        0.1897499108        0.5168927766        1.0000000000
236.0000        0.0000001229        0.0067081002        0.0121557019        0.0239320111        0.0784384216        0.0628602600        0.1092721291        0.1897518881        0.5168813652        1.0000000000
236.5000        0.0000001629        0.0067064785        0.0121526520        0.0239342438        0.0784411509        0.0628608343        0.1092810757        0.1897539368        0.5168694651        1.0000000000
237.0000        0.0000001997        0.0067048997        0.0121496172        0.0239363830        0.0784439346        0.0628614655        0.1092903435        0.1897560649        0.5168570918        1.0000000000
237.5000        0.0000002295        0.0067033647        0.0121465995        0.0239384293        0.0784467624        0.0628621493        0.1092999241        0.1897582810        0.5168442602        1.0000000000
238.0000        0.0000002491        0.0067018739        0.0121436011        0.0239403834        0.0784496236        0.0628628811        0.1093098094        0.1897605945        0.5168309839        1.0000000000
238.5000        0.0000002561        0.0067004276        0.0121406244        0.0239422463        0.0784525071        0.0628636560        0.1093199917        0.1897630154        0.5168172752        1.0000000000
239.0000        0.0000002499        0.0066990263        0.0121376720        0.0239440192        0.0784554015        0.0628644691        0.1093304637        0.1897655543        0.5168031441        1.0000000000
239.5000        0.0000002307        0.0066976703        0.0121347463        0.0239457031        0.0784582954        0.0628653153        0.1093412183        0.1897682218        0.5167885988        1.0000000000
240.0000        0.0000002006        0.0066963596        0.0121318502        0.0239472996        0.0784611773        0.0628661896        0.1093522493        0.1897710287        0.5167736451        1.0000000000
240.5000        0.0000001626        0.0066950943        0.0121289862        0.0239488100        0.0784640364        0.0628670870        0.1093635508        0.1897739856        0.5167582871        1.0000000000
241.0000        0.0000001209        0.0066938746        0.0121261569        0.0239502359        0.0784668620        0.0628680027        0.1093751172        0.1897771026        0.5167425272        1.0000000000
241.5000        0.0000000799        0.0066927003        0.0121233646        0.0239515789        0.0784696445        0.0628689321        0.1093869434        0.1897803895        0.5167263669        1.0000000000
242.0000        0.0000000442        0.0066915711        0.0121206119        0.0239528410        0.0784723747        0.0628698709        0.1093990242        0.1897838552        0.5167098068        1.0000000000
242.5000        0.0000000176        0.0066904868        0.0121179006        0.0239540240        0.0784750447        0.0628708151        0.1094113549        0.1897875084        0.5166928478        1.0000000000
243.0000        0.0000000032        0.0066894468        0.0121152329        0.0239551303        0.0784776477        0.0628717609        0.1094239302        0.1897913570        0.5166754909        1.0000000000
243.5000        0.0000000026        0.0066884505        0.0121126105        0.0239561623        0.0784801777        0.0628727049        0.1094367451        0.1897954085        0.5166577379        1.0000000000
244.0000        0.0000000158        0.0066874971        0.0121100348        0.0239571227        0.0784826299        0.0628736436        0.1094497940        0.1897996706        0.5166395914        1.0000000000
244.5000        0.0000000413        0.0066865857        0.0121075072        0.0239580148        0.0784850006        0.0628745738        0.1094630713        0.1898041505        0.5166210548        1.0000000000
245.0000        0.0000000762        0.0066857150        0.0121050289        0.0239588418        0.0784872868        0.0628754922        0.1094765711        0.1898088559        0.5166021321        1.0000000000
245.5000        0.0000001164        0.0066848838        0.0121026010        0.0239596076        0.0784894863        0.0628763954        0.1094902873        0.1898137949        0.5165828273        1.0000000000
246.0000        0.0000001573        0.0066840905        0.0121002242        0.0239603161        0.0784915977        0.0628772800        0.1095042138        0.1898189760        0.5165631443        1.0000000000
246.5000        0.0000001941        0.0066833336        0.0120978994        0.0239609718        0.0784936198        0.0628781422        0.1095183446        0.1898244084        0.5165430861        1.0000000000
247.0000        0.0000002224        0.0066826114        0.0120956272        0.0239615790        0.0784955520        0.0628789782        0.1095326739        0.1898301016        0.5165226543        1.0000000000
247.5000        0.0000002390        0.0066819219        0.0120934083        0.0239621425        0.0784973938        0.0628797839        0.1095471964        0.1898360658        0.5165018484        1.0000000000
248.0000        0.0000002420        0.0066812633        0.0120912433        0.0239626671        0.0784991448        0.0628805551        0.1095619070        0.1898423112        0.5164806663        1.0000000000
248.5000        0.0000002309        0.0066806337        0.0120891325        0.0239631574        0.0785008050        0.0628812876        0.1095768015        0.1898488482        0.5164591033        1.0000000000
249.0000        0.0000002072        0.0066800311        0.0120870765        0.0239636182        0.0785023742        0.0628819770        0.1095918761        0.1898556869        0.5164371529        1.0000000000
249.5000        0.0000001735        0.0066794537        0.0120850755        0.0239640539        0.0785038528        0.0628826194        0.1096071273        0.1898628371        0.5164148068        1.0000000000
250.0000        0.0000001339        0.0066788996        0.0120831298        0.0239644689        0.0785052413        0.0628832108        0.1096225525        0.1898703080        0.5163920553        1.0000000000
250.5000        0.0000000930        0.0066783672        0.0120812394        0.0239648671        0.0785065408        0.0628837475        0.1096381491        0.1898781077        0.5163688883        1.0000000000
251.0000        0.0000000555        0.0066778547        0.0120794043        0.0239652522        0.0785077529        0.0628842263        0.1096539150        0.1898862438        0.5163452954        1.0000000000
251.5000        0.0000000256        0.0066773607        0.0120776240        0.0239656276        0.0785088800        0.0628846443        0.1096698478        0.1898947230        0.5163212670        1.0000000000
252.0000        0.0000000065        0.0066768837        0.0120758980        0.0239659964        0.0785099254        0.0628849989        0.1096859453        0.1899035513        0.5162967943        1.0000000000
252.5000        0.0000000002        0.0066764225        0.0120742256        0.0239663614        0.0785108933        0.0628852878        0.1097022051        0.1899127341        0.5162718700        1.0000000000
253.0000        0.0000000068        0.0066759759        0.0120726057        0.0239667249        0.0785117891        0.0628855090        0.1097186242        0.1899222766        0.5162464877        1.0000000000
253.5000        0.0000000250        0.0066755428        0.0120710370        0.0239670893        0.0785126188        0.0628856607        0.1097351996        0.1899321840        0.5162206428        1.0000000000
254.0000        0.0000000519        0.0066751223        0.0120695180        0.0239674567        0.0785133899        0.0628857409        0.1097519279        0.1899424614        0.5161943312        1.0000000000
254.5000        0.0000000837        0.0066747134        0.0120680467        0.0239678289        0.0785141103        0.0628857478        0.1097688055        0.1899531144        0.5161675491        1.0000000000
255.0000        0.0000001161        0.0066743153        0.0120666215        0.0239682080        0.0785147888        0.0628856796        0.1097858289        0.1899641489        0.5161402929        1.0000000000
255.5000        0.0000001447        0.0066739272        0.0120652400        0.0239685955        0.0785154347        0.0628855341        0.1098029943        0.1899755714        0.5161125580        1.0000000000
256.0000        0.0000001658        0.0066735484        0.0120639002        0.0239689934        0.0785160575        0.0628853090        0.1098202985        0.1899873886        0.5160843386        1.0000000000
256.5000        0.0000001768        0.0066731780        0.0120625998        0.0239694032        0.0785166668        0.0628850021        0.1098377383        0.1899996075        0.5160556276        1.0000000000
257.0000        0.0000001764        0.0066728155        0.0120613366        0.0239698264        0.0785172720        0.0628846107        0.1098553111        0.1900122349        0.5160264164        1.0000000000
257.5000        0.0000001649        0.0066724603        0.0120601084        0.0239702645        0.0785178822        0.0628841326        0.1098730148        0.1900252775        0.5159966947        1.0000000000
258.0000        0.0000001441        0.0066721119        0.0120589132        0.0239707188        0.0785185060        0.0628835653        0.1098908477        0.1900387416        0.5159664516        1.0000000000
258.5000        0.0000001169        0.0066717697        0.0120577490        0.0239711900        0.0785191513        0.0628829067        0.1099088084        0.1900526324        0.5159356756        1.0000000000
259.0000        0.0000000869        0.0066714336        0.0120566140        0.0239716790        0.0785198258        0.0628821549        0.1099268958        0.1900669546        0.5159043554        1.0000000000
259.5000        0.0000000581        0.0066711034        0.0120555066        0.0239721859        0.0785205361        0.0628813086        0.1099451091        0.1900817117        0.5158724807        1.0000000000
260.0000        0.0000000340        0.0066707789        0.0120544252        0.0239727105        0.0785212887        0.0628803665        0.1099634472        0.1900969065        0.5158400425        1.0000000000
260.5000        0.0000000174        0.0066704605        0.0120533684        0.0239732523        0.0785220895        0.0628793282        0.1099819089        0.1901125409        0.5158070340        1.0000000000
261.0000        0.0000000100        0.0066701484        0.0120523351        0.0239738100        0.0785229442        0.0628781932        0.1100004926        0.1901286163        0.5157734502        1.0000000000
261.5000        0.0000000121        0.0066698432        0.0120513239        0.0239743821        0.0785238585        0.0628769617        0.1100191963        0.1901451338        0.5157392886        1.0000000000
262.0000        0.0000000225        0.0066695454        0.0120503337        0.0239749666        0.0785248379        0.0628756338        0.1100380175        0.1901620944        0.5157045483        1.0000000000
262.5000        0.0000000392        0.0066692560        0.0120493635        0.0239755611        0.0785258879        0.0628742100        0.1100569532        0.1901794993        0.5156692298        1.0000000000
263.0000        0.0000000591        0.0066689758        0.0120484121        0.0239761630        0.0785270143        0.0628726905        0.1100760003        0.1901973502        0.5156333346        1.0000000000
263.5000        0.0000000790        0.0066687060        0.0120474786        0.0239767694        0.0785282229        0.0628710758        0.1100951551        0.1902156489        0.5155968642        1.0000000000
264.0000        0.0000000959        0.0066684476        0.0120465619        0.0239773773        0.0785295194        0.0628693660        0.1101144141        0.1902343981        0.5155598197        1.0000000000
264.5000        0.0000001073        0.0066682017        0.0120456612        0.0239779836        0.0785309094        0.0628675611        0.1101337737        0.1902536003        0.5155222017        1.0000000000
265.0000        0.0000001118        0.0066679694        0.0120447754        0.0239785853        0.0785323980        0.0628656612        0.1101532306        0.1902732587        0.5154840095        1.0000000000
265.5000        0.0000001091        0.0066677519        0.0120439040        0.0239791795        0.0785339898        0.0628636662        0.1101727818        0.1902933759        0.5154452418        1.0000000000
266.0000        0.0000001000        0.0066675500        0.0120430464        0.0239797634        0.0785356888        0.0628615759        0.1101924244        0.1903139545        0.5154058966        1.0000000000
266.5000        0.0000000863        0.0066673647        0.0120422022        0.0239803342        0.0785374975        0.0628593905        0.1102121562        0.1903349963        0.5153659721        1.0000000000
267.0000        0.0000000704        0.0066671967        0.0120413714        0.0239808894        0.0785394177        0.0628571103        0.1102319747        0.1903565024        0.5153254670        1.0000000000
267.5000        0.0000000550        0.0066670469        0.0120405541        0.0239814265        0.0785414495        0.0628547360        0.1102518779        0.1903784730        0.5152843811        1.0000000000
268.0000        0.0000000425        0.0066669157        0.0120397509        0.0239819430        0.0785435919        0.0628522686        0.1102718633        0.1904009075        0.5152427166        1.0000000000
268.5000        0.0000000345        0.0066668037        0.0120389627        0.0239824365        0.0785458424        0.0628497097        0.1102919284        0.1904238045        0.5152004776        1.0000000000
269.0000        0.0000000320        0.0066667113        0.0120381905        0.0239829047        0.0785481970        0.0628470613        0.1103120701        0.1904471624        0.5151576708        1.0000000000
269.5000        0.0000000348        0.0066666390        0.0120374359        0.0239833448        0.0785506509        0.0628443255        0.1103322847        0.1904709789        0.5151143055        1.0000000000
270.0000        0.0000000419        0.0066665869        0.0120367006        0.0239837543        0.0785531982        0.0628415049        0.1103525680        0.1904952522        0.5150703929        1.0000000000
270.5000        0.0000000514        0.0066665555        0.0120359866        0.0239841306        0.0785558321        0.0628386023        0.1103729152        0.1905199807        0.5150259455        1.0000000000
271.0000        0.0000000614        0.0066665449        0.0120352958        0.0239844709        0.0785585454        0.0628356205        0.1103933210        0.1905451632        0.5149809769        1.0000000000
271.5000        0.0000000698        0.0066665554        0.0120346305        0.0239847724        0.0785613305        0.0628325621        0.1104137796        0.1905707991        0.5149355007        1.0000000000
272.0000        0.0000000748        0.0066665870        0.0120339931        0.0239850325        0.0785641793        0.0628294298        0.1104342850        0.1905968888        0.5148895297        1.0000000000
272.5000        0.0000000756        0.0066666400        0.0120333857        0.0239852486        0.0785670840        0.0628262259        0.1104548314        0.1906234327        0.5148430761        1.0000000000
273.0000        0.0000000722        0.0066667142        0.0120328107        0.0239854185        0.0785700361        0.0628229529        0.1104754127        0.1906504319        0.5147961507        1.0000000000
273.5000        0.0000000654        0.0066668095        0.0120322703        0.0239855403        0.0785730274        0.0628196129        0.1104960233        0.1906778873        0.5147487637        1.0000000000
274.0000        0.0000000568        0.0066669255        0.0120317666        0.0239856125        0.0785760489        0.0628162080        0.1105166578        0.1907057997        0.5147009241        1.0000000000
274.5000        0.0000000483        0.0066670617        0.0120313019        0.0239856341        0.0785790913        0.0628127406        0.1105373110        0.1907341695        0.5146526416        1.0000000000
275.0000        0.0000000418        0.0066672174        0.0120308783        0.0239856047        0.0785821448        0.0628092132        0.1105579777        0.1907629962        0.5146039258        1.0000000000
275.5000        0.0000000389        0.0066673917        0.0120304980        0.0239855244        0.0785851985        0.0628056284        0.1105786530        0.1907922791        0.5145547881        1.0000000000
276.0000        0.0000000405        0.0066675832        0.0120301631        0.0239853939        0.0785882407        0.0628019893        0.1105993315        0.1908220165        0.5145052412        1.0000000000
276.5000        0.0000000464        0.0066677907        0.0120298761        0.0239852143        0.0785912587        0.0627982996        0.1106200077        0.1908522066        0.5144553000        1.0000000000
277.0000        0.0000000558        0.0066680124        0.0120296391        0.0239849872        0.0785942388        0.0627945630        0.1106406754        0.1908828472        0.5144049812        1.0000000000
277.5000        0.0000000668        0.0066682466        0.0120294546        0.0239847147        0.0785971663        0.0627907836        0.1106613280        0.1909139363        0.5143543031        1.0000000000
278.0000        0.0000000775        0.0066684912        0.0120293250        0.0239843991        0.0786000258        0.0627869658        0.1106819583        0.1909454725        0.5143032849        1.0000000000
278.5000        0.0000000854        0.0066687442        0.0120292529        0.0239840428        0.0786028014        0.0627831140        0.1107025584        0.1909774549        0.5142519460        1.0000000000
279.0000        0.0000000890        0.0066690033        0.0120292406        0.0239836487        0.0786054770        0.0627792326        0.1107231201        0.1910098835        0.5142003053        1.0000000000
279.5000        0.0000000870        0.0066692664        0.0120292906        0.0239832197        0.0786080363        0.0627753257        0.1107436349        0.1910427592        0.5141483803        1.0000000000
280.0000        0.0000000797        0.0066695312        0.0120294051        0.0239827587        0.0786104634        0.0627713974        0.1107640941        0.1910760837        0.5140961867        1.0000000000
280.5000        0.0000000681        0.0066697955        0.0120295860        0.0239822691        0.0786127431        0.0627674514        0.1107844893        0.1911098591        0.5140437385        1.0000000000
281.0000        0.0000000541        0.0066700570        0.0120298353        0.0239817543        0.0786148607        0.0627634912        0.1108048122        0.1911440880        0.5139910473        1.0000000000
281.5000        0.0000000404        0.0066703136        0.0120301542        0.0239812180        0.0786168024        0.0627595202        0.1108250548        0.1911787729        0.5139381234        1.0000000000
282.0000        0.0000000297        0.0066705631        0.0120305438        0.0239806643        0.0786185552        0.0627555417        0.1108452097        0.1912139163        0.5138849762        1.0000000000
282.5000        0.0000000243        0.0066708032        0.0120310050        0.0239800976        0.0786201069        0.0627515589        0.1108652696        0.1912495199        0.5138316146        1.0000000000
283.0000        0.0000000257        0.0066710319        0.0120315378        0.0239795229        0.0786214460        0.0627475754        0.1108852272        0.1912855852        0.5137780478        1.0000000000
283.5000        0.0000000340        0.0066712469        0.0120321425        0.0239789456        0.0786225614        0.0627435948        0.1109050757        0.1913221131        0.5137242860        1.0000000000
284.0000        0.0000000484        0.0066714460        0.0120328185        0.0239783715        0.0786234424        0.0627396211        0.1109248076        0.1913591042        0.5136703403        1.0000000000
284.5000        0.0000000665        0.0066716269        0.0120335652        0.0239778070        0.0786240785        0.0627356586        0.1109444155        0.1913965591        0.5136162226        1.0000000000
285.0000        0.0000000853        0.0066717874        0.0120343819        0.0239772587        0.0786244593        0.0627317118        0.1109638914        0.1914344788        0.5135619455        1.0000000000
285.5000        0.0000001016        0.0066719251        0.0120352673        0.0239767336        0.0786245746        0.0627277852        0.1109832269        0.1914728645        0.5135075213        1.0000000000
286.0000        0.0000001122        0.0066720378        0.0120362202        0.0239762388        0.0786244141        0.0627238835        0.1110024132        0.1915117186        0.5134529615        1.0000000000
286.5000        0.0000001151        0.0066721234        0.0120372392        0.0239757817        0.0786239682        0.0627200111        0.1110214413        0.1915510443        0.5133982757        1.0000000000
287.0000        0.0000001095        0.0066721797        0.0120383228        0.0239753693        0.0786232275        0.0627161724        0.1110403019        0.1915908455        0.5133434713        1.0000000000
287.5000        0.0000000962        0.0066722048        0.0120394692        0.0239750087        0.0786221836        0.0627123712        0.1110589861        0.1916311273        0.5132885529        1.0000000000
288.0000        0.0000000772        0.0066721969        0.0120406764        0.0239747068        0.0786208290        0.0627086113        0.1110774850        0.1916718951        0.5132335223        1.0000000000
288.5000        0.0000000559        0.0066721545        0.0120419423        0.0239744701        0.0786191577        0.0627048958        0.1110957904        0.1917131545        0.5131783788        1.0000000000
289.0000        0.0000000362        0.0066720763        0.0120432644        0.0239743050        0.0786171650        0.0627012278        0.1111138944        0.1917549112        0.5131231196        1.0000000000
289.5000        0.0000000218        0.0066719614        0.0120446399        0.0239742177        0.0786148481        0.0626976101        0.1111317899        0.1917971705        0.5130677406        1.0000000000
290.0000        0.0000000154        0.0066718090        0.0120460656        0.0239742140        0.0786122058        0.0626940456        0.1111494700        0.1918399371        0.5130122375        1.0000000000
290.5000        0.0000000185        0.0066716187        0.0120475381        0.0239742998        0.0786092385        0.0626905370        0.1111669286        0.1918832151        0.5129566057        1.0000000000
291.0000        0.0000000309        0.0066713902        0.0120490534        0.0239744807        0.0786059484        0.0626870875        0.1111841592        0.1919270084        0.5129008413        1.0000000000
291.5000        0.0000000506        0.0066711237        0.0120506074        0.0239747624        0.0786023385        0.0626837002        0.1112011557        0.1919713202        0.5128449413        1.0000000000
292.0000        0.0000000741        0.0066708192        0.0120521956        0.0239751507        0.0785984134        0.0626803785        0.1112179118        0.1920161540        0.5127889027        1.0000000000
292.5000        0.0000000973        0.0066704773        0.0120538133        0.0239756510        0.0785941781        0.0626771261        0.1112344207        0.1920615136        0.5127327225        1.0000000000
293.0000        0.0000001161        0.0066700985        0.0120554557        0.0239762689        0.0785896386        0.0626739464        0.1112506757        0.1921074033        0.5126763967        1.0000000000
293.5000        0.0000001268        0.0066696834        0.0120571178        0.0239770099        0.0785848011        0.0626708432        0.1112666697        0.1921538283        0.5126199198        1.0000000000
294.0000        0.0000001275        0.0066692329        0.0120587947        0.0239778790        0.0785796724        0.0626678197        0.1112823956        0.1922007944        0.5125632839        1.0000000000
294.5000        0.0000001179        0.0066687480        0.0120604816        0.0239788810        0.0785742596        0.0626648789        0.1112978465        0.1922483083        0.5125064783        1.0000000000
295.0000        0.0000000997        0.0066682297        0.0120621735        0.0239800203        0.0785685706        0.0626620235        0.1113130158        0.1922963772        0.5124494897        1.0000000000
295.5000        0.0000000762        0.0066676794        0.0120638660        0.0239813006        0.0785626141        0.0626592557        0.1113278976        0.1923450083        0.5123923022        1.0000000000
296.0000        0.0000000517        0.0066670985        0.0120655543        0.0239827251        0.0785563995        0.0626565775        0.1113424865        0.1923942088        0.5123348982        1.0000000000
296.5000        0.0000000307        0.0066664889        0.0120672339        0.0239842961        0.0785499378        0.0626539904        0.1113567780        0.1924439853        0.5122772589        1.0000000000
297.0000        0.0000000173        0.0066658524        0.0120689005        0.0239860156        0.0785432411        0.0626514960        0.1113707679        0.1924943437        0.5122193655        1.0000000000
297.5000        0.0000000138        0.0066651914        0.0120705495        0.0239878845        0.0785363232        0.0626490957        0.1113844530        0.1925452890        0.5121611998        1.0000000000
298.0000        0.0000000210        0.0066645083        0.0120721767        0.0239899033        0.0785291990        0.0626467911        0.1113978302        0.1925968256        0.5121027446        1.0000000000
298.5000        0.0000000375        0.0066638059        0.0120737776        0.0239920722        0.0785218851        0.0626445841        0.1114108965        0.1926489573        0.5120439838        1.0000000000
299.0000        0.0000000600        0.0066630870        0.0120753478        0.0239943907        0.0785143990        0.0626424764        0.1114236490        0.1927016876        0.5119849025        1.0000000000
299.5000        0.0000000844        0.0066623546        0.0120768829        0.0239968581        0.0785067589        0.0626404703        0.1114360846        0.1927550202        0.5119254861        1.0000000000
300.0000        0.0000001058        0.0066616120        0.0120783786        0.0239994733        0.0784989837        0.0626385681        0.1114482000        0.1928089590        0.5118657195        1.0000000000
