       t         state 0 pop         state 1 pop         state 2 pop         state 3 pop         state 4 pop         state 5 pop         state 6 pop         state 7 pop         state 8 pop              poptot
  0.0000        0.0002765880        0.0002833635        0.0002926235        0.0003002571        0.0005732368        0.0005936657        0.0006220310        0.0006458125        0.9964124218        1.0000000000
  0.5000        0.0002850535        0.0002918476        0.0003012508        0.0003089122        0.0005919587        0.0006124951        0.0006413637        0.0006652770        0.9963018416        1.0000000000
  1.0000        0.0002934019        0.0003002118        0.0003097590        0.0003174456        0.0006108422        0.0006314669        0.0006608358        0.0006848618        0.9961911749        1.0000000000
  1.5000        0.0003013275        0.0003081576        0.0003178546        0.0003255710        0.0006295606        0.0006502643        0.0006801380        0.0007042682        0.9960828581        1.0000000000
  2.0000        0.0003085384        0.0003153997        0.0003252562        0.0003330137        0.0006477874        0.0006685715        0.0006989616        0.0007231982        0.9959792733        1.0000000000
  2.5000        0.0003147677        0.0003216762        0.0003317048        0.0003395200        0.0006652020        0.0006860782        0.0007170031        0.0007413595        0.9958826885        1.0000000000
  3.0000        0.0003197837        0.0003267582        0.0003369724        0.0003448653        0.0006814956        0.0007024851        0.0007339695        0.0007584694        0.9957952008        1.0000000000
  3.5000        0.0003233985        0.0003304582        0.0003408695        0.0003488611        0.0006963764        0.0007175093        0.0007495824        0.0007742589        0.9957186857        1.0000000000
  4.0000        0.0003254755        0.0003326365        0.0003432519        0.0003513613        0.0007095753        0.0007308880        0.0007635821        0.0007884764        0.9956547531        1.0000000000
  4.5000        0.0003259343        0.0003332065        0.0003440255        0.0003522664        0.0007208500        0.0007423838        0.0007757319        0.0008008913        0.9956047102        1.0000000000
  5.0000        0.0000000164        0.0000000168        0.0000000174        0.0000000180        0.0000000404        0.0000000422        0.0000000448        0.0000000470        0.9999997569        1.0000000000
  5.5000        0.0000001476        0.0000001515        0.0000001572        0.0000001618        0.0000003664        0.0000003824        0.0000004058        0.0000004258        0.9999978015        1.0000000000
  6.0000        0.0000004081        0.0000004189        0.0000004347        0.0000004474        0.0000010229        0.0000010668        0.0000011316        0.0000011868        0.9999938828        1.0000000000
  6.5000        0.0000007916        0.0000008126        0.0000008436        0.0000008683        0.0000020092        0.0000020945        0.0000022216        0.0000023288        0.9999880298        1.0000000000
  7.0000        0.0000000062        0.0000000064        0.0000000066        0.0000000068        0.0000000158        0.0000000164        0.0000000174        0.0000000182        0.9999999061        1.0000000000
  7.5000        0.0000001176        0.0000001204        0.0000001248        0.0000001282        0.0000002988        0.0000003108        0.0000003294        0.0000003448        0.9999982252        1.0000000000
  8.0000        0.0000003672        0.0000003759        0.0000003895        0.0000003999        0.0000009410        0.0000009783        0.0000010363        0.0000010840        0.9999944279        1.0000000000
  8.5000        0.0000007495        0.0000007673        0.0000007953        0.0000008166        0.0000019439        0.0000020197        0.0000021392        0.0000022364        0.9999885320        1.0000000000
  9.0000        0.0000012543        0.0000012845        0.0000013323        0.0000013685        0.0000033035        0.0000034310        0.0000036339        0.0000037976        0.9999805945        1.0000000000
  9.5000        0.0000018669        0.0000019132        0.0000019862        0.0000020415        0.0000050100        0.0000052022        0.0000055110        0.0000057582        0.9999707108        1.0000000000
 10.0000        0.0000025690        0.0000026353        0.0000027393        0.0000028182        0.0000070483        0.0000073184        0.0000077559        0.0000081038        0.9999590118        1.0000000000
 10.5000        0.0000033387        0.0000034295        0.0000035705        0.0000036780        0.0000093980        0.0000097599        0.0000103494        0.0000108154        0.9999456607        1.0000000000
 11.0000        0.0000041519        0.0000042720        0.0000044562        0.0000045977        0.0000120340        0.0000125018        0.0000132673        0.0000138698        0.9999308493        1.0000000000
 11.5000        0.0000049827        0.0000051374        0.0000053711        0.0000055525        0.0000149264        0.0000155154        0.0000164816        0.0000172394        0.9999147935        1.0000000000
 12.0000        0.0000058043        0.0000059992        0.0000062889        0.0000065164        0.0000180416        0.0000187678        0.0000199602        0.0000208932        0.9998977284        1.0000000000
 12.5000        0.0000065903        0.0000068312        0.0000071831        0.0000074630        0.0000213421        0.0000222227        0.0000236676        0.0000247969        0.9998799031        1.0000000000
 13.0000        0.0000073150        0.0000076078        0.0000080278        0.0000083666        0.0000247877        0.0000258410        0.0000275654        0.0000289132        0.9998615755        1.0000000000
 13.5000        0.0000079549        0.0000083050        0.0000087984        0.0000092024        0.0000283357        0.0000295813        0.0000316130        0.0000332026        0.9998430069        1.0000000000
 14.0000        0.0000084889        0.0000089013        0.0000094727        0.0000099477        0.0000319415        0.0000334001        0.0000357675        0.0000376237        0.9998244567        1.0000000000
 14.5000        0.0000088994        0.0000093783        0.0000100311        0.0000105822        0.0000355598        0.0000372532        0.0000399850        0.0000421337        0.9998061774        1.0000000000
 15.0000        0.0000091729        0.0000097214        0.0000104574        0.0000110888        0.0000391444        0.0000410955        0.0000442208        0.0000466890        0.9997884098        1.0000000000
 15.5000        0.0000093002        0.0000099198        0.0000107393        0.0000114539        0.0000426498        0.0000448822        0.0000484299        0.0000512457        0.9997713791        1.0000000000
 16.0000        0.0000092771        0.0000099674        0.0000108689        0.0000116678        0.0000460312        0.0000485690        0.0000525679        0.0000557600        0.9997552907        1.0000000000
 16.5000        0.0000091040        0.0000098629        0.0000108425        0.0000117250        0.0000492452        0.0000521129        0.0000565911        0.0000601890        0.9997403274        1.0000000000
 17.0000        0.0000087866        0.0000096096        0.0000106611        0.0000116244        0.0000522509        0.0000554728        0.0000604574        0.0000644907        0.9997266466        1.0000000000
 17.5000        0.0000083351        0.0000092152        0.0000103303        0.0000113693        0.0000550099        0.0000586099        0.0000641266        0.0000686250        0.9997143786        1.0000000000
 18.0000        0.0000077643        0.0000086923        0.0000098600        0.0000109670        0.0000574873        0.0000614885        0.0000675612        0.0000725539        0.9997036257        1.0000000000
 18.5000        0.0000070930        0.0000080571        0.0000092641        0.0000104291        0.0000596519        0.0000640759        0.0000707262        0.0000762416        0.9996944610        1.0000000000
 19.0000        0.0000063436        0.0000073296        0.0000085604        0.0000097708        0.0000614769        0.0000663435        0.0000735904        0.0000796557        0.9996869292        1.0000000000
 19.5000        0.0000055410        0.0000065327        0.0000077697        0.0000090106        0.0000629400        0.0000682666        0.0000761259        0.0000827666        0.9996810469        1.0000000000
 20.0000        0.0000047122        0.0000056916        0.0000069158        0.0000081700        0.0000640239        0.0000698253        0.0000783090        0.0000855484        0.9996768037        1.0000000000
 20.5000        0.0000038856        0.0000048331        0.0000060240        0.0000072725        0.0000647168        0.0000710040        0.0000801203        0.0000879791        0.9996741646        1.0000000000
 21.0000        0.0000030896        0.0000039848        0.0000051212        0.0000063434        0.0000650119        0.0000717923        0.0000815449        0.0000900407        0.9996730712        1.0000000000
 21.5000        0.0000023524        0.0000031743        0.0000042347        0.0000054089        0.0000649083        0.0000721849        0.0000825724        0.0000917192        0.9996734449        1.0000000000
 22.0000        0.0000017004        0.0000024285        0.0000033916        0.0000044956        0.0000644108        0.0000721816        0.0000831974        0.0000930051        0.9996751890        1.0000000000
 22.5000        0.0000011583        0.0000017726        0.0000026183        0.0000036296        0.0000635296        0.0000717873        0.0000834193        0.0000938935        0.9996781915        1.0000000000
 23.0000        0.0000007475        0.0000012296        0.0000019394        0.0000028362        0.0000622805        0.0000710121        0.0000832425        0.0000943837        0.9996823284        1.0000000000
 23.5000        0.0000004861        0.0000008199        0.0000013772        0.0000021389        0.0000606850        0.0000698714        0.0000826761        0.0000944795        0.9996874658        1.0000000000
 24.0000        0.0000003880        0.0000005601        0.0000009514        0.0000015591        0.0000587697        0.0000683854        0.0000817339        0.0000941893        0.9996934631        1.0000000000
 24.5000        0.0000004625        0.0000004630        0.0000006782        0.0000011155        0.0000565662        0.0000665790        0.0000804348        0.0000935257        0.9997001752        1.0000000000
 25.0000        0.0000007143        0.0000005372        0.0000005701        0.0000008236        0.0000541109        0.0000644817        0.0000788018        0.0000925058        0.9997074548        1.0000000000
 25.5000        0.0000011432        0.0000007868        0.0000006356        0.0000006954        0.0000514445        0.0000621273        0.0000768623        0.0000911505        0.9997151545        1.0000000000
 26.0000        0.0000017437        0.0000012113        0.0000008789        0.0000007393        0.0000486120        0.0000595537        0.0000746479        0.0000894849        0.9997231283        1.0000000000
 26.5000        0.0000000055        0.0000000055        0.0000000056        0.0000000056        0.0000000190        0.0000000188        0.0000000195        0.0000000198        0.9999999007        1.0000000000
 27.0000        0.0000002011        0.0000001986        0.0000002019        0.0000002014        0.0000006946        0.0000006867        0.0000007126        0.0000007212        0.9999963820        1.0000000000
 27.5000        0.0000006790        0.0000006698        0.0000006804        0.0000006783        0.0000023691        0.0000023367        0.0000024218        0.0000024470        0.9999877179        1.0000000000
 28.0000        0.0000000529        0.0000000521        0.0000000529        0.0000000527        0.0000001869        0.0000001841        0.0000001908        0.0000001927        0.9999990348        1.0000000000
 28.5000        0.0000003793        0.0000003730        0.0000003784        0.0000003764        0.0000013511        0.0000013272        0.0000013736        0.0000013851        0.9999930559        1.0000000000
 29.0000        0.0000010048        0.0000009872        0.0000010009        0.0000009949        0.0000036208        0.0000035475        0.0000036670        0.0000036917        0.9999814851        1.0000000000
 29.5000        0.0000019242        0.0000018888        0.0000019146        0.0000019022        0.0000070331        0.0000068739        0.0000070977        0.0000071348        0.9999642307        1.0000000000
 30.0000        0.0000031243        0.0000030649        0.0000031069        0.0000030858        0.0000116160        0.0000113264        0.0000116838        0.0000117287        0.9999412632        1.0000000000
 30.5000        0.0000045845        0.0000044956        0.0000045585        0.0000045275        0.0000173876        0.0000169160        0.0000174350        0.0000174802        0.9999126151        1.0000000000
 31.0000        0.0000062771        0.0000061546        0.0000062443        0.0000062031        0.0000243565        0.0000236447        0.0000243528        0.0000243884        0.9998783784        1.0000000000
 31.5000        0.0000081685        0.0000080101        0.0000081335        0.0000080836        0.0000325212        0.0000315057        0.0000324303        0.0000324454        0.9998387017        1.0000000000
 32.0000        0.0000102192        0.0000100252        0.0000101908        0.0000101357        0.0000418711        0.0000404834        0.0000416527        0.0000416357        0.9997937862        1.0000000000
 32.5000        0.0000123856        0.0000121588        0.0000123768        0.0000123222        0.0000523859        0.0000505541        0.0000519976        0.0000519376        0.9997438814        1.0000000000
 33.0000        0.0000146207        0.0000143670        0.0000146493        0.0000146034        0.0000640363        0.0000616858        0.0000634351        0.0000633226        0.9996892799        1.0000000000
 33.5000        0.0000168753        0.0000166037        0.0000169638        0.0000169374        0.0000767844        0.0000738392        0.0000759286        0.0000757565        0.9996303112        1.0000000000
 34.0000        0.0000190991        0.0000188221        0.0000192750        0.0000192813        0.0000905842        0.0000869676        0.0000894350        0.0000891995        0.9995673361        1.0000000000
 34.5000        0.0000212425        0.0000209755        0.0000215374        0.0000215922        0.0001053819        0.0001010180        0.0001039052        0.0001036069        0.9995007404        1.0000000000
 35.0000        0.0000232571        0.0000230183        0.0000237067        0.0000238278        0.0001211168        0.0001159312        0.0001192851        0.0001189294        0.9994309276        1.0000000000
 35.5000        0.0000250973        0.0000249074        0.0000257402        0.0000259474        0.0001377217        0.0001316431        0.0001355156        0.0001351141        0.9993583132        1.0000000000
 36.0000        0.0000267214        0.0000266031        0.0000275984        0.0000279126        0.0001551240        0.0001480846        0.0001525336        0.0001521045        0.9992833177        1.0000000000
 36.5000        0.0000280925        0.0000280698        0.0000292452        0.0000296884        0.0001732462        0.0001651829        0.0001702728        0.0001698416        0.9992063606        1.0000000000
 37.0000        0.0000291795        0.0000292770        0.0000306491        0.0000312435        0.0001920066        0.0001828621        0.0001886638        0.0001882644        0.9991278539        1.0000000000
 37.5000        0.0000299580        0.0000301999        0.0000317836        0.0000325510        0.0002113206        0.0002010438        0.0002076357        0.0002073103        0.9990481970        1.0000000000
 38.0000        0.0000304104        0.0000308200        0.0000326280        0.0000335891        0.0002311012        0.0002196482        0.0002271159        0.0002269159        0.9989677714        1.0000000000
 38.5000        0.0000305270        0.0000311254        0.0000331674        0.0000343412        0.0002512599        0.0002385945        0.0002470313        0.0002470178        0.9988869355        1.0000000000
 39.0000        0.0000303059        0.0000311113        0.0000333935        0.0000347962        0.0002717080        0.0002578021        0.0002673092        0.0002675529        0.9988060209        1.0000000000
 39.5000        0.0000297532        0.0000307799        0.0000333042        0.0000349491        0.0002923570        0.0002771911        0.0002878774        0.0002884593        0.9987253287        1.0000000000
 40.0000        0.0000288829        0.0000301405        0.0000329042        0.0000348004        0.0003131198        0.0002966833        0.0003086657        0.0003096768        0.9986451264        1.0000000000
 40.5000        0.0000277168        0.0000292092        0.0000322046        0.0000343567        0.0003339118        0.0003162028        0.0003296057        0.0003311474        0.9985656452        1.0000000000
 41.0000        0.0000262837        0.0000280086        0.0000312224        0.0000336300        0.0003546514        0.0003356769        0.0003506323        0.0003528161        0.9984870785        1.0000000000
 41.5000        0.0000246193        0.0000265676        0.0000299809        0.0000326379        0.0003752614        0.0003550368        0.0003716841        0.0003746315        0.9984095805        1.0000000000
 42.0000        0.0000227653        0.0000249206        0.0000285085        0.0000314029        0.0003956696        0.0003742183        0.0003927037        0.0003965460        0.9983332651        1.0000000000
 42.5000        0.0000207685        0.0000231065        0.0000268386        0.0000299522        0.0004158099        0.0003931627        0.0004136390        0.0004185168        0.9982582057        1.0000000000
 43.0000        0.0000186803        0.0000211690        0.0000250089        0.0000283173        0.0004356230        0.0004118173        0.0004344431        0.0004405062        0.9981844350        1.0000000000
 43.5000        0.0000165550        0.0000191544        0.0000230606        0.0000265329        0.0004550576        0.0004301360        0.0004550755        0.0004624822        0.9981119458        1.0000000000
 44.0000        0.0000144494        0.0000171120        0.0000210378        0.0000246371        0.0004740711        0.0004480804        0.0004755025        0.0004844188        0.9980406909        1.0000000000
 44.5000        0.0000124214        0.0000150923        0.0000189866        0.0000226700        0.0004926309        0.0004656198        0.0004956977        0.0005062968        0.9979705846        1.0000000000
 45.0000        0.0000105289        0.0000131464        0.0000169543        0.0000206736        0.0005107148        0.0004827324        0.0005156423        0.0005281041        0.9979015032        1.0000000000
 45.5000        0.0000088290        0.0000113252        0.0000149890        0.0000186907        0.0005283122        0.0004994056        0.0005353264        0.0005498362        0.9978332859        1.0000000000
 46.0000        0.0000073764        0.0000096783        0.0000131380        0.0000167647        0.0005454252        0.0005156365        0.0005547485        0.0005714964        0.9977657360        1.0000000000
 46.5000        0.0000062231        0.0000082532        0.0000114478        0.0000149383        0.0005620696        0.0005314328        0.0005739170        0.0005930968        0.9976986215        1.0000000000
 47.0000        0.0000054168        0.0000070946        0.0000099629        0.0000132534        0.0005782757        0.0005468130        0.0005928500        0.0006146581        0.9976316755        1.0000000000
 47.5000        0.0000050004        0.0000062434        0.0000087253        0.0000117504        0.0005940897        0.0005618072        0.0006115759        0.0006362106        0.9975645971        1.0000000000
 48.0000        0.0000000679        0.0000000614        0.0000000600        0.0000000569        0.0000004340        0.0000003645        0.0000003608        0.0000003471        0.9999982473        1.0000000000
 48.5000        0.0000008466        0.0000007629        0.0000007432        0.0000007034        0.0000054788        0.0000045629        0.0000045030        0.0000043201        0.9999780791        1.0000000000
 49.0000        0.0000025231        0.0000022658        0.0000022043        0.0000020825        0.0000165824        0.0000136925        0.0000134735        0.0000128907        0.9999342851        1.0000000000
 49.5000        0.0000051207        0.0000045836        0.0000044533        0.0000042010        0.0000342565        0.0000280407        0.0000275143        0.0000262543        0.9998655756        1.0000000000
 50.0000        0.0000086480        0.0000077167        0.0000074890        0.0000070554        0.0000590254        0.0000478871        0.0000468590        0.0000445985        0.9997707209        1.0000000000
 50.5000        0.0000130989        0.0000116532        0.0000112989        0.0000106328        0.0000914270        0.0000735028        0.0000717324        0.0000681037        0.9996485503        1.0000000000
 51.0000        0.0000184525        0.0000163690        0.0000158596        0.0000149104        0.0001320144        0.0001051508        0.0001023513        0.0000969434        0.9994979484        1.0000000000
 51.5000        0.0000246739        0.0000218280        0.0000211372        0.0000198571        0.0001813584        0.0001430855        0.0001389245        0.0001312850        0.9993178504        1.0000000000
 52.0000        0.0000317140        0.0000279831        0.0000270878        0.0000254329        0.0002400497        0.0001875527        0.0001816530        0.0001712906        0.9991072363        1.0000000000
 52.5000        0.0000395110        0.0000347768        0.0000336588        0.0000315905        0.0003087014        0.0002387902        0.0002307309        0.0002171172        0.9988651232        1.0000000000
 53.0000        0.0000479912        0.0000421422        0.0000407890        0.0000382757        0.0003879528        0.0002970276        0.0002863455        0.0002689185        0.9985905576        1.0000000000
 53.5000        0.0000570699        0.0000500042        0.0000484101        0.0000454281        0.0004784726        0.0003624865        0.0003486786        0.0003268453        0.9982826048        1.0000000000
 54.0000        0.0000666531        0.0000582805        0.0000564479        0.0000529826        0.0005809628        0.0004353809        0.0004179067        0.0003910466        0.9979403389        1.0000000000
 54.5000        0.0000766387        0.0000668832        0.0000648229        0.0000608697        0.0006961639        0.0005159175        0.0004942020        0.0004616712        0.9975628307        1.0000000000
 55.0000        0.0000869182        0.0000757200        0.0000734520        0.0000690173        0.0008248593        0.0006042962        0.0005777335        0.0005388685        0.9971491350        1.0000000000
 55.5000        0.0000973784        0.0000846955        0.0000822496        0.0000773507        0.0009678810        0.0007007097        0.0006686677        0.0006227902        0.9966982771        1.0000000000
 56.0000        0.0001079033        0.0000937128        0.0000911287        0.0000857948        0.0011261162        0.0008053449        0.0007671698        0.0007135914        0.9962092381        1.0000000000
 56.5000        0.0001183753        0.0001026751        0.0001000022        0.0000942742        0.0013005136        0.0009183823        0.0008734046        0.0008114325        0.9956809402        1.0000000000
 57.0000        0.0001286777        0.0001114868        0.0001087842        0.0001027146        0.0014920912        0.0010399965        0.0009875379        0.0009164806        0.9951122305        1.0000000000
 57.5000        0.0001386960        0.0001200550        0.0001173912        0.0001110436        0.0017019442        0.0011703566        0.0011097374        0.0010289112        0.9945018648        1.0000000000
 58.0000        0.0001483197        0.0001282911        0.0001257430        0.0001191920        0.0019312540        0.0013096259        0.0012401741        0.0011489099        0.9938484902        1.0000000000
 58.5000        0.0001574442        0.0001361116        0.0001337641        0.0001270941        0.0021812980        0.0014579623        0.0013790233        0.0012766743        0.9931506282        1.0000000000
 59.0000        0.0001659720        0.0001434398        0.0001413843        0.0001346888        0.0024534597        0.0016155174        0.0015264658        0.0014124159        0.9924066563        1.0000000000
 59.5000        0.0001738145        0.0001502064        0.0001485400        0.0001419202        0.0027492404        0.0017824371        0.0016826894        0.0015563620        0.9916147900        1.0000000000
 60.0000        0.0001808934        0.0001563507        0.0001551747        0.0001487385        0.0030702710        0.0019588602        0.0018478896        0.0017087580        0.9907730640        1.0000000000
 60.5000        0.0001871417        0.0001618215        0.0001612398        0.0001551002        0.0034183254        0.0021449181        0.0020222711        0.0018698688        0.9898793135        1.0000000000
 61.0000        0.0001925051        0.0001665777        0.0001666953        0.0001609686        0.0037953340        0.0023407337        0.0022060489        0.0020399819        0.9889311549        1.0000000000
 61.5000        0.0001969427        0.0001705890        0.0001715100        0.0001663147        0.0042033989        0.0025464202        0.0023994488        0.0022194086        0.9879259670        1.0000000000
 62.0000        0.0002004284        0.0001738363        0.0001756624        0.0001711167        0.0046448091        0.0027620794        0.0026027090        0.0024084869        0.9868608718        1.0000000000
 62.5000        0.0002029509        0.0001763119        0.0001791402        0.0001753607        0.0051220570        0.0029878001        0.0028160802        0.0026075836        0.9857327153        1.0000000000
 63.0000        0.0002045146        0.0001780200        0.0001819414        0.0001790408        0.0056378556        0.0032236555        0.0030398270        0.0028170963        0.9845380489        1.0000000000
 63.5000        0.0002051401        0.0001789763        0.0001840734        0.0001821590        0.0061951553        0.0034697012        0.0032742277        0.0030374558        0.9832731112        1.0000000000
 64.0000        0.0002048644        0.0001792085        0.0001855536        0.0001847252        0.0067971623        0.0037259721        0.0035195750        0.0032691286        0.9819338103        1.0000000000
 64.5000        0.0000003419        0.0000002609        0.0000002403        0.0000002153        0.0000053140        0.0000028747        0.0000027975        0.0000027418        0.9999852137        1.0000000000
 65.0000        0.0000031624        0.0000023928        0.0000021977        0.0000019639        0.0000500890        0.0000263813        0.0000256376        0.0000251037        0.9998630717        1.0000000000
 65.5000        0.0000090135        0.0000067612        0.0000061938        0.0000055216        0.0001457086        0.0000746542        0.0000724740        0.0000709200        0.9996087531        1.0000000000
 66.0000        0.0000180984        0.0000134580        0.0000122978        0.0000109388        0.0002990536        0.0001489208        0.0001444752        0.0001413287        0.9992114288        1.0000000000
 66.5000        0.0000306023        0.0000225558        0.0000205630        0.0000182527        0.0005176099        0.0002502990        0.0002427621        0.0002374646        0.9986598906        1.0000000000
 67.0000        0.0000466910        0.0000341082        0.0000310263        0.0000274876        0.0008095011        0.0003797784        0.0003684006        0.0003604579        0.9979425489        1.0000000000
 67.5000        0.0000665108        0.0000481491        0.0000437083        0.0000386551        0.0011835168        0.0005382003        0.0005223920        0.0005114323        0.9970474354        1.0000000000
 68.0000        0.0000901874        0.0000646928        0.0000586140        0.0000517546        0.0016491349        0.0007262373        0.0007056647        0.0006915032        0.9959622112        1.0000000000
 68.5000        0.0001178259        0.0000837346        0.0000757328        0.0000667739        0.0022165368        0.0009443738        0.0009190646        0.0009017754        0.9946741821        1.0000000000
 69.0000        0.0001495109        0.0001052508        0.0000950397        0.0000836899        0.0028966121        0.0011928872        0.0011633454        0.0011433406        0.9931703235        1.0000000000
 69.5000        0.0001853065        0.0001291997        0.0001164955        0.0001024693        0.0037009507        0.0014718307        0.0014391589        0.0014172742        0.9914373145        1.0000000000
 70.0000        0.0002252572        0.0001555223        0.0001400481        0.0001230696        0.0046418209        0.0017810182        0.0017470455        0.0017246322        0.9894615860        1.0000000000
 70.5000        0.0002693884        0.0001841431        0.0001656332        0.0001454401        0.0057321281        0.0021200128        0.0020874246        0.0020664477        0.9872293822        1.0000000000
 71.0000        0.0003177075        0.0002149715        0.0001931760        0.0001695227        0.0069853537        0.0024881186        0.0024605854        0.0024437262        0.9847268383        1.0000000000
 71.5000        0.0003702053        0.0002479032        0.0002225918        0.0001952535        0.0084154702        0.0028843776        0.0028666790        0.0028574418        0.9819400776        1.0000000000
 72.0000        0.0004268574        0.0002828210        0.0002537879        0.0002225634        0.0100368300        0.0033075713        0.0033057108        0.0033085316        0.9788553265        1.0000000000
 72.5000        0.0004876256        0.0003195972        0.0002866647        0.0002513794        0.0118640264        0.0037562286        0.0037775344        0.0037978908        0.9754590529        1.0000000000
 73.0000        0.0005524604        0.0003580944        0.0003211169        0.0002816261        0.0139117241        0.0042286395        0.0042818469        0.0043263667        0.9717381251        1.0000000000
 73.5000        0.0006213026        0.0003981675        0.0003570355        0.0003132267        0.0161944595        0.0047228749        0.0048181858        0.0048947528        0.9676799947        1.0000000000
 74.0000        0.0006940858        0.0004396657        0.0003943091        0.0003461043        0.0187264105        0.0052368128        0.0053859286        0.0055037824        0.9632729006        1.0000000000
 74.5000        0.0007707389        0.0004824339        0.0004328254        0.0003801832        0.0215211372        0.0057681700        0.0059842938        0.0061541220        0.9585060957        1.0000000000
 75.0000        0.0008511888        0.0005263145        0.0004724725        0.0004153897        0.0245912966        0.0063145383        0.0066123445        0.0068463644        0.9533700907        1.0000000000
 75.5000        0.0009353628        0.0005711496        0.0005131410        0.0004516540        0.0279483349        0.0068734253        0.0072689957        0.0075810226        0.9478569143        1.0000000000
 76.0000        0.0010231922        0.0006167823        0.0005547247        0.0004889108        0.0316021649        0.0074422974        0.0079530222        0.0083585223        0.9419603832        1.0000000000
 76.5000        0.0011146150        0.0006630591        0.0005971228        0.0005271008        0.0355608343        0.0080186242        0.0086630712        0.0091791962        0.9356763764        1.0000000000
 77.0000        0.0012095794        0.0007098309        0.0006402408        0.0005661715        0.0398301951        0.0085999229        0.0093976764        0.0100432775        0.9290031055        1.0000000000
 77.5000        0.0013080474        0.0007569551        0.0006839920        0.0006060786        0.0444135836        0.0091838010        0.0101552742        0.0109508947        0.9219413734        1.0000000000
 78.0000        0.0014099980        0.0008042975        0.0007282988        0.0006467865        0.0493115238        0.0097679958        0.0109342231        0.0119020667        0.9144948099        1.0000000000
 78.5000        0.0015154315        0.0008517330        0.0007730936        0.0006882698        0.0545214639        0.0103504099        0.0117328239        0.0128966989        0.9066700756        1.0000000000
 79.0000        0.0016243730        0.0008991477        0.0008183203        0.0007305140        0.0600375592        0.0109291414        0.0125493417        0.0139345801        0.8984770226        1.0000000000
 79.5000        0.0017368769        0.0009464399        0.0008639349        0.0007735159        0.0658505128        0.0115025077        0.0133820287        0.0150153812        0.8899288019        1.0000000000
 80.0000        0.0018530310        0.0009935211        0.0009099068        0.0008172851        0.0719474814        0.0120690632        0.0142291473        0.0161386548        0.8810419095        1.0000000000
 80.5000        0.0019729606        0.0010403172        0.0009562188        0.0008618439        0.0783120577        0.0126276104        0.0150889926        0.0173038359        0.8718361628        1.0000000000
 81.0000        0.0020968338        0.0010867691        0.0010028686        0.0009072285        0.0849243313        0.0131772043        0.0159599152        0.0185102450        0.8623346042        1.0000000000
 81.5000        0.0022248653        0.0011328334        0.0010498683        0.0009534893        0.0917610321        0.0137171506        0.0168403411        0.0197570924        0.8525633275        1.0000000000
 82.0000        0.0023573218        0.0011784824        0.0010972457        0.0010006910        0.0987957540        0.0142469993        0.0177287914        0.0210434834        0.8425512309        1.0000000000
 82.5000        0.0024945268        0.0012237049        0.0011450435        0.0010489135        0.1059992545        0.0147665327        0.0186238985        0.0223684264        0.8323296992        1.0000000000
 83.0000        0.0026368649        0.0012685053        0.0011933199        0.0010982518        0.1133398224        0.0152757498        0.0195244206        0.0237308413        0.8219322240        1.0000000000
 83.5000        0.0027847874        0.0013129036        0.0012421481        0.0011488161        0.1207837016        0.0157748482        0.0204292528        0.0251295699        0.8113939722        1.0000000000
 84.0000        0.0029388164        0.0013569348        0.0012916160        0.0012007321        0.1282955587        0.0162642033        0.0213374356        0.0265633868        0.8007513162        1.0000000000
 84.5000        0.0030995494        0.0014006479        0.0013418256        0.0012541408        0.1358389776        0.0167443468        0.0222481603        0.0280310122        0.7900413394        1.0000000000
 85.0000        0.0032676637        0.0014441044        0.0013928920        0.0013091982        0.1433769679        0.0172159444        0.0231607712        0.0295311239        0.7793013343        1.0000000000
 85.5000        0.0034439198        0.0014873773        0.0014449429        0.0013660752        0.1508724683        0.0176797734        0.0240747648        0.0310623715        0.7685683067        1.0000000000
 86.0000        0.0036291642        0.0015305490        0.0014981169        0.0014249573        0.1582888332        0.0181367020        0.0249897872        0.0326233886        0.7578785017        1.0000000000
 86.5000        0.0038243318        0.0015737092        0.0015525623        0.0014860438        0.1655902873        0.0185876679        0.0259056275        0.0342128064        0.7472669638        1.0000000000
 87.0000        0.0040304464        0.0016169533        0.0016084357        0.0015495472        0.1727423388        0.0190336604        0.0268222107        0.0358292656        0.7367671418        1.0000000000
 87.5000        0.0042486203        0.0016603795        0.0016659000        0.0016156928        0.1797121424        0.0194757022        0.0277395878        0.0374714283        0.7264105468        1.0000000000
 88.0000        0.0044800520        0.0017040862        0.0017251225        0.0016847172        0.1864688074        0.0199148338        0.0286579244        0.0391379878        0.7162264686        1.0000000000
 88.5000        0.0047260218        0.0017481700        0.0017862730        0.0017568678        0.1929836481        0.0203520999        0.0295774887        0.0408276779        0.7062417527        1.0000000000
 89.0000        0.0049878844        0.0017927227        0.0018495213        0.0018324012        0.1992303767        0.0207885368        0.0304986385        0.0425392801        0.6964806382        1.0000000000
 89.5000        0.0052670595        0.0018378288        0.0019150350        0.0019115820        0.2051852405        0.0212251619        0.0314218074        0.0442716293        0.6869646555        1.0000000000
 90.0000        0.0055650185        0.0018835633        0.0019829770        0.0019946815        0.2108271084        0.0216629646        0.0323474912        0.0460236176        0.6777125778        1.0000000000
 90.5000        0.0058832679        0.0019299893        0.0020535033        0.0020819758        0.2161375116        0.0221028987        0.0332762340        0.0477941963        0.6687404231        1.0000000000
 91.0000        0.0062233280        0.0019771562        0.0021267601        0.0021737442        0.2211006444        0.0225458761        0.0342086151        0.0495823766        0.6600614993        1.0000000000
 91.5000        0.0065867085        0.0020250982        0.0022028817        0.0022702673        0.2257033333        0.0229927615        0.0351452355        0.0513872275        0.6516864865        1.0000000000
 92.0000        0.0069748787        0.0020738333        0.0022819880        0.0023718249        0.2299349788        0.0234443686        0.0360867060        0.0532078732        0.6436235484        1.0000000000
 92.5000        0.0073892338        0.0021233623        0.0023641825        0.0024786940        0.2337874792        0.0239014563        0.0370336350        0.0550434883        0.6358784685        1.0000000000
 93.0000        0.0078310568        0.0021736688        0.0024495501        0.0025911462        0.2372551400        0.0243647268        0.0379866178        0.0568932920        0.6284548014        1.0000000000
 93.5000        0.0083014760        0.0022247197        0.0025381554        0.0027094459        0.2403345748        0.0248348234        0.0389462266        0.0587565412        0.6213540371        1.0000000000
 94.0000        0.0088014200        0.0022764657        0.0026300411        0.0028338475        0.2430246026        0.0253123290        0.0399130008        0.0606325224        0.6145757708        1.0000000000
 94.5000        0.0093315693        0.0023288428        0.0027252273        0.0029645933        0.2453261437        0.0257977658        0.0408874391        0.0625205435        0.6081178751        1.0000000000
 95.0000        0.0098923074        0.0023817742        0.0028237103        0.0031019106        0.2472421166        0.0262915944        0.0418699915        0.0644199244        0.6019766705        1.0000000000
 95.5000        0.0104836710        0.0024351720        0.0029254626        0.0032460097        0.2487773383        0.0267942137        0.0428610531        0.0663299880        0.5961470916        1.0000000000
 96.0000        0.0111053025        0.0024889400        0.0030304328        0.0033970814        0.2499384264        0.0273059609        0.0438609578        0.0682500507        0.5906228475        1.0000000000
 96.5000        0.0117564067        0.0025429760        0.0031385464        0.0035552949        0.2507337044        0.0278271117        0.0448699738        0.0701794130        0.5853965732        1.0000000000
 97.0000        0.0124357123        0.0025971748        0.0032497065        0.0037207953        0.2511731076        0.0283578811        0.0458882986        0.0721173511        0.5804599727        1.0000000000
 97.5000        0.0131414425        0.0026514307        0.0033637958        0.0038937021        0.2512680896        0.0288984233        0.0469160561        0.0740631078        0.5758039522        1.0000000000
 98.0000        0.0138712954        0.0027056405        0.0034806779        0.0040741074        0.2510315251        0.0294488327        0.0479532931        0.0760158849        0.5714187429        1.0000000000
 98.5000        0.0146224370        0.0027597057        0.0036002002        0.0042620744        0.2504776092        0.0300091447        0.0489999777        0.0779748363        0.5672940148        1.0000000000
 99.0000        0.0153915087        0.0028135351        0.0037221957        0.0044576364        0.2496217495        0.0305793364        0.0500559971        0.0799390611        0.5634189800        1.0000000000
 99.5000        0.0161746501        0.0028670465        0.0038464869        0.0046607961        0.2484804503        0.0311593274        0.0511211571        0.0819075985        0.5597824872        1.0000000000
100.0000        0.0169675386        0.0029201691        0.0039728880        0.0048715251        0.2470711864        0.0317489808        0.0521951812        0.0838794231        0.5563731077        1.0000000000
100.5000        0.0177654454        0.0029728444        0.0041012087        0.0050897643        0.2454122671        0.0323481046        0.0532777110        0.0858534417        0.5531792128        1.0000000000
101.0000        0.0185633078        0.0030250275        0.0042312571        0.0053154241        0.2435226894        0.0329564521        0.0543683066        0.0878284905        0.5501890448        1.0000000000
101.5000        0.0193558159        0.0030766878        0.0043628433        0.0055483853        0.2414219813        0.0335737242        0.0554664481        0.0898033338        0.5473907802        1.0000000000
102.0000        0.0201375111        0.0031278094        0.0044957826        0.0057885012        0.2391300375        0.0341995697        0.0565715367        0.0917766640        0.5447725879        1.0000000000
102.5000        0.0209028952        0.0031783915        0.0046298980        0.0060355983        0.2366669489        0.0348335874        0.0576828972        0.0937471020        0.5423226815        1.0000000000
103.0000        0.0216465440        0.0032284478        0.0047650238        0.0062894797        0.2340528301        0.0354753276        0.0587997803        0.0957131993        0.5400293673        1.0000000000
103.5000        0.0223632238        0.0032780066        0.0049010074        0.0065499270        0.2313076466        0.0361242939        0.0599213659        0.0976734410        0.5378810879        1.0000000000
104.0000        0.0230480049        0.0033271100        0.0050377121        0.0068167033        0.2284510470        0.0367799447        0.0610467663        0.0996262494        0.5358664623        1.0000000000
104.5000        0.0236963700        0.0033758130        0.0051750188        0.0070895570        0.2255022030        0.0374416958        0.0621750302        0.1015699895        0.5339743227        1.0000000000
105.0000        0.0243043110        0.0034241832        0.0053128272        0.0073682244        0.2224796613        0.0381089222        0.0633051473        0.1035029744        0.5321937490        1.0000000000
105.5000        0.0248684135        0.0034722990        0.0054510575        0.0076524341        0.2194012093        0.0387809609        0.0644360526        0.1054234725        0.5305141006        1.0000000000
106.0000        0.0253859249        0.0035202494        0.0055896508        0.0079419101        0.2162837593        0.0394571131        0.0655666319        0.1073297148        0.5289250458        1.0000000000
106.5000        0.0258548043        0.0035681324        0.0057285695        0.0082363756        0.2131432503        0.0401366473        0.0666957270        0.1092199038        0.5274165898        1.0000000000
107.0000        0.0262737526        0.0036160542        0.0058677977        0.0085355569        0.2099945712        0.0408188019        0.0678221421        0.1110922222        0.5259791010        1.0000000000
107.5000        0.0266422242        0.0036641282        0.0060073405        0.0088391864        0.2068515037        0.0415027890        0.0689446497        0.1129448431        0.5246033353        1.0000000000
108.0000        0.0269604176        0.0037124734        0.0061472236        0.0091470060        0.2037266861        0.0421877968        0.0700619969        0.1147759402        0.5232804592        1.0000000000
108.5000        0.0272292499        0.0037612142        0.0062874927        0.0094587702        0.2006315959        0.0428729942        0.0711729130        0.1165836984        0.5220020713        1.0000000000
109.0000        0.0274503127        0.0038104788        0.0064282122        0.0097742484        0.1975765505        0.0435575337        0.0722761159        0.1183663255        0.5207602224        1.0000000000
109.5000        0.0276258146        0.0038603985        0.0065694638        0.0100932274        0.1945707234        0.0442405555        0.0733703196        0.1201220633        0.5195474340        1.0000000000
110.0000        0.0277585113        0.0039111066        0.0067113456        0.0104155130        0.1916221751        0.0449211917        0.0744542419        0.1218491995        0.5183567153        1.0000000000
110.5000        0.0278516260        0.0039627381        0.0068539702        0.0107409317        0.1887378944        0.0455985703        0.0755266117        0.1235460792        0.5171815785        1.0000000000
111.0000        0.0279087626        0.0040154282        0.0069974629        0.0110693313        0.1859238497        0.0462718194        0.0765861770        0.1252111170        0.5160160519        1.0000000000
111.5000        0.0279338143        0.0040693120        0.0071419604        0.0114005819        0.1831850472        0.0469400718        0.0776317125        0.1268428079        0.5148546918        1.0000000000
112.0000        0.0279308703        0.0041245239        0.0072876089        0.0117345755        0.1805255937        0.0476024694        0.0786620272        0.1284397396        0.5136925917        1.0000000000
112.5000        0.0279041226        0.0041811962        0.0074345622        0.0120712257        0.1779487625        0.0482581673        0.0796759722        0.1300006022        0.5125253891        1.0000000000
113.0000        0.0278577743        0.0042394595        0.0075829800        0.0124104673        0.1754570610        0.0489063391        0.0806724483        0.1315241997        0.5113492708        1.0000000000
113.5000        0.0277959524        0.0042994413        0.0077330262        0.0127522551        0.1730522976        0.0495461807        0.0816504131        0.1330094591        0.5101609746        1.0000000000
114.0000        0.0277226258        0.0043612657        0.0078848670        0.0130965620        0.1707356479        0.0501769153        0.0826088881        0.1344554399        0.5089577884        1.0000000000
114.5000        0.0276415295        0.0044250528        0.0080386694        0.0134433778        0.1685077179        0.0507977976        0.0835469657        0.1358613420        0.5077375472        1.0000000000
115.0000        0.0275560969        0.0044909183        0.0081945992        0.0137927070        0.1663686054        0.0514081182        0.0844638154        0.1372265135        0.5064986261        1.0000000000
115.5000        0.0274694001        0.0045589727        0.0083528196        0.0141445665        0.1643179567        0.0520072080        0.0853586896        0.1385504564        0.5052399304        1.0000000000
116.0000        0.0273840999        0.0046293211        0.0085134896        0.0144989831        0.1623550202        0.0525944419        0.0862309293        0.1398328323        0.5039608825        1.0000000000
116.5000        0.0273024046        0.0047020623        0.0086767624        0.0148559912        0.1604786962        0.0531692430        0.0870799689        0.1410734657        0.5026614057        1.0000000000
117.0000        0.0272260389        0.0047772884        0.0088427839        0.0152156299        0.1586875815        0.0537310862        0.0879053404        0.1422723470        0.5013419037        1.0000000000
117.5000        0.0271562229        0.0048550847        0.0090116910        0.0155779403        0.1569800116        0.0542795014        0.0887066770        0.1434296335        0.5000032375        1.0000000000
118.0000        0.0270936606        0.0049355284        0.0091836109        0.0159429627        0.1553540976        0.0548140769        0.0894837157        0.1445456491        0.4986466981        1.0000000000
118.5000        0.0270385387        0.0050186887        0.0093586587        0.0163107340        0.1538077598        0.0553344616        0.0902362998        0.1456208822        0.4972739764        1.0000000000
119.0000        0.0269905348        0.0051046259        0.0095369372        0.0166812846        0.1523387580        0.0558403680        0.0909643796        0.1466559828        0.4958871292        1.0000000000
119.5000        0.0269488354        0.0051933910        0.0097185346        0.0170546357        0.1509447180        0.0563315736        0.0916680127        0.1476517567        0.4944885423        1.0000000000
120.0000        0.0269121622        0.0052850250        0.0099035241        0.0174307970        0.1496231555        0.0568079228        0.0923473637        0.1486091597        0.4930808899        1.0000000000
120.5000        0.0268788079        0.0053795586        0.0100919622        0.0178097638        0.1483714972        0.0572693273        0.0930027021        0.1495292884        0.4916670925        1.0000000000
121.0000        0.0268466796        0.0054770112        0.0102838875        0.0181915145        0.1471870988        0.0577157674        0.0936343999        0.1504133707        0.4902502705        1.0000000000
121.5000        0.0268133491        0.0055773908        0.0104793203        0.0185760085        0.1460672615        0.0581472910        0.0942429275        0.1512627542        0.4888336971        1.0000000000
122.0000        0.0267761114        0.0056806931        0.0106782607        0.0189631839        0.1450092464        0.0585640136        0.0948288494        0.1520788931        0.4874207482        1.0000000000
122.5000        0.0267320474        0.0057869011        0.0108806882        0.0193529557        0.1440102866        0.0589661167        0.0953928183        0.1528633337        0.4860148523        1.0000000000
123.0000        0.0266780926        0.0058959845        0.0110865608        0.0197452137        0.1430675986        0.0593538456        0.0959355677        0.1536176983        0.4846194382        1.0000000000
123.5000        0.0266111100        0.0060078993        0.0112958138        0.0201398212        0.1421783920        0.0597275073        0.0964579047        0.1543436684        0.4832378834        1.0000000000
124.0000        0.0265279648        0.0061225870        0.0115083596        0.0205366135        0.1413398781        0.0600874669        0.0969607008        0.1550429666        0.4818734626        1.0000000000
124.5000        0.0264256024        0.0062399749        0.0117240868        0.0209353971        0.1405492783        0.0604341435        0.0974448822        0.1557173373        0.4805292976        1.0000000000
125.0000        0.0263011250        0.0063599747        0.0119428600        0.0213359484        0.1398038308        0.0607680059        0.0979114190        0.1563685276        0.4792083087        1.0000000000
125.5000        0.0261518692        0.0064824832        0.0121645191        0.0217380140        0.1391007975        0.0610895672        0.0983613141        0.1569982668        0.4779131690        1.0000000000
126.0000        0.0259754799        0.0066073814        0.0123888795        0.0221413096        0.1384374709        0.0613993786        0.0987955911        0.1576082468        0.4766462623        1.0000000000
126.5000        0.0257699813        0.0067345348        0.0126157319        0.0225455211        0.1378111794        0.0616980233        0.0992152818        0.1582001019        0.4754096445        1.0000000000
127.0000        0.0255338422        0.0068637929        0.0128448429        0.0229503041        0.1372192941        0.0619861093        0.0996214134        0.1587753900        0.4742050111        1.0000000000
127.5000        0.0252660348        0.0069949899        0.0130759547        0.0233552860        0.1366592344        0.0622642620        0.1000149955        0.1593355735        0.4730336693        1.0000000000
128.0000        0.0249660861        0.0071279444        0.0133087863        0.0237600660        0.1361284741        0.0625331161        0.1003970074        0.1598820024        0.4718965171        1.0000000000
128.5000        0.0246341187        0.0072624600        0.0135430345        0.0241642178        0.1356245477        0.0627933077        0.1007683848        0.1604158990        0.4707940298        1.0000000000
129.0000        0.0242708820        0.0073983257        0.0137783742        0.0245672909        0.1351450567        0.0630454659        0.1011300083        0.1609383433        0.4697262529        1.0000000000
129.5000        0.0238777712        0.0075353165        0.0140144607        0.0249688136        0.1346876757        0.0632902045        0.1014826914        0.1614502625        0.4686928039        1.0000000000
130.0000        0.0234568339        0.0076731943        0.0142509305        0.0253682952        0.1342501596        0.0635281135        0.1018271701        0.1619524212        0.4676928818        1.0000000000
130.5000        0.0230107631        0.0078117088        0.0144874035        0.0257652297        0.1338303497        0.0637597510        0.1021640932        0.1624454158        0.4667252851        1.0000000000
131.0000        0.0225428774        0.0079505985        0.0147234853        0.0261590989        0.1334261812        0.0639856357        0.1024940143        0.1629296712        0.4657884375        1.0000000000
131.5000        0.0220570855        0.0080895919        0.0149587688        0.0265493765        0.1330356895        0.0642062397        0.1028173856        0.1634054408        0.4648804218        1.0000000000
132.0000        0.0215578390        0.0082284091        0.0151928374        0.0269355318        0.1326570175        0.0644219814        0.1031345522        0.1638728103        0.4639990213        1.0000000000
132.5000        0.0210500704        0.0083667630        0.0154252673        0.0273170345        0.1322884224        0.0646332204        0.1034457500        0.1643317040        0.4631417680        1.0000000000
133.0000        0.0205391191        0.0085043611        0.0156556304        0.0276933587        0.1319282820        0.0648402520        0.1037511046        0.1647818957        0.4623059964        1.0000000000
133.5000        0.0200306461        0.0086409072        0.0158834973        0.0280639881        0.1315751015        0.0650433038        0.1040506321        0.1652230212        0.4614889025        1.0000000000
134.0000        0.0195305379        0.0087761031        0.0161084407        0.0284284200        0.1312275192        0.0652425328        0.1043442431        0.1656545957        0.4606876075        1.0000000000
134.5000        0.0190448025        0.0089096506        0.0163300379        0.0287861708        0.1308843120        0.0654380240        0.1046317477        0.1660760323        0.4598992222        1.0000000000
135.0000        0.0185794588        0.0090412532        0.0165478748        0.0291367801        0.1305444005        0.0656297903        0.1049128632        0.1664866643        0.4591209149        1.0000000000
135.5000        0.0181404211        0.0091706183        0.0167615485        0.0294798155        0.1302068527        0.0658177736        0.1051872241        0.1668857688        0.4583499774        1.0000000000
136.0000        0.0177333823        0.0092974589        0.0169706711        0.0298148772        0.1298708877        0.0660018476        0.1054543932        0.1672725922        0.4575838898        1.0000000000
136.5000        0.0173636961        0.0094214961        0.0171748721        0.0301416019        0.1295358779        0.0661818213        0.1057138751        0.1676463768        0.4568203827        1.0000000000
137.0000        0.0170362634        0.0095424601        0.0173738020        0.0304596669        0.1292013501        0.0663574451        0.1059651308        0.1680063878        0.4560574937        1.0000000000
137.5000        0.0167554228        0.0096600931        0.0175671350        0.0307687938        0.1288669860        0.0665284164        0.1062075939        0.1683519406        0.4552936185        1.0000000000
138.0000        0.0165248499        0.0097741502        0.0177545717        0.0310687511        0.1285326206        0.0666943882        0.1064406872        0.1686824270        0.4545275541        1.0000000000
138.5000        0.0163474659        0.0098844020        0.0179358419        0.0313593578        0.1281982402        0.0668549775        0.1066638404        0.1689973404        0.4537585338        1.0000000000
139.0000        0.0162253596        0.0099906358        0.0181107066        0.0316404850        0.1278639783        0.0670097752        0.1068765081        0.1692962994        0.4529862522        1.0000000000
139.5000        0.0161597233        0.0100926571        0.0182789601        0.0319120581        0.1275301103        0.0671583569        0.1070781872        0.1695790681        0.4522108790        1.0000000000
140.0000        0.0161508060        0.0101902917        0.0184404325        0.0321740577        0.1271970468        0.0673002942        0.1072684342        0.1698455743        0.4514330626        1.0000000000
140.5000        0.0161978845        0.0102833863        0.0185949904        0.0324265207        0.1268653256        0.0674351660        0.1074468819        0.1700959239        0.4506539208        1.0000000000
141.0000        0.0162992539        0.0103718104        0.0187425391        0.0326695399        0.1265356014        0.0675625707        0.1076132540        0.1703304104        0.4498750202        1.0000000000
141.5000        0.0164522391        0.0104554573        0.0188830230        0.0329032641        0.1262086346        0.0676821383        0.1077673792        0.1705495213        0.4490983431        1.0000000000
142.0000        0.0166532276        0.0105342451        0.0190164266        0.0331278964        0.1258852790        0.0677935413        0.1079092021        0.1707539389        0.4483262429        1.0000000000
142.5000        0.0168977233        0.0106081175        0.0191427751        0.0333436930        0.1255664670        0.0678965067        0.1080387925        0.1709445360        0.4475613888        1.0000000000
143.0000        0.0171804220        0.0106770448        0.0192621342        0.0335509606        0.1252531942        0.0679908253        0.1081563521        0.1711223670        0.4468066998        1.0000000000
143.5000        0.0174953074        0.0107410242        0.0193746100        0.0337500535        0.1249465027        0.0680763616        0.1082622172        0.1712886530        0.4460652704        1.0000000000
144.0000        0.0178357652        0.0108000806        0.0194803482        0.0339413702        0.1246474631        0.0681530611        0.1083568593        0.1714447630        0.4453402893        1.0000000000
144.5000        0.0181947161        0.0108542666        0.0195795335        0.0341253489        0.1243571554        0.0682209569        0.1084408816        0.1715921888        0.4446349522        1.0000000000
145.0000        0.0185647623        0.0109036624        0.0196723878        0.0343024630        0.1240766495        0.0682801738        0.1085150124        0.1717325169        0.4439523718        1.0000000000
145.5000        0.0189383466        0.0109483758        0.0197591685        0.0344732159        0.1238069850        0.0683309304        0.1085800942        0.1718673955        0.4432954880        1.0000000000
146.0000        0.0193079192        0.0109885417        0.0198401665        0.0346381345        0.1235491506        0.0683735394        0.1086370702        0.1719984989        0.4426669789        1.0000000000
146.5000        0.0196661093        0.0110243213        0.0199157031        0.0347977636        0.1233040638        0.0684084048        0.1086869669        0.1721274895        0.4420691775        1.0000000000
147.0000        0.0200058961        0.0110559009        0.0199861272        0.0349526586        0.1230725510        0.0684360174        0.1087308743        0.1722559783        0.4415039961        1.0000000000
147.5000        0.0203207751        0.0110834908        0.0200518117        0.0351033783        0.1228553277        0.0684569470        0.1087699224        0.1723854862        0.4409728607        1.0000000000
148.0000        0.0206049145        0.0111073236        0.0201131492        0.0352504778        0.1226529810        0.0684718328        0.1088052574        0.1725174050        0.4404766588        1.0000000000
148.5000        0.0208532967        0.0111276518        0.0201705482        0.0353945004        0.1224659526        0.0684813712        0.1088380148        0.1726529619        0.4400157025        1.0000000000
149.0000        0.0210618407        0.0111447460        0.0202244281        0.0355359701        0.1222945240        0.0684863018        0.1088692927        0.1727931876        0.4395897090        1.0000000000
149.5000        0.0212275003        0.0111588923        0.0202752139        0.0356753838        0.1221388043        0.0684873916        0.1089001256        0.1729388887        0.4391977994        1.0000000000
150.0000        0.0213483353        0.0111703887        0.0203233315        0.0358132041        0.1219987204        0.0684854177        0.1089314585        0.1730906265        0.4388385173        1.0000000000
150.5000        0.0214235518        0.0111795428        0.0203692020        0.0359498515        0.1218740098        0.0684811497        0.1089641230        0.1732487033        0.4385098661        1.0000000000
151.0000        0.0214535100        0.0111866678        0.0204132358        0.0360856985        0.1217642178        0.0684753309        0.1089988171        0.1734131558        0.4382093662        1.0000000000
151.5000        0.0214396996        0.0111920793        0.0204558281        0.0362210631        0.1216686968        0.0684686611        0.1090360869        0.1735837570        0.4379341281        1.0000000000
152.0000        0.0213846804        0.0111960917        0.0204973525        0.0363562036        0.1215866100        0.0684617785        0.1090763146        0.1737600270        0.4376809418        1.0000000000
152.5000        0.0212919925        0.0111990140        0.0205381564        0.0364913141        0.1215169386        0.0684552449        0.1091197094        0.1739412523        0.4374463777        1.0000000000
153.0000        0.0211660367        0.0112011468        0.0205785562        0.0366265216        0.1214584931        0.0684495316        0.1091663054        0.1741265122        0.4372268964        1.0000000000
153.5000        0.0210119297        0.0112027782        0.0206188328        0.0367618833        0.1214099269        0.0684450082        0.1092159637        0.1743147138        0.4370189636        1.0000000000
154.0000        0.0208353382        0.0112041803        0.0206592276        0.0368973858        0.1213697550        0.0684419342        0.1092683812        0.1745046323        0.4368191653        1.0000000000
154.5000        0.0206422986        0.0112056064        0.0206999393        0.0370329456        0.1213363746        0.0684404544        0.1093231042        0.1746949567        0.4366243201        1.0000000000
155.0000        0.0204390265        0.0112072874        0.0207411216        0.0371684101        0.1213080890        0.0684405973        0.1093795471        0.1748843386        0.4364315825        1.0000000000
155.5000        0.0202317238        0.0112094293        0.0207828810        0.0373035612        0.1212831340        0.0684422770        0.1094370162        0.1750714423        0.4362385351        1.0000000000
156.0000        0.0200263904        0.0112122113        0.0208252760        0.0374381188        0.1212597061        0.0684452998        0.1094947366        0.1752549961        0.4360432650        1.0000000000
156.5000        0.0198286446        0.0112157831        0.0208683167        0.0375717467        0.1212359926        0.0684493726        0.1095518829        0.1754338396        0.4358444212        1.0000000000
157.0000        0.0196435609        0.0112202638        0.0209119658        0.0377040593        0.1212102025        0.0684541168        0.1096076111        0.1756069691        0.4356412506        1.0000000000
157.5000        0.0194755294        0.0112257411        0.0209561397        0.0378346291        0.1211805979        0.0684590832        0.1096610921        0.1757735759        0.4354336116        1.0000000000
158.0000        0.0193281408        0.0112322702        0.0210007114        0.0379629957        0.1211455255        0.0684637702        0.1097115442        0.1759330787        0.4352219633        1.0000000000
158.5000        0.0192041021        0.0112398743        0.0210455134        0.0380886754        0.1211034472        0.0684676448        0.1097582650        0.1760851469        0.4350073309        1.0000000000
159.0000        0.0191051854        0.0112485443        0.0210903418        0.0382111719        0.1210529699        0.0684701632        0.1098006600        0.1762297149        0.4347912485        1.0000000000
159.5000        0.0190322103        0.0112582407        0.0211349612        0.0383299875        0.1209928733        0.0684707935        0.1098382682        0.1763669855        0.4345756800        1.0000000000
160.0000        0.0189850621        0.0112688943        0.0211791103        0.0384446340        0.1209221346        0.0684690374        0.1098707823        0.1764974232        0.4343629218        1.0000000000
160.5000        0.0189627428        0.0112804083        0.0212225079        0.0385546453        0.1208399514        0.0684644517        0.1098980642        0.1766217373        0.4341554911        1.0000000000
161.0000        0.0189634548        0.0112926610        0.0212648597        0.0386595886        0.1207457598        0.0684566676        0.1099201534        0.1767408532        0.4339560020        1.0000000000
161.5000        0.0189847121        0.0113055083        0.0213058653        0.0387590760        0.1206392487        0.0684454078        0.1099372688        0.1768558759        0.4337670371        1.0000000000
162.0000        0.0190234763        0.0113187871        0.0213452260        0.0388527755        0.1205203693        0.0684305003        0.1099498037        0.1769680444        0.4335910174        1.0000000000
162.5000        0.0190763096        0.0113323190        0.0213826516        0.0389404212        0.1203893391        0.0684118888        0.1099583133        0.1770786792        0.4334300782        1.0000000000
163.0000        0.0191395404        0.0113459142        0.0214178690        0.0390218224        0.1202466403        0.0683896381        0.1099634948        0.1771891258        0.4332859549        1.0000000000
163.5000        0.0192094330        0.0113593760        0.0214506288        0.0390968712        0.1200930120        0.0683639357        0.1099661623        0.1773006954        0.4331598857        1.0000000000
164.0000        0.0192823541        0.0113725049        0.0214807128        0.0391655488        0.1199294368        0.0683350872        0.1099672144        0.1774146057        0.4330525353        1.0000000000
164.5000        0.0193549294        0.0113851036        0.0215079406        0.0392279291        0.1197571204        0.0683035083        0.1099675993        0.1775319248        0.4329639445        1.0000000000
165.0000        0.0000000087        0.0266261314        0.0502940930        0.0916910705        0.0000000400        0.1595549047        0.2569510174        0.4148827092        0.0000000252        1.0000000000
165.5000        0.0000000973        0.0266521183        0.0503204928        0.0915999231        0.0000004851        0.1596203380        0.2570420647        0.4147641783        0.0000003025        1.0000000000
166.0000        0.0000002597        0.0266773874        0.0503454913        0.0915085578        0.0000014118        0.1596845901        0.2571323660        0.4146490648        0.0000008711        1.0000000000
166.5000        0.0000004690        0.0267020017        0.0503691888        0.0914170512        0.0000028056        0.1597476924        0.2572218860        0.4145371919        0.0000017134        1.0000000000
167.0000        0.0000007001        0.0267260211        0.0503916846        0.0913254831        0.0000046512        0.1598096739        0.2573105872        0.4144283859        0.0000028129        1.0000000000
167.5000        0.0000009303        0.0267495028        0.0504130762        0.0912339359        0.0000069332        0.1598705615        0.2573984303        0.4143224757        0.0000041541        1.0000000000
168.0000        0.0000011404        0.0267725006        0.0504334600        0.0911424941        0.0000096356        0.1599303793        0.2574853740        0.4142192933        0.0000057225        1.0000000000
168.5000        0.0000013159        0.0267950656        0.0504529301        0.0910512439        0.0000127422        0.1599891489        0.2575713746        0.4141186740        0.0000075047        1.0000000000
169.0000        0.0000014466        0.0268172456        0.0504715790        0.0909602730        0.0000162363        0.1600468888        0.2576563861        0.4140204566        0.0000094879        1.0000000000
169.5000        0.0000015276        0.0268390856        0.0504894966        0.0908696696        0.0000201009        0.1601036143        0.2577403607        0.4139244843        0.0000116605        1.0000000000
170.0000        0.0000015588        0.0268606273        0.0505067707        0.0907795220        0.0000243189        0.1601593377        0.2578232482        0.4138306049        0.0000140114        1.0000000000
170.5000        0.0000015449        0.0268819096        0.0505234861        0.0906899184        0.0000288728        0.1602140677        0.2579049972        0.4137386726        0.0000165307        1.0000000000
171.0000        0.0000014943        0.0269029683        0.0505397251        0.0906009461        0.0000337449        0.1602678097        0.2579855550        0.4136485477        0.0000192089        1.0000000000
171.5000        0.0000014192        0.0269238362        0.0505555665        0.0905126911        0.0000389175        0.1603205658        0.2580648682        0.4135600983        0.0000220373        1.0000000000
172.0000        0.0000013335        0.0269445432        0.0505710862        0.0904252374        0.0000443727        0.1603723346        0.2581428833        0.4134732013        0.0000250078        1.0000000000
172.5000        0.0000012528        0.0269651161        0.0505863562        0.0903386667        0.0000500927        0.1604231120        0.2582195478        0.4133877427        0.0000281129        1.0000000000
173.0000        0.0000011925        0.0269855790        0.0506014451        0.0902530582        0.0000560597        0.1604728909        0.2582948104        0.4133036186        0.0000313456        1.0000000000
173.5000        0.0000011666        0.0270059528        0.0506164173        0.0901684876        0.0000622558        0.1605216618        0.2583686223        0.4132207363        0.0000346995        1.0000000000
174.0000        0.0000011873        0.0270262558        0.0506313334        0.0900850270        0.0000686635        0.1605694134        0.2584409374        0.4131390139        0.0000381684        1.0000000000
174.5000        0.0000012634        0.0270465032        0.0506462493        0.0900027450        0.0000752654        0.1606161326        0.2585117136        0.4130583811        0.0000417464        1.0000000000
175.0000        0.0000013995        0.0270667077        0.0506612168        0.0899217056        0.0000820444        0.1606618055        0.2585809133        0.4129787790        0.0000454282        1.0000000000
175.5000        0.0000015961        0.0270868788        0.0506762830        0.0898419688        0.0000889836        0.1607064180        0.2586485035        0.4129001599        0.0000492084        1.0000000000
176.0000        0.0000018489        0.0271070236        0.0506914904        0.0897635896        0.0000960667        0.1607499556        0.2587144571        0.4128224863        0.0000530819        1.0000000000
176.5000        0.0000021487        0.0271271462        0.0507068767        0.0896866188        0.0001032778        0.1607924050        0.2587787522        0.4127457309        0.0000570438        1.0000000000
177.0000        0.0000000035        0.0271473495        0.0507225732        0.0896111818        0.0001106062        0.1608341077        0.2588420675        0.4126710244        0.0000610863        1.0000000000
177.5000        0.0000000336        0.0271674908        0.0507383469        0.0895368861        0.0001180385        0.1608743432        0.2589032265        0.4125964303        0.0000652041        1.0000000000
178.0000        0.0000000983        0.0271875841        0.0507543510        0.0894641057        0.0001255561        0.1609135026        0.2589627259        0.4125226803        0.0000693960        1.0000000000
178.5000        0.0000002002        0.0272076225        0.0507706081        0.0893928829        0.0001331448        0.1609515761        0.2590205513        0.4124497562        0.0000736579        1.0000000000
179.0000        0.0000003398        0.0272275975        0.0507871372        0.0893232559        0.0001407907        0.1609885539        0.2590766924        0.4123776468        0.0000779858        1.0000000000
179.5000        0.0000005151        0.0272474988        0.0508039537        0.0892552589        0.0001484806        0.1610244264        0.2591311428        0.4123063481        0.0000823756        1.0000000000
180.0000        0.0000007213        0.0272673150        0.0508210695        0.0891889217        0.0001562017        0.1610591848        0.2591839001        0.4122358624        0.0000868235        1.0000000000
180.5000        0.0000009515        0.0272870332        0.0508384930        0.0891242698        0.0001639417        0.1610928212        0.2592349663        0.4121661979        0.0000913254        1.0000000000
181.0000        0.0000011965        0.0273066394        0.0508562290        0.0890613242        0.0001716891        0.1611253289        0.2592843476        0.4120973677        0.0000958776        1.0000000000
181.5000        0.0000014457        0.0273261182        0.0508742793        0.0890001018        0.0001794329        0.1611567023        0.2593320543        0.4120293895        0.0001004761        1.0000000000
182.0000        0.0000016872        0.0273454536        0.0508926420        0.0889406151        0.0001871627        0.1611869378        0.2593781004        0.4119622843        0.0001051169        1.0000000000
182.5000        0.0000019089        0.0273646285        0.0509113124        0.0888828724        0.0001948686        0.1612160332        0.2594225039        0.4118960759        0.0001097963        1.0000000000
183.0000        0.0000020991        0.0273836250        0.0509302824        0.0888268779        0.0002025415        0.1612439882        0.2594652857        0.4118307900        0.0001145102        1.0000000000
183.5000        0.0000022471        0.0274024247        0.0509495413        0.0887726322        0.0002101728        0.1612708042        0.2595064696        0.4117664531        0.0001192549        1.0000000000
184.0000        0.0000023443        0.0274210085        0.0509690756        0.0887201319        0.0002177546        0.1612964844        0.2595460819        0.4117030923        0.0001240264        1.0000000000
184.5000        0.0000023843        0.0274393568        0.0509888691        0.0886693702        0.0002252797        0.1613210335        0.2595841508        0.4116407344        0.0001288211        1.0000000000
185.0000        0.0000023640        0.0274574498        0.0510089035        0.0886203371        0.0002327411        0.1613444578        0.2596207058        0.4115794057        0.0001336352        1.0000000000
185.5000        0.0000022836        0.0274752675        0.0510291582        0.0885730194        0.0002401328        0.1613667646        0.2596557777        0.4115191313        0.0001384649        1.0000000000
186.0000        0.0000021464        0.0274927896        0.0510496108        0.0885274013        0.0002474492        0.1613879625        0.2596893979        0.4114599356        0.0001433067        1.0000000000
186.5000        0.0000019596        0.0275099961        0.0510702371        0.0884834644        0.0002546852        0.1614080607        0.2597215981        0.4114018416        0.0001481571        1.0000000000
187.0000        0.0000017332        0.0275268671        0.0510910119        0.0884411881        0.0002618361        0.1614270692        0.2597524104        0.4113448715        0.0001530125        1.0000000000
187.5000        0.0000000022        0.0275434234        0.0511119643        0.0884006471        0.0002689014        0.1614452712        0.2597822767        0.4112896432        0.0001578705        1.0000000000
188.0000        0.0000000775        0.0275595462        0.0511328359        0.0883614422        0.0002758851        0.1614622538        0.2598104405        0.4112347886        0.0001627301        1.0000000000
188.5000        0.0000002582        0.0275752603        0.0511537655        0.0883238456        0.0002827721        0.1614781612        0.2598372652        0.4111810858        0.0001675861        1.0000000000
189.0000        0.0000005355        0.0275905499        0.0511747301        0.0882878358        0.0002895587        0.1614929974        0.2598627851        0.4111285726        0.0001724350        1.0000000000
189.5000        0.0000008948        0.0276054002        0.0511957064        0.0882533887        0.0002962422        0.1615067676        0.2598870385        0.4110772887        0.0001772729        1.0000000000
190.0000        0.0000013158        0.0276197980        0.0512166715        0.0882204775        0.0003028198        0.1615194793        0.2599100671        0.4110272747        0.0001820962        1.0000000000
190.5000        0.0000017739        0.0276337319        0.0512376019        0.0881890725        0.0003092897        0.1615311420        0.2599319161        0.4109785708        0.0001869012        1.0000000000
191.0000        0.0000022418        0.0276471917        0.0512584744        0.0881591411        0.0003156503        0.1615417678        0.2599526333        0.4109312157        0.0001916841        1.0000000000
191.5000        0.0000026908        0.0276601688        0.0512792653        0.0881306479        0.0003219004        0.1615513715        0.2599722691        0.4108852450        0.0001964413        1.0000000000
192.0000        0.0000030933        0.0276726561        0.0512999508        0.0881035545        0.0003280396        0.1615599706        0.2599908753        0.4108406906        0.0002011692        1.0000000000
192.5000        0.0000034239        0.0276846479        0.0513205068        0.0880778200        0.0003340676        0.1615675853        0.2600085047        0.4107975795        0.0002058643        1.0000000000
193.0000        0.0000036615        0.0276961397        0.0513409090        0.0880534007        0.0003399849        0.1615742380        0.2600252097        0.4107559330        0.0002105235        1.0000000000
193.5000        0.0000037909        0.0277071281        0.0513611327        0.0880302507        0.0003457922        0.1615799533        0.2600410422        0.4107157663        0.0002151436        1.0000000000
194.0000        0.0000038035        0.0277176112        0.0513811529        0.0880083219        0.0003514908        0.1615847573        0.2600560520        0.4106770886        0.0002197217        1.0000000000
194.5000        0.0000036982        0.0277275878        0.0514009444        0.0879875647        0.0003570822        0.1615886775        0.2600702869        0.4106399031        0.0002242552        1.0000000000
195.0000        0.0000034814        0.0277370576        0.0514204820        0.0879679280        0.0003625685        0.1615917416        0.2600837918        0.4106042073        0.0002287418        1.0000000000
195.5000        0.0000031669        0.0277460214        0.0514397405        0.0879493600        0.0003679517        0.1615939776        0.2600966083        0.4105699944        0.0002331792        1.0000000000
196.0000        0.0000027748        0.0277544804        0.0514586949        0.0879318083        0.0003732345        0.1615954132        0.2601087751        0.4105372535        0.0002375654        1.0000000000
196.5000        0.0000023302        0.0277624367        0.0514773206        0.0879152209        0.0003784194        0.1615960749        0.2601203274        0.4105059712        0.0002418986        1.0000000000
197.0000        0.0000018616        0.0277698933        0.0514955937        0.0878995459        0.0003835094        0.1615959884        0.2601312980        0.4104761327        0.0002461771        1.0000000000
197.5000        0.0000013987        0.0277768534        0.0515134911        0.0878847326        0.0003885073        0.1615951778        0.2601417172        0.4104477226        0.0002503993        1.0000000000
198.0000        0.0000009706        0.0277833212        0.0515309911        0.0878707316        0.0003934162        0.1615936659        0.2601516137        0.4104207262        0.0002545636        1.0000000000
198.5000        0.0000006037        0.0277893016        0.0515480731        0.0878574950        0.0003982389        0.1615914741        0.2601610153        0.4103951299        0.0002586686        1.0000000000
199.0000        0.0000003197        0.0277947999        0.0515647184        0.0878449769        0.0004029784        0.1615886227        0.2601699495        0.4103709216        0.0002627128        1.0000000000
199.5000        0.0000001344        0.0277998227        0.0515809102        0.0878331334        0.0004076377        0.1615851313        0.2601784444        0.4103480912        0.0002666946        1.0000000000
200.0000        0.0000000562        0.0278043772        0.0515966339        0.0878219228        0.0004122195        0.1615810191        0.2601865288        0.4103266300        0.0002706126        1.0000000000
200.5000        0.0000000858        0.0278084715        0.0516118769        0.0878113055        0.0004167264        0.1615763054        0.2601942333        0.4103065299        0.0002744653        1.0000000000
201.0000        0.0000002162        0.0278121148        0.0516266293        0.0878012439        0.0004211612        0.1615710102        0.2602015899        0.4102877833        0.0002782512        1.0000000000
201.5000        0.0000004333        0.0278153176        0.0516408835        0.0877917024        0.0004255263        0.1615651545        0.2602086320        0.4102703812        0.0002819690        1.0000000000
202.0000        0.0000007171        0.0278180913        0.0516546344        0.0877826469        0.0004298242        0.1615587610        0.2602153948        0.4102543128        0.0002856174        1.0000000000
202.5000        0.0000010432        0.0278204486        0.0516678794        0.0877740450        0.0004340572        0.1615518539        0.2602219138        0.4102395637        0.0002891953        1.0000000000
203.0000        0.0000013846        0.0278224033        0.0516806179        0.0877658651        0.0004382277        0.1615444596        0.2602282249        0.4102261153        0.0002927017        1.0000000000
203.5000        0.0000017142        0.0278239705        0.0516928517        0.0877580765        0.0004423379        0.1615366061        0.2602343634        0.4102139439        0.0002961359        1.0000000000
204.0000        0.0000020064        0.0278251663        0.0517045843        0.0877506491        0.0004463904        0.1615283234        0.2602403629        0.4102030198        0.0002994975        1.0000000000
204.5000        0.0000022394        0.0278260081        0.0517158212        0.0877435529        0.0004503873        0.1615196427        0.2602462546        0.4101933076        0.0003027862        1.0000000000
205.0000        0.0000023966        0.0278265138        0.0517265687        0.0877367582        0.0004543312        0.1615105962        0.2602520667        0.4101847662        0.0003060023        1.0000000000
205.5000        0.0000024681        0.0278267024        0.0517368348        0.0877302350        0.0004582246        0.1615012166        0.2602578231        0.4101773494        0.0003091460        1.0000000000
206.0000        0.0000024509        0.0278265933        0.0517466278        0.0877239532        0.0004620700        0.1614915360        0.2602635439        0.4101710068        0.0003122180        1.0000000000
206.5000        0.0000023492        0.0278262064        0.0517559569        0.0877178828        0.0004658702        0.1614815859        0.2602692444        0.4101656852        0.0003152190        1.0000000000
207.0000        0.0000021737        0.0278255616        0.0517648314        0.0877119936        0.0004696277        0.1614713962        0.2602749355        0.4101613301        0.0003181501        1.0000000000
207.5000        0.0000019408        0.0278246788        0.0517732608        0.0877062559        0.0004733454        0.1614609948        0.2602806244        0.4101578867        0.0003210124        1.0000000000
208.0000        0.0000016706        0.0278235777        0.0517812547        0.0877006406        0.0004770259        0.1614504072        0.2602863145        0.4101553021        0.0003238068        1.0000000000
208.5000        0.0000013855        0.0278222772        0.0517888223        0.0876951193        0.0004806720        0.1614396566        0.2602920067        0.4101535259        0.0003265345        1.0000000000
209.0000        0.0000011081        0.0278207960        0.0517959730        0.0876896653        0.0004842862        0.1614287634        0.2602977003        0.4101525113        0.0003291965        1.0000000000
209.5000        0.0000008591        0.0278191514        0.0518027159        0.0876842534        0.0004878711        0.1614177459        0.2603033938        0.4101522157        0.0003317938        1.0000000000
210.0000        0.0000006560        0.0278173600        0.0518090602        0.0876788607        0.0004914287        0.1614066201        0.2603090860        0.4101526010        0.0003343272        1.0000000000
210.5000        0.0000005112        0.0278154375        0.0518150155        0.0876734668        0.0004949614        0.1613954007        0.2603147766        0.4101536330        0.0003367974        1.0000000000
211.0000        0.0000004315        0.0278133982        0.0518205914        0.0876680542        0.0004984707        0.1613841015        0.2603204668        0.4101552806        0.0003392052        1.0000000000
211.5000        0.0000004177        0.0278112555        0.0518257982        0.0876626085        0.0005019582        0.1613727359        0.2603261598        0.4101575152        0.0003415510        1.0000000000
212.0000        0.0000004648        0.0278090218        0.0518306471        0.0876571184        0.0005054250        0.1613613174        0.2603318608        0.4101603089        0.0003438357        1.0000000000
212.5000        0.0000005628        0.0278067083        0.0518351500        0.0876515760        0.0005088721        0.1613498607        0.2603375766        0.4101636338        0.0003460597        1.0000000000
213.0000        0.0000006978        0.0278043256        0.0518393202        0.0876459762        0.0005123000        0.1613383811        0.2603433151        0.4101674600        0.0003482239        1.0000000000
213.5000        0.0000008536        0.0278018836        0.0518431720        0.0876403171        0.0005157090        0.1613268959        0.2603490846        0.4101717551        0.0003503291        1.0000000000
214.0000        0.0000010132        0.0277993915        0.0518467212        0.0876345990        0.0005190990        0.1613154233        0.2603548928        0.4101764835        0.0003523765        1.0000000000
214.5000        0.0000011610        0.0277968584        0.0518499845        0.0876288245        0.0005224698        0.1613039829        0.2603607460        0.4101816056        0.0003543672        1.0000000000
215.0000        0.0000012836        0.0277942926        0.0518529802        0.0876229977        0.0005258212        0.1612925950        0.2603666483        0.4101870786        0.0003563028        1.0000000000
215.5000        0.0000013712        0.0277917029        0.0518557272        0.0876171239        0.0005291525        0.1612812803        0.2603726006        0.4101928567        0.0003581847        1.0000000000
216.0000        0.0000014185        0.0277890975        0.0518582455        0.0876112089        0.0005324634        0.1612700588        0.2603786001        0.4101988925        0.0003600148        1.0000000000
216.5000        0.0000014250        0.0277864848        0.0518605553        0.0876052586        0.0005357532        0.1612589498        0.2603846404        0.4102051382        0.0003617947        1.0000000000
217.0000        0.0000013941        0.0277838732        0.0518626771        0.0875992785        0.0005390215        0.1612479707        0.2603907115        0.4102115471        0.0003635263        1.0000000000
217.5000        0.0000013333        0.0277812710        0.0518646312        0.0875932735        0.0005422679        0.1612371365        0.2603968001        0.4102180754        0.0003652112        1.0000000000
218.0000        0.0000012524        0.0277786862        0.0518664370        0.0875872475        0.0005454920        0.1612264598        0.2604028905        0.4102246834        0.0003668510        1.0000000000
218.5000        0.0000011624        0.0277761268        0.0518681134        0.0875812037        0.0005486938        0.1612159501        0.2604089657        0.4102313369        0.0003684472        1.0000000000
219.0000        0.0000010744        0.0277736001        0.0518696777        0.0875751442        0.0005518730        0.1612056140        0.2604150082        0.4102380075        0.0003700008        1.0000000000
219.5000        0.0000009979        0.0277711131        0.0518711460        0.0875690703        0.0005550297        0.1611954556        0.2604210011        0.4102446733        0.0003715129        1.0000000000
220.0000        0.0000009401        0.0277686717        0.0518725324        0.0875629829        0.0005581639        0.1611854768        0.2604269298        0.4102513181        0.0003729843        1.0000000000
220.5000        0.0000009050        0.0277662810        0.0518738497        0.0875568830        0.0005612757        0.1611756779        0.2604327816        0.4102579308        0.0003744153        1.0000000000
221.0000        0.0000008932        0.0277639452        0.0518751086        0.0875507716        0.0005643650        0.1611660584        0.2604385475        0.4102645039        0.0003758066        1.0000000000
221.5000        0.0000009020        0.0277616670        0.0518763185        0.0875446509        0.0005674317        0.1611566177        0.2604442214        0.4102710324        0.0003771584        1.0000000000
222.0000        0.0000009263        0.0277594480        0.0518774872        0.0875385240        0.0005704756        0.1611473557        0.2604498005        0.4102775118        0.0003784710        1.0000000000
222.5000        0.0000009590        0.0277572884        0.0518786214        0.0875323957        0.0005734961        0.1611382737        0.2604552843        0.4102839365        0.0003797448        1.0000000000
223.0000        0.0000009924        0.0277551874        0.0518797269        0.0875262726        0.0005764928        0.1611293742        0.2604606744        0.4102902989        0.0003809804        1.0000000000
223.5000        0.0000000001        0.0277531565        0.0518808379        0.0875202610        0.0005794637        0.1611208402        0.2604662739        0.4102969874        0.0003821793        1.0000000000
224.0000        0.0000000005        0.0277511330        0.0518818628        0.0875142108        0.0005824049        0.1611123641        0.2604715479        0.4103031333        0.0003833426        1.0000000000
224.5000        0.0000000012        0.0277491558        0.0518828870        0.0875082159        0.0005853170        0.1611040983        0.2604767105        0.4103091431        0.0003844712        1.0000000000
225.0000        0.0000000020        0.0277472228        0.0518839180        0.0875022853        0.0005881990        0.1610960445        0.2604817550        0.4103150078        0.0003855656        1.0000000000
225.5000        0.0000000028        0.0277453318        0.0518849623        0.0874964283        0.0005910500        0.1610882038        0.2604866750        0.4103207196        0.0003866264        1.0000000000
226.0000        0.0000000035        0.0277434803        0.0518860261        0.0874906540        0.0005938690        0.1610805770        0.2604914646        0.4103262717        0.0003876540        1.0000000000
226.5000        0.0000000040        0.0277416652        0.0518871145        0.0874849713        0.0005966552        0.1610731644        0.2604961182        0.4103316585        0.0003886489        1.0000000000
227.0000        0.0000000043        0.0277398834        0.0518882321        0.0874793890        0.0005994076        0.1610659661        0.2605006305        0.4103368755        0.0003896115        1.0000000000
227.5000        0.0000000045        0.0277381315        0.0518893831        0.0874739157        0.0006021253        0.1610589818        0.2605049969        0.4103419191        0.0003905423        1.0000000000
228.0000        0.0000000047        0.0277364060        0.0518905706        0.0874685596        0.0006048075        0.1610522107        0.2605092128        0.4103467866        0.0003914415        1.0000000000
228.5000        0.0000000049        0.0277347032        0.0518917975        0.0874633288        0.0006074534        0.1610456520        0.2605132742        0.4103514764        0.0003923096        1.0000000000
229.0000        0.0000000054        0.0277330193        0.0518930660        0.0874582307        0.0006100621        0.1610393044        0.2605171776        0.4103559879        0.0003931467        1.0000000000
229.5000        0.0000000062        0.0277313505        0.0518943775        0.0874532727        0.0006126330        0.1610331661        0.2605209199        0.4103603210        0.0003939531        1.0000000000
230.0000        0.0000000075        0.0277296928        0.0518957331        0.0874484615        0.0006151652        0.1610272355        0.2605244985        0.4103644768        0.0003947292        1.0000000000
230.5000        0.0000000092        0.0277280426        0.0518971333        0.0874438033        0.0006176581        0.1610215103        0.2605279113        0.4103684569        0.0003954750        1.0000000000
231.0000        0.0000000114        0.0277263959        0.0518985781        0.0874393039        0.0006201112        0.1610159883        0.2605311567        0.4103722637        0.0003961907        1.0000000000
231.5000        0.0000000140        0.0277247490        0.0519000671        0.0874349687        0.0006225238        0.1610106670        0.2605342336        0.4103759003        0.0003968766        1.0000000000
232.0000        0.0000000168        0.0277230983        0.0519015992        0.0874308023        0.0006248954        0.1610055436        0.2605371417        0.4103793701        0.0003975326        1.0000000000
232.5000        0.0000000197        0.0277214401        0.0519031730        0.0874268089        0.0006272256        0.1610006155        0.2605398810        0.4103826772        0.0003981591        1.0000000000
233.0000        0.0000000223        0.0277197712        0.0519047867        0.0874229922        0.0006295140        0.1609958797        0.2605424523        0.4103858256        0.0003987560        1.0000000000
233.5000        0.0000000246        0.0277180882        0.0519064381        0.0874193553        0.0006317603        0.1609913333        0.2605448567        0.4103888200        0.0003993235        1.0000000000
234.0000        0.0000000263        0.0277163881        0.0519081247        0.0874159007        0.0006339641        0.1609869736        0.2605470959        0.4103916649        0.0003998618        1.0000000000
234.5000        0.0000000273        0.0277146680        0.0519098436        0.0874126304        0.0006361252        0.1609827975        0.2605491722        0.4103943651        0.0004003708        1.0000000000
235.0000        0.0000000276        0.0277129250        0.0519115915        0.0874095460        0.0006382436        0.1609788023        0.2605510881        0.4103969251        0.0004008508        1.0000000000
235.5000        0.0000000273        0.0277111568        0.0519133652        0.0874066485        0.0006403189        0.1609749851        0.2605528466        0.4103993498        0.0004013018        1.0000000000
236.0000        0.0000000264        0.0277093610        0.0519151609        0.0874039384        0.0006423513        0.1609713431        0.2605544513        0.4104016436        0.0004017241        1.0000000000
236.5000        0.0000000252        0.0277075354        0.0519169750        0.0874014157        0.0006443406        0.1609678737        0.2605559057        0.4104038110        0.0004021176        1.0000000000
237.0000        0.0000000240        0.0277056784        0.0519188034        0.0873990801        0.0006462869        0.1609645742        0.2605572139        0.4104058565        0.0004024826        1.0000000000
237.5000        0.0000000228        0.0277037882        0.0519206422        0.0873969308        0.0006481903        0.1609614420        0.2605583803        0.4104077842        0.0004028192        1.0000000000
238.0000        0.0000000221        0.0277018634        0.0519224874        0.0873949663        0.0006500509        0.1609584745        0.2605594094        0.4104095984        0.0004031276        1.0000000000
238.5000        0.0000000220        0.0276999031        0.0519243347        0.0873931850        0.0006518690        0.1609556693        0.2605603062        0.4104113029        0.0004034079        1.0000000000
239.0000        0.0000000225        0.0276979062        0.0519261803        0.0873915847        0.0006536447        0.1609530239        0.2605610759        0.4104129017        0.0004036603        1.0000000000
239.5000        0.0000000237        0.0276958723        0.0519280199        0.0873901628        0.0006553783        0.1609505359        0.2605617239        0.4104143983        0.0004038850        1.0000000000
240.0000        0.0000000255        0.0276938010        0.0519298497        0.0873889163        0.0006570702        0.1609482030        0.2605622559        0.4104157961        0.0004040823        1.0000000000
240.5000        0.0000000276        0.0276916923        0.0519316657        0.0873878419        0.0006587207        0.1609460232        0.2605626781        0.4104170982        0.0004042522        1.0000000000
241.0000        0.0000000300        0.0276895464        0.0519334642        0.0873869358        0.0006603303        0.1609439943        0.2605629968        0.4104183072        0.0004043951        1.0000000000
241.5000        0.0000000322        0.0276873636        0.0519352413        0.0873861938        0.0006618995        0.1609421145        0.2605632184        0.4104194255        0.0004045113        1.0000000000
242.0000        0.0000000339        0.0276851448        0.0519369936        0.0873856114        0.0006634288        0.1609403820        0.2605633497        0.4104204549        0.0004046009        1.0000000000
242.5000        0.0000000350        0.0276828909        0.0519387175        0.0873851839        0.0006649187        0.1609387955        0.2605633975        0.4104213967        0.0004046643        1.0000000000
243.0000        0.0000000354        0.0276806030        0.0519404098        0.0873849062        0.0006663698        0.1609373535        0.2605633690        0.4104222516        0.0004047018        1.0000000000
243.5000        0.0000000348        0.0276782825        0.0519420672        0.0873847729        0.0006677828        0.1609360550        0.2605632711        0.4104230199        0.0004047138        1.0000000000
244.0000        0.0000000334        0.0276759309        0.0519436868        0.0873847785        0.0006691584        0.1609348990        0.2605631108        0.4104237015        0.0004047006        1.0000000000
244.5000        0.0000000313        0.0276735499        0.0519452658        0.0873849174        0.0006704971        0.1609338849        0.2605628953        0.4104242955        0.0004046626        1.0000000000
245.0000        0.0000000288        0.0276711415        0.0519468015        0.0873851837        0.0006717997        0.1609330121        0.2605626316        0.4104248008        0.0004046003        1.0000000000
245.5000        0.0000000262        0.0276687075        0.0519482915        0.0873855716        0.0006730670        0.1609322801        0.2605623265        0.4104252157        0.0004045139        1.0000000000
246.0000        0.0000000237        0.0276662501        0.0519497337        0.0873860749        0.0006742996        0.1609316888        0.2605619868        0.4104255384        0.0004044040        1.0000000000
246.5000        0.0000000216        0.0276637716        0.0519511260        0.0873866878        0.0006754982        0.1609312379        0.2605616194        0.4104257665        0.0004042710        1.0000000000
247.0000        0.0000000201        0.0276612741        0.0519524669        0.0873874042        0.0006766637        0.1609309275        0.2605612308        0.4104258974        0.0004041153        1.0000000000
247.5000        0.0000000194        0.0276587601        0.0519537547        0.0873882181        0.0006777968        0.1609307575        0.2605608277        0.4104259282        0.0004039374        1.0000000000
248.0000        0.0000000195        0.0276562321        0.0519549885        0.0873891236        0.0006788982        0.1609307281        0.2605604165        0.4104258558        0.0004037377        1.0000000000
248.5000        0.0000000202        0.0276536924        0.0519561673        0.0873901146        0.0006799687        0.1609308396        0.2605600037        0.4104256766        0.0004035168        1.0000000000
249.0000        0.0000000214        0.0276511437        0.0519572903        0.0873911853        0.0006810091        0.1609310924        0.2605595957        0.4104253869        0.0004032752        1.0000000000
249.5000        0.0000000227        0.0276485885        0.0519583574        0.0873923299        0.0006820202        0.1609314869        0.2605591987        0.4104249825        0.0004030132        1.0000000000
250.0000        0.0000000239        0.0276460294        0.0519593683        0.0873935425        0.0006830026        0.1609320239        0.2605588190        0.4104244588        0.0004027315        1.0000000000
250.5000        0.0000000248        0.0276434689        0.0519603232        0.0873948174        0.0006839573        0.1609327041        0.2605584626        0.4104238110        0.0004024306        1.0000000000
251.0000        0.0000000250        0.0276409098        0.0519612225        0.0873961490        0.0006848850        0.1609335286        0.2605581353        0.4104230339        0.0004021109        1.0000000000
251.5000        0.0000000245        0.0276383546        0.0519620665        0.0873975319        0.0006857864        0.1609344983        0.2605578429        0.4104221219        0.0004017730        1.0000000000
252.0000        0.0000000233        0.0276358058        0.0519628562        0.0873989605        0.0006866624        0.1609356144        0.2605575907        0.4104210692        0.0004014174        1.0000000000
252.5000        0.0000000215        0.0276332660        0.0519635924        0.0874004297        0.0006875136        0.1609368784        0.2605573839        0.4104198698        0.0004010448        1.0000000000
253.0000        0.0000000191        0.0276307375        0.0519642762        0.0874019344        0.0006883408        0.1609382916        0.2605572272        0.4104185176        0.0004006555        1.0000000000
253.5000        0.0000000166        0.0276282229        0.0519649087        0.0874034697        0.0006891447        0.1609398555        0.2605571253        0.4104170063        0.0004002502        1.0000000000
254.0000        0.0000000141        0.0276257242        0.0519654914        0.0874050311        0.0006899260        0.1609415716        0.2605570825        0.4104153298        0.0003998294        1.0000000000
254.5000        0.0000000119        0.0276232437        0.0519660256        0.0874066141        0.0006906854        0.1609434412        0.2605571027        0.4104134818        0.0003993935        1.0000000000
255.0000        0.0000000102        0.0276207835        0.0519665130        0.0874082146        0.0006914235        0.1609454660        0.2605571898        0.4104114562        0.0003989431        1.0000000000
255.5000        0.0000000091        0.0276183454        0.0519669553        0.0874098288        0.0006921410        0.1609476474        0.2605573472        0.4104092470        0.0003984787        1.0000000000
256.0000        0.0000000086        0.0276159312        0.0519673543        0.0874114532        0.0006928385        0.1609499867        0.2605575784        0.4104068483        0.0003980007        1.0000000000
256.5000        0.0000000088        0.0276135427        0.0519677119        0.0874130844        0.0006935164        0.1609524854        0.2605578866        0.4104042541        0.0003975097        1.0000000000
257.0000        0.0000000093        0.0276111812        0.0519680302        0.0874147195        0.0006941754        0.1609551449        0.2605582748        0.4104014587        0.0003970060        1.0000000000
257.5000        0.0000000101        0.0276088482        0.0519683111        0.0874163557        0.0006948160        0.1609579666        0.2605587459        0.4103984563        0.0003964902        1.0000000000
258.0000        0.0000000108        0.0276065449        0.0519685570        0.0874179904        0.0006954386        0.1609609518        0.2605593026        0.4103952411        0.0003959626        1.0000000000
258.5000        0.0000000113        0.0276042726        0.0519687700        0.0874196215        0.0006960438        0.1609641020        0.2605599473        0.4103918076        0.0003954238        1.0000000000
259.0000        0.0000000114        0.0276020321        0.0519689524        0.0874212468        0.0006966320        0.1609674187        0.2605606824        0.4103881500        0.0003948742        1.0000000000
259.5000        0.0000000110        0.0275998244        0.0519691065        0.0874228644        0.0006972036        0.1609709032        0.2605615099        0.4103842628        0.0003943141        1.0000000000
260.0000        0.0000000102        0.0275976503        0.0519692345        0.0874244727        0.0006977591        0.1609745569        0.2605624316        0.4103801408        0.0003937440        1.0000000000
260.5000        0.0000000089        0.0275955106        0.0519693386        0.0874260702        0.0006982988        0.1609783812        0.2605634489        0.4103757787        0.0003931642        1.0000000000
261.0000        0.0000000074        0.0275934057        0.0519694210        0.0874276556        0.0006988230        0.1609823774        0.2605645630        0.4103711718        0.0003925752        1.0000000000
261.5000        0.0000000058        0.0275913361        0.0519694838        0.0874292277        0.0006993322        0.1609865467        0.2605657751        0.4103663154        0.0003919772        1.0000000000
262.0000        0.0000000043        0.0275893022        0.0519695290        0.0874307856        0.0006998266        0.1609908901        0.2605670859        0.4103612056        0.0003913707        1.0000000000
262.5000        0.0000000030        0.0275873043        0.0519695585        0.0874323287        0.0007003065        0.1609954086        0.2605684961        0.4103558384        0.0003907558        1.0000000000
263.0000        0.0000000022        0.0275853426        0.0519695742        0.0874338563        0.0007007722        0.1610001029        0.2605700061        0.4103502106        0.0003901330        1.0000000000
263.5000        0.0000000017        0.0275834169        0.0519695776        0.0874353682        0.0007012239        0.1610049738        0.2605716164        0.4103443191        0.0003895024        1.0000000000
264.0000        0.0000000016        0.0275815274        0.0519695704        0.0874368642        0.0007016618        0.1610100216        0.2605733274        0.4103381611        0.0003888644        1.0000000000
264.5000        0.0000000019        0.0275796738        0.0519695541        0.0874383445        0.0007020861        0.1610152470        0.2605751394        0.4103317341        0.0003882192        1.0000000000
265.0000        0.0000000023        0.0275778559        0.0519695301        0.0874398091        0.0007024969        0.1610206500        0.2605770527        0.4103250361        0.0003875670        1.0000000000
265.5000        0.0000000027        0.0275760733        0.0519694997        0.0874412586        0.0007028943        0.1610262310        0.2605790674        0.4103180649        0.0003869080        1.0000000000
266.0000        0.0000000031        0.0275743258        0.0519694641        0.0874426933        0.0007032786        0.1610319900        0.2605811838        0.4103108188        0.0003862426        1.0000000000
266.5000        0.0000000032        0.0275726129        0.0519694243        0.0874441138        0.0007036497        0.1610379272        0.2605834019        0.4103032961        0.0003855708        1.0000000000
267.0000        0.0000000031        0.0275709341        0.0519693815        0.0874455206        0.0007040078        0.1610440425        0.2605857218        0.4102954956        0.0003848929        1.0000000000
267.5000        0.0000000028        0.0275692890        0.0519693365        0.0874469144        0.0007043529        0.1610503359        0.2605881431        0.4102874162        0.0003842091        1.0000000000
268.0000        0.0000000023        0.0275676771        0.0519692902        0.0874482957        0.0007046852        0.1610568070        0.2605906657        0.4102790572        0.0003835196        1.0000000000
268.5000        0.0000000017        0.0275660980        0.0519692432        0.0874496651        0.0007050047        0.1610634555        0.2605932892        0.4102704181        0.0003828245        1.0000000000
269.0000        0.0000000011        0.0275645511        0.0519691960        0.0874510232        0.0007053115        0.1610702809        0.2605960132        0.4102614989        0.0003821239        1.0000000000
269.5000        0.0000000006        0.0275630362        0.0519691490        0.0874523705        0.0007056057        0.1610772826        0.2605988373        0.4102523001        0.0003814181        1.0000000000
270.0000        0.0000000002        0.0275615527        0.0519691025        0.0874537073        0.0007058872        0.1610844596        0.2606017609        0.4102428224        0.0003807070        1.0000000000
270.5000        0.0000000000        0.0275601003        0.0519690567        0.0874550343        0.0007061562        0.1610918110        0.2606047838        0.4102330667        0.0003799910        1.0000000000
271.0000        0.0000000000        0.0275586787        0.0519690115        0.0874563517        0.0007064127        0.1610993355        0.2606079055        0.4102230344        0.0003792699        1.0000000000
271.5000        0.0000000001        0.0275572875        0.0519689668        0.0874576601        0.0007066567        0.1611070319        0.2606111260        0.4102127270        0.0003785441        1.0000000000
272.0000        0.0000000002        0.0275559264        0.0519689223        0.0874589597        0.0007068882        0.1611148985        0.2606144451        0.4102021460        0.0003778135        1.0000000000
272.5000        0.0000000004        0.0275545951        0.0519688778        0.0874602509        0.0007071073        0.1611229340        0.2606178628        0.4101912933        0.0003770784        1.0000000000
273.0000        0.0000000004        0.0275532934        0.0519688328        0.0874615340        0.0007073140        0.1611311367        0.2606213792        0.4101801707        0.0003763388        1.0000000000
273.5000        0.0000000004        0.0275520210        0.0519687869        0.0874628092        0.0007075084        0.1611395049        0.2606249945        0.4101687799        0.0003755948        1.0000000000
274.0000        0.0000000004        0.0275507779        0.0519687397        0.0874640766        0.0007076904        0.1611480368        0.2606287087        0.4101571229        0.0003748467        1.0000000000
274.5000        0.0000000003        0.0275495638        0.0519686906        0.0874653362        0.0007078601        0.1611567307        0.2606325221        0.4101452019        0.0003740944        1.0000000000
275.0000        0.0000000002        0.0275483787        0.0519686392        0.0874665879        0.0007080176        0.1611655846        0.2606364348        0.4101330190        0.0003733381        1.0000000000
275.5000        0.0000000002        0.0275472227        0.0519685849        0.0874678314        0.0007081629        0.1611745965        0.2606404469        0.4101205766        0.0003725780        1.0000000000
276.0000        0.0000000002        0.0275460957        0.0519685273        0.0874690661        0.0007082961        0.1611837645        0.2606445588        0.4101078772        0.0003718141        1.0000000000
276.5000        0.0000000004        0.0275449981        0.0519684659        0.0874702916        0.0007084173        0.1611930861        0.2606487706        0.4100949235        0.0003710465        1.0000000000
277.0000        0.0000000006        0.0275439300        0.0519684000        0.0874715069        0.0007085267        0.1612025591        0.2606530827        0.4100817185        0.0003702755        1.0000000000
277.5000        0.0000000009        0.0275428917        0.0519683292        0.0874727111        0.0007086244        0.1612121810        0.2606574957        0.4100682650        0.0003695011        1.0000000000
278.0000        0.0000000011        0.0275418836        0.0519682530        0.0874739031        0.0007087104        0.1612219491        0.2606620102        0.4100545661        0.0003687234        1.0000000000
278.5000        0.0000000012        0.0275409062        0.0519681708        0.0874750816        0.0007087851        0.1612318609        0.2606666271        0.4100406246        0.0003679426        1.0000000000
279.0000        0.0000000012        0.0275399599        0.0519680821        0.0874762452        0.0007088484        0.1612419135        0.2606713474        0.4100264435        0.0003671588        1.0000000000
279.5000        0.0000000011        0.0275390454        0.0519679863        0.0874773926        0.0007089006        0.1612521042        0.2606761722        0.4100120253        0.0003663723        1.0000000000
280.0000        0.0000000008        0.0275381630        0.0519678832        0.0874785223        0.0007089419        0.1612624302        0.2606811028        0.4099973728        0.0003655831        1.0000000000
280.5000        0.0000000005        0.0275373134        0.0519677721        0.0874796326        0.0007089725        0.1612728887        0.2606861405        0.4099824883        0.0003647914        1.0000000000
281.0000        0.0000000003        0.0275364971        0.0519676530        0.0874807218        0.0007089925        0.1612834770        0.2606912868        0.4099673741        0.0003639975        1.0000000000
281.5000        0.0000000001        0.0275357148        0.0519675255        0.0874817883        0.0007090021        0.1612941923        0.2606965429        0.4099520325        0.0003632016        1.0000000000
282.0000        0.0000000001        0.0275349670        0.0519673897        0.0874828302        0.0007090017        0.1613050318        0.2607019102        0.4099364656        0.0003624038        1.0000000000
282.5000        0.0000000003        0.0275342544        0.0519672455        0.0874838455        0.0007089914        0.1613159927        0.2607073903        0.4099206757        0.0003616043        1.0000000000
283.0000        0.0000000006        0.0275335774        0.0519670931        0.0874848322        0.0007089716        0.1613270723        0.2607129846        0.4099046650        0.0003608033        1.0000000000
283.5000        0.0000000011        0.0275329369        0.0519669328        0.0874857881        0.0007089425        0.1613382674        0.2607186946        0.4098884356        0.0003600011        1.0000000000
284.0000        0.0000000017        0.0275323332        0.0519667650        0.0874867110        0.0007089044        0.1613495753        0.2607245219        0.4098719896        0.0003591978        1.0000000000
284.5000        0.0000000022        0.0275317672        0.0519665902        0.0874875986        0.0007088577        0.1613609928        0.2607304684        0.4098553291        0.0003583937        1.0000000000
285.0000        0.0000000025        0.0275312394        0.0519664091        0.0874884483        0.0007088028        0.1613725170        0.2607365359        0.4098384560        0.0003575890        1.0000000000
285.5000        0.0000000026        0.0275307504        0.0519662223        0.0874892578        0.0007087399        0.1613841447        0.2607427265        0.4098213719        0.0003567839        1.0000000000
286.0000        0.0000000024        0.0275303009        0.0519660305        0.0874900246        0.0007086694        0.1613958730        0.2607490423        0.4098040782        0.0003559788        1.0000000000
286.5000        0.0000000020        0.0275298912        0.0519658347        0.0874907461        0.0007085917        0.1614076989        0.2607554856        0.4097865760        0.0003551738        1.0000000000
287.0000        0.0000000015        0.0275295220        0.0519656358        0.0874914201        0.0007085072        0.1614196194        0.2607620586        0.4097688662        0.0003543692        1.0000000000
287.5000        0.0000000009        0.0275291936        0.0519654347        0.0874920443        0.0007084161        0.1614316318        0.2607687636        0.4097509496        0.0003535654        1.0000000000
288.0000        0.0000000005        0.0275289064        0.0519652327        0.0874926162        0.0007083190        0.1614437332        0.2607756028        0.4097328267        0.0003527625        1.0000000000
288.5000        0.0000000003        0.0275286606        0.0519650309        0.0874931339        0.0007082162        0.1614559209        0.2607825784        0.4097144979        0.0003519609        1.0000000000
289.0000        0.0000000004        0.0275284564        0.0519648307        0.0874935953        0.0007081079        0.1614681924        0.2607896925        0.4096959637        0.0003511607        1.0000000000
289.5000        0.0000000008        0.0275282939        0.0519646336        0.0874939982        0.0007079948        0.1614805448        0.2607969471        0.4096772244        0.0003503624        1.0000000000
290.0000        0.0000000013        0.0275281730        0.0519644412        0.0874943409        0.0007078771        0.1614929756        0.2608043445        0.4096582803        0.0003495661        1.0000000000
290.5000        0.0000000020        0.0275280937        0.0519642551        0.0874946215        0.0007077552        0.1615054820        0.2608118867        0.4096391317        0.0003487721        1.0000000000
291.0000        0.0000000026        0.0275280559        0.0519640771        0.0874948382        0.0007076296        0.1615180614        0.2608195759        0.4096197787        0.0003479807        1.0000000000
291.5000        0.0000000030        0.0275280592        0.0519639091        0.0874949892        0.0007075006        0.1615307111        0.2608274143        0.4096002212        0.0003471922        1.0000000000
292.0000        0.0000000031        0.0275281033        0.0519637530        0.0874950730        0.0007073687        0.1615434286        0.2608354044        0.4095804591        0.0003464068        1.0000000000
292.5000        0.0000000030        0.0275281880        0.0519636106        0.0874950879        0.0007072343        0.1615562111        0.2608435484        0.4095604918        0.0003456249        1.0000000000
293.0000        0.0000000025        0.0275283127        0.0519634840        0.0874950328        0.0007070978        0.1615690563        0.2608518486        0.4095403187        0.0003448466        1.0000000000
293.5000        0.0000000019        0.0275284769        0.0519633749        0.0874949063        0.0007069596        0.1615819617        0.2608603074        0.4095199388        0.0003440724        1.0000000000
294.0000        0.0000000013        0.0275286800        0.0519632854        0.0874947076        0.0007068200        0.1615949251        0.2608689271        0.4094993512        0.0003433025        1.0000000000
294.5000        0.0000000007        0.0275289213        0.0519632172        0.0874944357        0.0007066793        0.1616079443        0.2608777096        0.4094785547        0.0003425371        1.0000000000
295.0000        0.0000000004        0.0275292000        0.0519631724        0.0874940901        0.0007065381        0.1616210172        0.2608866571        0.4094575482        0.0003417765        1.0000000000
295.5000        0.0000000004        0.0275295151        0.0519631526        0.0874936706        0.0007063964        0.1616341418        0.2608957713        0.4094363307        0.0003410210        1.0000000000
296.0000        0.0000000007        0.0275298656        0.0519631598        0.0874931770        0.0007062548        0.1616473161        0.2609050542        0.4094149010        0.0003402709        1.0000000000
296.5000        0.0000000013        0.0275302504        0.0519631957        0.0874926094        0.0007061134        0.1616605381        0.2609145073        0.4093932581        0.0003395263        1.0000000000
297.0000        0.0000000019        0.0275306684        0.0519632622        0.0874919681        0.0007059726        0.1616738058        0.2609241324        0.4093714011        0.0003387874        1.0000000000
297.5000        0.0000000025        0.0275311182        0.0519633611        0.0874912536        0.0007058327        0.1616871173        0.2609339312        0.4093493288        0.0003380546        1.0000000000
298.0000        0.0000000029        0.0275315986        0.0519634941        0.0874904664        0.0007056939        0.1617004706        0.2609439055        0.4093270401        0.0003373281        1.0000000000
298.5000        0.0000000029        0.0275321082        0.0519636628        0.0874896073        0.0007055565        0.1617138638        0.2609540568        0.4093045337        0.0003366081        1.0000000000
299.0000        0.0000000027        0.0275326456        0.0519638688        0.0874886772        0.0007054208        0.1617272951        0.2609643869        0.4092818081        0.0003358948        1.0000000000
299.5000        0.0000000022        0.0275332095        0.0519641136        0.0874876772        0.0007052868        0.1617407628        0.2609748975        0.4092588620        0.0003351884        1.0000000000
300.0000        0.0000000016        0.0275337984        0.0519643985        0.0874866085        0.0007051550        0.1617542654        0.2609855899        0.4092356937        0.0003344892        1.0000000000
