       t         state 0 pop         state 1 pop         state 2 pop         state 3 pop         state 4 pop         state 5 pop         state 6 pop         state 7 pop         state 8 pop              poptot
  0.0000        0.0002413923        0.0002484351        0.0002574843        0.0002654257        0.0005070906        0.0005287926        0.0005572263        0.0005827003        0.9968114529        1.0000000000
  0.5000        0.0002481158        0.0002552128        0.0002644041        0.0002724064        0.0005217857        0.0005436824        0.0005725904        0.0005982754        0.9967235270        1.0000000000
  1.0000        0.0002547286        0.0002618788        0.0002712132        0.0002792753        0.0005365476        0.0005586284        0.0005880095        0.0006138938        0.9966358248        1.0000000000
  1.5000        0.0002609937        0.0002682011        0.0002776832        0.0002858091        0.0005511278        0.0005733894        0.0006032476        0.0006293270        0.9965502211        1.0000000000
  2.0000        0.0002666857        0.0002739586        0.0002835958        0.0002917941        0.0005652792        0.0005877254        0.0006180700        0.0006443484        0.9964685427        1.0000000000
  2.5000        0.0002715989        0.0002789489        0.0002887504        0.0002970330        0.0005787600        0.0006014018        0.0006322471        0.0006587355        0.9963925245        1.0000000000
  3.0000        0.0002755551        0.0002829954        0.0002929702        0.0003013512        0.0005913383        0.0006141931        0.0006455570        0.0006722739        0.9963237658        1.0000000000
  3.5000        0.0002784104        0.0002859534        0.0002961091        0.0003046025        0.0006027959        0.0006258863        0.0006577900        0.0006847597        0.9962636927        1.0000000000
  4.0000        0.0002800606        0.0002877157        0.0002980556        0.0003066734        0.0006129324        0.0006362848        0.0006687507        0.0006960027        0.9962135241        1.0000000000
  4.5000        0.0002804450        0.0002882161        0.0002987375        0.0003074867        0.0006215686        0.0006452113        0.0006782618        0.0007058287        0.9961742443        1.0000000000
  5.0000        0.0002795491        0.0002874320        0.0002981235        0.0003070044        0.0006285499        0.0006525110        0.0006861660        0.0007140821        0.9961465821        1.0000000000
  5.5000        0.0002774052        0.0002853852        0.0002962249        0.0003052284        0.0006337487        0.0006580539        0.0006923290        0.0007206279        0.9961309968        1.0000000000
  6.0000        0.0002740914        0.0002821413        0.0002930952        0.0003022005        0.0006370672        0.0006617369        0.0006966413        0.0007253536        0.9961276727        1.0000000000
  6.5000        0.0002697290        0.0002778075        0.0002888281        0.0002980014        0.0006384387        0.0006634857        0.0006990195        0.0007281708        0.9961365194        1.0000000000
  7.0000        0.0002644779        0.0002725291        0.0002835548        0.0002927479        0.0006378292        0.0006632561        0.0006994079        0.0007290161        0.9961571810        1.0000000000
  7.5000        0.0002585315        0.0002664844        0.0002774395        0.0002865894        0.0006352381        0.0006610342        0.0006977793        0.0007278519        0.9961890516        1.0000000000
  8.0000        0.0002521095        0.0002598788        0.0002706745        0.0002797034        0.0006306981        0.0006568373        0.0006941351        0.0007246672        0.9962312962        1.0000000000
  8.5000        0.0002454500        0.0002529378        0.0002634734        0.0002722896        0.0006242748        0.0006507133        0.0006885055        0.0007194772        0.9962828786        1.0000000000
  9.0000        0.0002388011        0.0002458992        0.0002560647        0.0002645643        0.0006160660        0.0006427400        0.0006809490        0.0007123232        0.9963425926        1.0000000000
  9.5000        0.0002324125        0.0002390053        0.0002486844        0.0002567536        0.0006061999        0.0006330241        0.0006715514        0.0007032721        0.9964090967        1.0000000000
 10.0000        0.0002265260        0.0002324948        0.0002415682        0.0002490864        0.0005948334        0.0006216996        0.0006604249        0.0006924153        0.9964809514        1.0000000000
 10.5000        0.0002213671        0.0002265944        0.0002349443        0.0002417880        0.0005821493        0.0006089256        0.0006477062        0.0006798675        0.9965566576        1.0000000000
 11.0000        0.0002171375        0.0002215116        0.0002290262        0.0002350726        0.0005683538        0.0005948843        0.0006335545        0.0006657650        0.9966346944        1.0000000000
 11.5000        0.0002140073        0.0002174275        0.0002240057        0.0002291378        0.0005536732        0.0005797779        0.0006181500        0.0006502643        0.9967135564        1.0000000000
 12.0000        0.0002121092        0.0002144910        0.0002200471        0.0002241581        0.0005383502        0.0005638260        0.0006016905        0.0006335397        0.9967917881        1.0000000000
 12.5000        0.0002115341        0.0002128137        0.0002172820        0.0002202801        0.0005226407        0.0005472625        0.0005843896        0.0006157813        0.9968680159        1.0000000000
 13.0000        0.0002123273        0.0002124663        0.0002158053        0.0002176182        0.0005068093        0.0005303319        0.0005664733        0.0005971926        0.9969409759        1.0000000000
 13.5000        0.0002144872        0.0002134760        0.0002156721        0.0002162513        0.0004911255        0.0005132861        0.0005481771        0.0005779879        0.9970095367        1.0000000000
 14.0000        0.0002179648        0.0002158257        0.0002168960        0.0002162204        0.0004758600        0.0004963810        0.0005297434        0.0005583900        0.9970727186        1.0000000000
 14.5000        0.0002226658        0.0002194545        0.0002194489        0.0002175278        0.0004612800        0.0004798725        0.0005114177        0.0005386271        0.9971297057        1.0000000000
 15.0000        0.0002284528        0.0002242596        0.0002232615        0.0002201366        0.0004476454        0.0004640132        0.0004934460        0.0005189305        0.9971798544        1.0000000000
 15.5000        0.0002351506        0.0002300993        0.0002282255        0.0002239723        0.0004352051        0.0004490488        0.0004760713        0.0004995317        0.9972226953        1.0000000000
 16.0000        0.0002425516        0.0002367978        0.0002341969        0.0002289244        0.0004241931        0.0004352150        0.0004595307        0.0004806596        0.9972579308        1.0000000000
 16.5000        0.0002504226        0.0002441503        0.0002410004        0.0002348502        0.0004148247        0.0004227338        0.0004440524        0.0004625380        0.9972854274        1.0000000000
 17.0000        0.0002585127        0.0002519299        0.0002484344        0.0002415784        0.0004072938        0.0004118105        0.0004298528        0.0004453833        0.9973052042        1.0000000000
 17.5000        0.0002665613        0.0002598942        0.0002562769        0.0002489142        0.0004017695        0.0004026314        0.0004171338        0.0004294012        0.9973174174        1.0000000000
 18.0000        0.0002743073        0.0002677936        0.0002642927        0.0002566445        0.0003983937        0.0003953606        0.0004060802        0.0004147855        0.9973223418        1.0000000000
 18.5000        0.0002814973        0.0002753784        0.0002722397        0.0002645443        0.0003972788        0.0003901381        0.0003968576        0.0004017149        0.9973203509        1.0000000000
 19.0000        0.0002878940        0.0002824072        0.0002798764        0.0002723828        0.0003985061        0.0003870776        0.0003896101        0.0003903517        0.9973118941        1.0000000000
 19.5000        0.0002932845        0.0002886541        0.0002869691        0.0002799297        0.0004021241        0.0003862652        0.0003844588        0.0003808396        0.9972974750        1.0000000000
 20.0000        0.0002974870        0.0002939160        0.0002932984        0.0002869618        0.0004081479        0.0003877578        0.0003815000        0.0003733024        0.9972776287        1.0000000000
 20.5000        0.0003003572        0.0002980188        0.0002986660        0.0002932691        0.0004165588        0.0003915829        0.0003808042        0.0003678423        0.9972529007        1.0000000000
 21.0000        0.0003017932        0.0003008230        0.0003029006        0.0002986604        0.0004273042        0.0003977371        0.0003824152        0.0003645393        0.9972238270        1.0000000000
 21.5000        0.0003017387        0.0003022279        0.0003058624        0.0003029689        0.0004402982        0.0004061873        0.0003863493        0.0003634498        0.9971909175        1.0000000000
 22.0000        0.0003001853        0.0003021751        0.0003074477        0.0003060563        0.0004554225        0.0004168699        0.0003925956        0.0003646066        0.9971546409        1.0000000000
 22.5000        0.0002971732        0.0003006502        0.0003075917        0.0003078169        0.0004725281        0.0004296923        0.0004011155        0.0003680180        0.9971154141        1.0000000000
 23.0000        0.0002927897        0.0002976831        0.0003062704        0.0003081801        0.0004914367        0.0004445336        0.0004118437        0.0003736684        0.9970735943        1.0000000000
 23.5000        0.0002871671        0.0002933477        0.0003035014        0.0003071126        0.0005119434        0.0004612463        0.0004246884        0.0003815180        0.9970294751        1.0000000000
 24.0000        0.0002804783        0.0002877597        0.0002993434        0.0003046190        0.0005338193        0.0004796577        0.0004395329        0.0003915034        0.9969832863        1.0000000000
 24.5000        0.0002729321        0.0002810730        0.0002938944        0.0003007417        0.0005568139        0.0004995724        0.0004562365        0.0004035387        0.9969351973        1.0000000000
 25.0000        0.0002647662        0.0002734753        0.0002872895        0.0002955596        0.0005806590        0.0005207745        0.0004746362        0.0004175161        0.9968853236        1.0000000000
 25.5000        0.0002562403        0.0002651828        0.0002796966        0.0002891865        0.0006050716        0.0005430301        0.0004945489        0.0004333073        0.9968337361        1.0000000000
 26.0000        0.0002476282        0.0002564337        0.0002713119        0.0002817671        0.0006297578        0.0005660902        0.0005157729        0.0004507645        0.9967804737        1.0000000000
 26.5000        0.0002392091        0.0002474815        0.0002623548        0.0002734743        0.0006544165        0.0005896937        0.0005380905        0.0004697226        0.9967255568        1.0000000000
 27.0000        0.0002312593        0.0002385875        0.0002530615        0.0002645039        0.0006787431        0.0006135705        0.0005612704        0.0004900007        0.9966690031        1.0000000000
 27.5000        0.0002240434        0.0002300132        0.0002436789        0.0002550695        0.0007024336        0.0006374444        0.0005850699        0.0005114038        0.9966108433        1.0000000000
 28.0000        0.0002178069        0.0002220131        0.0002344575        0.0002453978        0.0007251880        0.0006610367        0.0006092382        0.0005337248        0.9965511370        1.0000000000
 28.5000        0.0002127679        0.0002148270        0.0002256451        0.0002357219        0.0007467148        0.0006840693        0.0006335181        0.0005567469        0.9964899890        1.0000000000
 29.0000        0.0002091109        0.0002086734        0.0002174799        0.0002262758        0.0007667337        0.0007062678        0.0006576499        0.0005802457        0.9964275629        1.0000000000
 29.5000        0.0002069810        0.0002037433        0.0002101841        0.0002172888        0.0007849801        0.0007273647        0.0006813732        0.0006039910        0.9963640937        1.0000000000
 30.0000        0.0002064795        0.0002001948        0.0002039583        0.0002089792        0.0008012077        0.0007471026        0.0007044299        0.0006277497        0.9962998983        1.0000000000
 30.5000        0.0002076603        0.0001981484        0.0001989758        0.0002015495        0.0008151917        0.0007652369        0.0007265672        0.0006512875        0.9962353825        1.0000000000
 31.0000        0.0002105289        0.0001976838        0.0001953786        0.0001951810        0.0008267322        0.0007815386        0.0007475397        0.0006743713        0.9961710458        1.0000000000
 31.5000        0.0002150411        0.0001988374        0.0001932733        0.0001900297        0.0008356559        0.0007957969        0.0007671122        0.0006967715        0.9961074820        1.0000000000
 32.0000        0.0002211047        0.0002016016        0.0001927283        0.0001862224        0.0008418189        0.0008078217        0.0007850620        0.0007182639        0.9960453766        1.0000000000
 32.5000        0.0002285817        0.0002059246        0.0001937723        0.0001838539        0.0008451084        0.0008174453        0.0008011808        0.0007386320        0.9959855011        1.0000000000
 33.0000        0.0002372919        0.0002117116        0.0001963935        0.0001829845        0.0008454442        0.0008245247        0.0008152776        0.0007576686        0.9959287033        1.0000000000
 33.5000        0.0002470182        0.0002188279        0.0002005399        0.0001836390        0.0008427802        0.0008289431        0.0008271795        0.0007751781        0.9958758942        1.0000000000
 34.0000        0.0000000373        0.0000000366        0.0000000371        0.0000000369        0.0000001241        0.0000001220        0.0000001259        0.0000001266        0.9999993535        1.0000000000
 34.5000        0.0000002664        0.0000002618        0.0000002650        0.0000002632        0.0000008943        0.0000008769        0.0000009039        0.0000009080        0.9999953605        1.0000000000
 35.0000        0.0000007041        0.0000006913        0.0000006997        0.0000006945        0.0000023887        0.0000023375        0.0000024070        0.0000024147        0.9999876625        1.0000000000
 35.5000        0.0000013450        0.0000013197        0.0000013356        0.0000013253        0.0000046240        0.0000045161        0.0000046465        0.0000046559        0.9999762317        1.0000000000
 36.0000        0.0000021780        0.0000021363        0.0000021625        0.0000021457        0.0000076096        0.0000074186        0.0000076277        0.0000076351        0.9999610865        1.0000000000
 36.5000        0.0000031866        0.0000031253        0.0000031652        0.0000031411        0.0000113476        0.0000110443        0.0000113493        0.0000113501        0.9999422903        1.0000000000
 37.0000        0.0000043493        0.0000042666        0.0000043243        0.0000042933        0.0000158328        0.0000153857        0.0000158043        0.0000157935        0.9999199503        1.0000000000
 37.5000        0.0000056405        0.0000055358        0.0000056164        0.0000055801        0.0000210524        0.0000204288        0.0000209795        0.0000209521        0.9998942144        1.0000000000
 38.0000        0.0000070305        0.0000069052        0.0000070151        0.0000069767        0.0000269869        0.0000261534        0.0000268556        0.0000268079        0.9998652688        1.0000000000
 38.5000        0.0000084868        0.0000083445        0.0000084910        0.0000084555        0.0000336094        0.0000325331        0.0000334082        0.0000333376        0.9998333340        1.0000000000
 39.0000        0.0000099750        0.0000098212        0.0000100131        0.0000099870        0.0000408866        0.0000395357        0.0000406071        0.0000405136        0.9997986607        1.0000000000
 39.5000        0.0000114592        0.0000113019        0.0000115489        0.0000115406        0.0000487789        0.0000471235        0.0000484174        0.0000483037        0.9997615257        1.0000000000
 40.0000        0.0000129035        0.0000127528        0.0000130657        0.0000130853        0.0000572406        0.0000552539        0.0000567996        0.0000566717        0.9997222269        1.0000000000
 40.5000        0.0000142726        0.0000141405        0.0000145308        0.0000145901        0.0000662208        0.0000638796        0.0000657096        0.0000655778        0.9996810783        1.0000000000
 41.0000        0.0000155328        0.0000154330        0.0000159128        0.0000160248        0.0000756634        0.0000729491        0.0000750999        0.0000749789        0.9996384053        1.0000000000
 41.5000        0.0000166530        0.0000166007        0.0000171820        0.0000173608        0.0000855083        0.0000824072        0.0000849196        0.0000848291        0.9995945394        1.0000000000
 42.0000        0.0000176053        0.0000176165        0.0000183113        0.0000185716        0.0000956912        0.0000921959        0.0000951148        0.0000950799        0.9995498134        1.0000000000
 42.5000        0.0000183661        0.0000184570        0.0000192765        0.0000196331        0.0001061453        0.0001022545        0.0001056294        0.0001056811        0.9995045569        1.0000000000
 43.0000        0.0000189162        0.0000191030        0.0000200573        0.0000205248        0.0001168007        0.0001125204        0.0001164055        0.0001165808        0.9994590914        1.0000000000
 43.5000        0.0000192417        0.0000195395        0.0000206371        0.0000212293        0.0001275863        0.0001229297        0.0001273838        0.0001277259        0.9994137266        1.0000000000
 44.0000        0.0000193345        0.0000197569        0.0000210040        0.0000217335        0.0001384296        0.0001334177        0.0001385044        0.0001390630        0.9993687563        1.0000000000
 44.5000        0.0000191921        0.0000197504        0.0000211509        0.0000220282        0.0001492579        0.0001439197        0.0001497070        0.0001505382        0.9993244556        1.0000000000
 45.0000        0.0000188179        0.0000195207        0.0000210753        0.0000221087        0.0001599987        0.0001543714        0.0001609317        0.0001620981        0.9992810774        1.0000000000
 45.5000        0.0000182213        0.0000190737        0.0000207800        0.0000219748        0.0001705807        0.0001647094        0.0001721196        0.0001736900        0.9992388505        1.0000000000
 46.0000        0.0000174175        0.0000184205        0.0000202722        0.0000216304        0.0001809342        0.0001748724        0.0001832128        0.0001852622        0.9991979777        1.0000000000
 46.5000        0.0000164269        0.0000175771        0.0000195642        0.0000210842        0.0001909922        0.0001848009        0.0001941554        0.0001967646        0.9991586344        1.0000000000
 47.0000        0.0000152750        0.0000165641        0.0000186725        0.0000203486        0.0002006904        0.0001944383        0.0002048939        0.0002081493        0.9991209677        1.0000000000
 47.5000        0.0000139916        0.0000154064        0.0000176178        0.0000194402        0.0002099686        0.0002037313        0.0002153774        0.0002193705        0.9990850961        1.0000000000
 48.0000        0.0000126103        0.0000141323        0.0000164246        0.0000183789        0.0002187706        0.0002126303        0.0002255583        0.0002303853        0.9990511094        1.0000000000
 48.5000        0.0000111676        0.0000127731        0.0000151204        0.0000171880        0.0002270453        0.0002210900        0.0002353925        0.0002411536        0.9990190694        1.0000000000
 49.0000        0.0000097023        0.0000113627        0.0000137353        0.0000158932        0.0002347472        0.0002290698        0.0002448400        0.0002516390        0.9989890105        1.0000000000
 49.5000        0.0000082545        0.0000099364        0.0000123016        0.0000145227        0.0002418364        0.0002365339        0.0002538651        0.0002618087        0.9989609406        1.0000000000
 50.0000        0.0000068647        0.0000085305        0.0000108529        0.0000131061        0.0002482800        0.0002434523        0.0002624369        0.0002716336        0.9989348431        1.0000000000
 50.5000        0.0000055730        0.0000071813        0.0000094234        0.0000116745        0.0002540516        0.0002498006        0.0002705292        0.0002810891        0.9989106774        1.0000000000
 51.0000        0.0000044181        0.0000059246        0.0000080476        0.0000102591        0.0002591323        0.0002555604        0.0002781214        0.0002901551        0.9988883814        1.0000000000
 51.5000        0.0000034367        0.0000047949        0.0000067591        0.0000088915        0.0002635112        0.0002607198        0.0002851982        0.0002988160        0.9988678727        1.0000000000
 52.0000        0.0000026625        0.0000038246        0.0000055906        0.0000076025        0.0002671851        0.0002652732        0.0002917499        0.0003070610        0.9988490505        1.0000000000
 52.5000        0.0000021255        0.0000030434        0.0000045726        0.0000064218        0.0002701596        0.0002692222        0.0002977731        0.0003148846        0.9988317971        1.0000000000
 53.0000        0.0000018514        0.0000024778        0.0000037336        0.0000053778        0.0002724488        0.0002725748        0.0003032702        0.0003222862        0.9988159794        1.0000000000
 53.5000        0.0000018611        0.0000021503        0.0000030990        0.0000044964        0.0002740760        0.0002753466        0.0003082497        0.0003292707        0.9988014502        1.0000000000
 54.0000        0.0000021701        0.0000020796        0.0000026907        0.0000038013        0.0002750735        0.0002775600        0.0003127268        0.0003358482        0.9987880497        1.0000000000
 54.5000        0.0000027884        0.0000022794        0.0000025271        0.0000033132        0.0002754835        0.0002792449        0.0003167229        0.0003420347        0.9987756059        1.0000000000
 55.0000        0.0000037200        0.0000027588        0.0000026225        0.0000030498        0.0002753576        0.0002804384        0.0003202658        0.0003478513        0.9987639358        1.0000000000
 55.5000        0.0000049631        0.0000035220        0.0000029870        0.0000030252        0.0002747574        0.0002811849        0.0003233901        0.0003533250        0.9987528451        1.0000000000
 56.0000        0.0000065099        0.0000045680        0.0000036262        0.0000032500        0.0002737548        0.0002815365        0.0003261369        0.0003584887        0.9987421289        1.0000000000
 56.5000        0.0000083468        0.0000058909        0.0000045413        0.0000037309        0.0002724320        0.0002815523        0.0003285540        0.0003633808        0.9987315710        1.0000000000
 57.0000        0.0000104548        0.0000074800        0.0000057289        0.0000044709        0.0002708816        0.0002812990        0.0003306956        0.0003680456        0.9987209436        1.0000000000
 57.5000        0.0000128097        0.0000093198        0.0000071816        0.0000054691        0.0002692072        0.0002808505        0.0003326227        0.0003725332        0.9987100060        1.0000000000
 58.0000        0.0000153825        0.0000113907        0.0000088875        0.0000067211        0.0002675235        0.0002802881        0.0003344032        0.0003768996        0.9986985039        1.0000000000
 58.5000        0.0000181404        0.0000136688        0.0000108309        0.0000082185        0.0002659563        0.0002797002        0.0003361111        0.0003812067        0.9986861672        1.0000000000
 59.0000        0.0000210466        0.0000161271        0.0000129924        0.0000099499        0.0002646431        0.0002791825        0.0003378274        0.0003855223        0.9986727087        1.0000000000
 59.5000        0.0000240620        0.0000187353        0.0000153493        0.0000119003        0.0002637336        0.0002788377        0.0003396395        0.0003899203        0.9986578220        1.0000000000
 60.0000        0.0000271451        0.0000214608        0.0000178762        0.0000140520        0.0002633896        0.0002787758        0.0003416417        0.0003944802        0.9986411786        1.0000000000
 60.5000        0.0000302532        0.0000242692        0.0000205451        0.0000163847        0.0002637858        0.0002791136        0.0003439344        0.0003992879        0.9986224260        1.0000000000
 61.0000        0.0000333432        0.0000271248        0.0000233262        0.0000188758        0.0002651104        0.0002799750        0.0003466249        0.0004044353        0.9986011845        1.0000000000
 61.5000        0.0000363722        0.0000299913        0.0000261881        0.0000215007        0.0002675653        0.0002814906        0.0003498270        0.0004100203        0.9985770445        1.0000000000
 62.0000        0.0000392984        0.0000328326        0.0000290988        0.0000242335        0.0002713672        0.0002837981        0.0003536611        0.0004161472        0.9985495632        1.0000000000
 62.5000        0.0000420820        0.0000356130        0.0000320257        0.0000270473        0.0002767483        0.0002870420        0.0003582541        0.0004229264        0.9985182614        1.0000000000
 63.0000        0.0000446857        0.0000382983        0.0000349364        0.0000299143        0.0002839569        0.0002913735        0.0003637396        0.0004304749        0.9984826204        1.0000000000
 63.5000        0.0000470757        0.0000408562        0.0000377993        0.0000328068        0.0002932588        0.0002969509        0.0003702581        0.0004389160        0.9984420783        1.0000000000
 64.0000        0.0000492220        0.0000432567        0.0000405838        0.0000356970        0.0003049383        0.0003039389        0.0003779565        0.0004483800        0.9983960268        1.0000000000
 64.5000        0.0000510993        0.0000454729        0.0000432611        0.0000385581        0.0003192994        0.0003125094        0.0003869888        0.0004590038        0.9983438073        1.0000000000
 65.0000        0.0000526872        0.0000474810        0.0000458045        0.0000413638        0.0003366675        0.0003228409        0.0003975160        0.0004709314        0.9982847076        1.0000000000
 65.5000        0.0000539708        0.0000492614        0.0000481898        0.0000440898        0.0003573909        0.0003351190        0.0004097061        0.0004843143        0.9982179579        1.0000000000
 66.0000        0.0000549410        0.0000507983        0.0000503956        0.0000467128        0.0003818428        0.0003495362        0.0004237343        0.0004993113        0.9981427277        1.0000000000
 66.5000        0.0000555949        0.0000520803        0.0000524038        0.0000492122        0.0004104231        0.0003662918        0.0004397834        0.0005160891        0.9980581213        1.0000000000
 67.0000        0.0000559356        0.0000531008        0.0000541997        0.0000515693        0.0004435614        0.0003855923        0.0004580437        0.0005348227        0.9979631745        1.0000000000
 67.5000        0.0000559726        0.0000538578        0.0000557722        0.0000537681        0.0004817186        0.0004076515        0.0004787133        0.0005556955        0.9978568502        1.0000000000
 68.0000        0.0000557216        0.0000543540        0.0000571143        0.0000557953        0.0005253908        0.0004326901        0.0005019987        0.0005789001        0.9977380351        1.0000000000
 68.5000        0.0000552046        0.0000545971        0.0000582226        0.0000576406        0.0005751117        0.0004609362        0.0005281144        0.0006046382        0.9976055345        1.0000000000
 69.0000        0.0000544493        0.0000545994        0.0000590981        0.0000592967        0.0006314569        0.0004926250        0.0005572839        0.0006331217        0.9974580689        1.0000000000
 69.5000        0.0000534894        0.0000543778        0.0000597454        0.0000607594        0.0006950472        0.0005279993        0.0005897396        0.0006645728        0.9972942692        1.0000000000
 70.0000        0.0000523637        0.0000539535        0.0000601734        0.0000620279        0.0007665533        0.0005673089        0.0006257231        0.0006992248        0.9971126714        1.0000000000
 70.5000        0.0000511163        0.0000533522        0.0000603947        0.0000631044        0.0008467002        0.0006108111        0.0006654859        0.0007373228        0.9969117125        1.0000000000
 71.0000        0.0000497956        0.0000526030        0.0000604258        0.0000639944        0.0009362731        0.0006587701        0.0007092895        0.0007791241        0.9966897245        1.0000000000
 71.5000        0.0000484540        0.0000517390        0.0000602866        0.0000647065        0.0010361224        0.0007114575        0.0007574058        0.0008248993        0.9964449289        1.0000000000
 72.0000        0.0000471477        0.0000507961        0.0000600005        0.0000652524        0.0011471703        0.0007691514        0.0008101178        0.0008749331        0.9961754308        1.0000000000
 72.5000        0.0000459356        0.0000498131        0.0000595939        0.0000656467        0.0012704178        0.0008321365        0.0008677193        0.0009295246        0.9958792124        1.0000000000
 73.0000        0.0000448790        0.0000488313        0.0000590960        0.0000659068        0.0014069516        0.0009007036        0.0009305163        0.0009889891        0.9955541261        1.0000000000
 73.5000        0.0000440411        0.0000478937        0.0000585389        0.0000660526        0.0015579529        0.0009751492        0.0009988265        0.0010536583        0.9951978868        1.0000000000
 74.0000        0.0000434862        0.0000470449        0.0000579563        0.0000661065        0.0017247053        0.0010557745        0.0010729799        0.0011238817        0.9948080647        1.0000000000
 74.5000        0.0000432791        0.0000463302        0.0000573844        0.0000660933        0.0019086047        0.0011428848        0.0011533196        0.0012000277        0.9943820763        1.0000000000
 75.0000        0.0000434848        0.0000457957        0.0000568606        0.0000660395        0.0021111689        0.0012367887        0.0012402014        0.0012824845        0.9939171758        1.0000000000
 75.5000        0.0000441679        0.0000454877        0.0000564237        0.0000659737        0.0023340488        0.0013377965        0.0013339945        0.0013716615        0.9934104458        1.0000000000
 76.0000        0.0000453916        0.0000454518        0.0000561132        0.0000659258        0.0025790393        0.0014462191        0.0014350815        0.0014679904        0.9928587874        1.0000000000
 76.5000        0.0000472180        0.0000457332        0.0000559692        0.0000659271        0.0028480913        0.0015623661        0.0015438586        0.0015719266        0.9922589098        1.0000000000
 77.0000        0.0000497072        0.0000463758        0.0000560323        0.0000660101        0.0031433245        0.0016865443        0.0016607357        0.0016839501        0.9916073201        1.0000000000
 77.5000        0.0000529168        0.0000474220        0.0000563425        0.0000662079        0.0034670402        0.0018190551        0.0017861358        0.0018045673        0.9909003123        1.0000000000
 78.0000        0.0000569021        0.0000489124        0.0000569400        0.0000665544        0.0038217346        0.0019601925        0.0019204957        0.0019343122        0.9901339562        1.0000000000
 78.5000        0.0000617152        0.0000508856        0.0000578637        0.0000670839        0.0042101126        0.0021102401        0.0020642645        0.0020737473        0.9893040871        1.0000000000
 79.0000        0.0000674055        0.0000533776        0.0000591522        0.0000678309        0.0046351013        0.0022694685        0.0022179040        0.0022234655        0.9884062945        1.0000000000
 79.5000        0.0000740188        0.0000564220        0.0000608425        0.0000688297        0.0050998635        0.0024381318        0.0023818877        0.0023840912        0.9874359128        1.0000000000
 80.0000        0.0000815979        0.0000600496        0.0000629704        0.0000701147        0.0056078103        0.0026164643        0.0025566995        0.0025562814        0.9863880119        1.0000000000
 80.5000        0.0000901821        0.0000642883        0.0000655704        0.0000717197        0.0061626133        0.0028046771        0.0027428333        0.0027407269        0.9852573888        1.0000000000
 81.0000        0.0000998077        0.0000691630        0.0000686749        0.0000736783        0.0067682154        0.0030029541        0.0029407909        0.0029381537        0.9840385621        1.0000000000
 81.5000        0.0001105076        0.0000746956        0.0000723148        0.0000760232        0.0074288392        0.0032114482        0.0031510809        0.0031493236        0.9827257668        1.0000000000
 82.0000        0.0001223122        0.0000809049        0.0000765191        0.0000787866        0.0081489935        0.0034302779        0.0033742167        0.0033750353        0.9813129537        1.0000000000
 82.5000        0.0001352489        0.0000878066        0.0000813149        0.0000819996        0.0089334770        0.0036595232        0.0036107140        0.0036161252        0.9797937905        1.0000000000
 83.0000        0.0001493431        0.0000954137        0.0000867271        0.0000856928        0.0097873767        0.0038992221        0.0038610891        0.0038734675        0.9781616678        1.0000000000
 83.5000        0.0001646181        0.0001037362        0.0000927789        0.0000898955        0.0107160635        0.0041493679        0.0041258555        0.0041479748        0.9764097096        1.0000000000
 84.0000        0.0001810958        0.0001127812        0.0000994915        0.0000946364        0.0117251807        0.0044099057        0.0044055213        0.0044405978        0.9745307896        1.0000000000
 84.5000        0.0001987972        0.0001225535        0.0001068842        0.0000999430        0.0128206263        0.0046807310        0.0047005861        0.0047523253        0.9725175533        1.0000000000
 85.0000        0.0002177431        0.0001330554        0.0001149745        0.0001058420        0.0140085283        0.0049616877        0.0050115373        0.0050841833        0.9703624485        1.0000000000
 85.5000        0.0002379544        0.0001442871        0.0001237782        0.0001123589        0.0152952104        0.0052525677        0.0053388466        0.0054372340        0.9680577627        1.0000000000
 86.0000        0.0002594531        0.0001562469        0.0001333094        0.0001195189        0.0166871491        0.0055531114        0.0056829664        0.0058125740        0.9655956707        1.0000000000
 86.5000        0.0002822629        0.0001689314        0.0001435812        0.0001273458        0.0181909201        0.0058630083        0.0060443255        0.0062113330        0.9629682919        1.0000000000
 87.0000        0.0003064100        0.0001823356        0.0001546048        0.0001358632        0.0198131327        0.0061819004        0.0064233257        0.0066346704        0.9601677571        1.0000000000
 87.5000        0.0003319239        0.0001964536        0.0001663908        0.0001450938        0.0215603540        0.0065093848        0.0068203376        0.0070837732        0.9571862883        1.0000000000
 88.0000        0.0003588386        0.0002112785        0.0001789487        0.0001550599        0.0234390195        0.0068450190        0.0072356969        0.0075598513        0.9540162877        1.0000000000
 88.5000        0.0003871928        0.0002268029        0.0001922871        0.0001657835        0.0254553326        0.0071883260        0.0076697006        0.0080641343        0.9506504401        1.0000000000
 89.0000        0.0004170319        0.0002430189        0.0002064145        0.0001772862        0.0276151525        0.0075388014        0.0081226040        0.0085978660        0.9470818246        1.0000000000
 89.5000        0.0004484081        0.0002599186        0.0002213386        0.0001895897        0.0299238704        0.0078959205        0.0085946174        0.0091622988        0.9433040378        1.0000000000
 90.0000        0.0004813819        0.0002774942        0.0002370672        0.0002027158        0.0323862776        0.0082591467        0.0090859037        0.0097586879        0.9393113250        1.0000000000
 90.5000        0.0005160230        0.0002957384        0.0002536082        0.0002166865        0.0350064252        0.0086279394        0.0095965762        0.0103882846        0.9350987185        1.0000000000
 91.0000        0.0005524116        0.0003146444        0.0002709697        0.0002315240        0.0377874796        0.0090017636        0.0101266972        0.0110523283        0.9306621815        1.0000000000
 91.5000        0.0005906397        0.0003342060        0.0002891603        0.0002472514        0.0407315761        0.0093800976        0.0106762774        0.0117520394        0.9259987522        1.0000000000
 92.0000        0.0006308116        0.0003544182        0.0003081891        0.0002638923        0.0438396745        0.0097624419        0.0112452755        0.0124886100        0.9211066869        1.0000000000
 92.5000        0.0006730460        0.0003752768        0.0003280662        0.0002814713        0.0471114207        0.0101483269        0.0118335990        0.0132631959        0.9159855972        1.0000000000
 93.0000        0.0007174765        0.0003967786        0.0003488023        0.0003000143        0.0505450195        0.0105373200        0.0124411055        0.0140769069        0.9106365764        1.0000000000
 93.5000        0.0007642535        0.0004189217        0.0003704096        0.0003195480        0.0541371219        0.0109290316        0.0130676048        0.0149307974        0.9050623114        1.0000000000
 94.0000        0.0008135449        0.0004417051        0.0003929011        0.0003401010        0.0578827336        0.0113231203        0.0137128621        0.0158258574        0.8992671745        1.0000000000
 94.5000        0.0008655376        0.0004651289        0.0004162912        0.0003617030        0.0617751473        0.0117192968        0.0143766009        0.0167630024        0.8932572919        1.0000000000
 95.0000        0.0009204388        0.0004891940        0.0004405957        0.0003843858        0.0658059037        0.0121173264        0.0150585077        0.0177430648        0.8870405831        1.0000000000
 95.5000        0.0009784774        0.0005139021        0.0004658315        0.0004081828        0.0699647855        0.0125170308        0.0157582362        0.0187667845        0.8806267693        1.0000000000
 96.0000        0.0010399047        0.0005392553        0.0004920170        0.0004331295        0.0742398440        0.0129182881        0.0164754124        0.0198348010        0.8740273479        1.0000000000
 96.5000        0.0011049959        0.0005652560        0.0005191718        0.0004592634        0.0786174637        0.0133210325        0.0172096403        0.0209476451        0.8672555313        1.0000000000
 97.0000        0.0011740512        0.0005919063        0.0005473168        0.0004866242        0.0830824605        0.0137252516        0.0179605067        0.0221057329        0.8603261498        1.0000000000
 97.5000        0.0012473965        0.0006192079        0.0005764739        0.0005152540        0.0876182160        0.0141309846        0.0187275873        0.0233093591        0.8532555207        1.0000000000
 98.0000        0.0013253842        0.0006471616        0.0006066660        0.0005451969        0.0922068430        0.0145383184        0.0195104516        0.0245586930        0.8460612854        1.0000000000
 98.5000        0.0014083940        0.0006757666        0.0006379168        0.0005764996        0.0968293787        0.0149473839        0.0203086687        0.0258537741        0.8387622178        1.0000000000
 99.0000        0.0014968330        0.0007050203        0.0006702504        0.0006092111        0.1014660016        0.0153583511        0.0211218115        0.0271945108        0.8313780102        1.0000000000
 99.5000        0.0015911360        0.0007349177        0.0007036914        0.0006433827        0.1060962658        0.0157714251        0.0219494616        0.0285806788        0.8239290409        1.0000000000
100.0000        0.0016917650        0.0007654505        0.0007382643        0.0006790680        0.1106993453        0.0161868405        0.0227912131        0.0300119222        0.8164361311        1.0000000000
100.5000        0.0017992084        0.0007966070        0.0007739932        0.0007163232        0.1152542839        0.0166048569        0.0236466761        0.0314877547        0.8089202967        1.0000000000
101.0000        0.0019139801        0.0008283713        0.0008109015        0.0007552061        0.1197402423        0.0170257539        0.0245154788        0.0330075636        0.8014025024        1.0000000000
101.5000        0.0020366173        0.0008607229        0.0008490113        0.0007957771        0.1241367377        0.0174498265        0.0253972705        0.0345706138        0.7939034230        1.0000000000
102.0000        0.0021676781        0.0008936359        0.0008883435        0.0008380980        0.1284238691        0.0178773801        0.0262917223        0.0361760533        0.7864432196        1.0000000000
102.5000        0.0023077385        0.0009270789        0.0009289166        0.0008822329        0.1325825254        0.0183087269        0.0271985280        0.0378229204        0.7790413325        1.0000000000
103.0000        0.0024573878        0.0009610147        0.0009707467        0.0009282467        0.1365945706        0.0187441812        0.0281174042        0.0395101505        0.7717162976        1.0000000000
103.5000        0.0026172238        0.0009953995        0.0010138470        0.0009762062        0.1404430057        0.0191840563        0.0290480898        0.0412365847        0.7644855872        1.0000000000
104.0000        0.0027878464        0.0010301833        0.0010582270        0.0010261786        0.1441121040        0.0196286604        0.0299903446        0.0430009783        0.7573654773        1.0000000000
104.5000        0.0029698505        0.0010653097        0.0011038925        0.0010782320        0.1475875209        0.0200782944        0.0309439483        0.0448020095        0.7503709422        1.0000000000
105.0000        0.0031638173        0.0011007157        0.0011508445        0.0011324348        0.1508563769        0.0205332482        0.0319086976        0.0466382889        0.7435155762        1.0000000000
105.5000        0.0033703045        0.0011363325        0.0011990792        0.0011888549        0.1539073165        0.0209937987        0.0328844043        0.0485083679        0.7368115415        1.0000000000
106.0000        0.0035898352        0.0011720856        0.0012485874        0.0012475599        0.1567305444        0.0214602075        0.0338708922        0.0504107477        0.7302695400        1.0000000000
106.5000        0.0038228854        0.0012078953        0.0012993544        0.0013086164        0.1593178402        0.0219327190        0.0348679940        0.0523438874        0.7238988079        1.0000000000
107.0000        0.0040698706        0.0012436777        0.0013513591        0.0013720890        0.1616625557        0.0224115581        0.0358755481        0.0543062118        0.7177071298        1.0000000000
107.5000        0.0043311305        0.0012793453        0.0014045743        0.0014380408        0.1637595965        0.0228969295        0.0368933953        0.0562961182        0.7117008697        1.0000000000
108.0000        0.0046069137        0.0013148084        0.0014589661        0.0015065317        0.1656053903        0.0233890155        0.0379213748        0.0583119832        0.7058850164        1.0000000000
108.5000        0.0048973605        0.0013499759        0.0015144943        0.0015776188        0.1671978451        0.0238879753        0.0389593213        0.0603521677        0.7002632411        1.0000000000
109.0000        0.0052024865        0.0013847568        0.0015711121        0.0016513553        0.1685362993        0.0243939436        0.0400070607        0.0624150218        0.6948379640        1.0000000000
109.5000        0.0055221649        0.0014190611        0.0016287660        0.0017277901        0.1696214652        0.0249070302        0.0410644072        0.0644988887        0.6896104266        1.0000000000
110.0000        0.0000037060        0.0000008304        0.0000009688        0.0000011429        0.9999887771        0.0000008818        0.0000007189        0.0000005930        0.0000023811        1.0000000000
110.5000        0.0001388413        0.0000297330        0.0000350422        0.0000416231        0.9995951658        0.0000309072        0.0000253369        0.0000210539        0.0000822965        1.0000000000
111.0000        0.0004849342        0.0000992493        0.0001182237        0.0001414450        0.9986365232        0.0001011326        0.0000833324        0.0000697306        0.0002654289        1.0000000000
111.5000        0.0010645266        0.0002082304        0.0002508088        0.0003023837        0.9971094382        0.0002082847        0.0001724489        0.0001452554        0.0005386234        1.0000000000
112.0000        0.0018996809        0.0003552042        0.0004327911        0.0005260345        0.9950108595        0.0003492458        0.0002904490        0.0002461711        0.0008895639        1.0000000000
112.5000        0.0030115495        0.0005384122        0.0006638628        0.0008137974        0.9923384897        0.0005210489        0.0004351223        0.0003709437        0.0013067735        1.0000000000
113.0000        0.0044199188        0.0007558499        0.0009434183        0.0011668623        0.9890912099        0.0007208716        0.0006042920        0.0005179750        0.0017796022        1.0000000000
113.5000        0.0061427387        0.0010053123        0.0012705642        0.0015861945        0.9852695209        0.0009460296        0.0007958204        0.0006856144        0.0022982049        1.0000000000
114.0000        0.0081956519        0.0012844399        0.0016441321        0.0020725225        0.9808759859        0.0011939704        0.0010076136        0.0008721706        0.0028535130        1.0000000000
114.5000        0.0105915397        0.0015907657        0.0020626972        0.0026263273        0.9759156565        0.0014622665        0.0012376249        0.0010759223        0.0034371999        1.0000000000
115.0000        0.0133401007        0.0019217619        0.0025245996        0.0032478335        0.9703964652        0.0017486087        0.0014838573        0.0012951288        0.0040416442        1.0000000000
115.5000        0.0164474807        0.0022748838        0.0030279701        0.0039370036        0.9643295658        0.0020507994        0.0017443666        0.0015280396        0.0046598903        1.0000000000
116.0000        0.0199159689        0.0026476107        0.0035707590        0.0046935339        0.9577296064        0.0023667472        0.0020172622        0.0017729032        0.0052856086        1.0000000000
116.5000        0.0237437760        0.0030374835        0.0041507666        0.0055168548        0.9506149184        0.0026944601        0.0023007091        0.0020279754        0.0059130561        1.0000000000
117.0000        0.0279249063        0.0034421368        0.0047656765        0.0064061335        0.9430076124        0.0030320405        0.0025929288        0.0022915277        0.0065370375        1.0000000000
117.5000        0.0324491304        0.0038593268        0.0054130891        0.0073602803        0.9349335708        0.0033776801        0.0028921999        0.0025618537        0.0071528690        1.0000000000
118.0000        0.0373020634        0.0042869540        0.0060905555        0.0083779585        0.9264223354        0.0037296550        0.0031968590        0.0028372766        0.0077563427        1.0000000000
118.5000        0.0424653467        0.0047230803        0.0067956113        0.0094575978        0.9175068912        0.0040863218        0.0035053015        0.0031161550        0.0083436945        1.0000000000
119.0000        0.0479169275        0.0051659422        0.0075258087        0.0105974107        0.9082233526        0.0044461140        0.0038159821        0.0033968887        0.0089115735        1.0000000000
119.5000        0.0536314248        0.0056139587        0.0082787473        0.0117954129        0.8986105633        0.0048075384        0.0041274156        0.0036779245        0.0094570146        1.0000000000
120.0000        0.0595805680        0.0060657352        0.0090521020        0.0130494456        0.8887096247        0.0051691729        0.0044381775        0.0039577614        0.0099774127        1.0000000000
120.5000        0.0657336911        0.0065200643        0.0098436488        0.0143572008        0.8785633702        0.0055296638        0.0047469052        0.0042349551        0.0104705007        1.0000000000
121.0000        0.0720582613        0.0069759229        0.0106512866        0.0157162492        0.8682158060        0.0058877241        0.0050522989        0.0045081230        0.0109343280        1.0000000000
121.5000        0.0785204257        0.0074324666        0.0114730567        0.0171240682        0.8577115363        0.0062421325        0.0053531227        0.0047759485        0.0113672430        1.0000000000
122.0000        0.0911351804        0.0000000582        0.0000001697        0.0000004698        0.9088638990        0.0000000379        0.0000000386        0.0000000396        0.0000001066        1.0000000000
122.5000        0.0972115047        0.0000070654        0.0000203906        0.0000566299        0.9026783214        0.0000044657        0.0000045539        0.0000046781        0.0000123902        1.0000000000
123.0000        0.1032788110        0.0000258236        0.0000737742        0.0002054936        0.8963241366        0.0000158364        0.0000161611        0.0000166238        0.0000433397        1.0000000000
123.5000        0.1093059071        0.0000564423        0.0001595698        0.0004456062        0.8898387490        0.0000335659        0.0000342727        0.0000352928        0.0000905943        1.0000000000
124.0000        0.1152626094        0.0000990427        0.0002770189        0.0007752492        0.8832586588        0.0000570866        0.0000583096        0.0000600971        0.0001519277        1.0000000000
124.5000        0.1211200651        0.0001537553        0.0004253656        0.0011924693        0.8766191092        0.0000858465        0.0000877007        0.0000904469        0.0002252414        1.0000000000
125.0000        0.1268510215        0.0002207172        0.0006038643        0.0016951083        0.8699537858        0.0001193084        0.0001218838        0.0001257517        0.0003085588        1.0000000000
125.5000        0.1324300406        0.0003000705        0.0008117868        0.0022808330        0.8632945695        0.0001569495        0.0001603058        0.0001654235        0.0004000209        1.0000000000
126.0000        0.1378336601        0.0003919589        0.0010484277        0.0029471657        0.8566713434        0.0001982611        0.0002024237        0.0002088777        0.0004978817        1.0000000000
126.5000        0.1430405049        0.0004965262        0.0013131080        0.0036915142        0.8501118507        0.0002427486        0.0002477054        0.0002555366        0.0006005053        1.0000000000
127.0000        0.1480313523        0.0006139135        0.0016051786        0.0045111999        0.8436415989        0.0002899318        0.0002956310        0.0003048308        0.0007063632        1.0000000000
127.5000        0.1527891570        0.0007442570        0.0019240210        0.0054034848        0.8372838067        0.0003393449        0.0003456935        0.0003562023        0.0008140327        1.0000000000
128.0000        0.1572990412        0.0008876860        0.0022690478        0.0063655963        0.8310593884        0.0003905376        0.0003974010        0.0004091068        0.0009221949        1.0000000000
128.5000        0.1615482556        0.0010443202        0.0026397022        0.0073947494        0.8249869691        0.0004430752        0.0004502773        0.0004630164        0.0010296345        1.0000000000
129.0000        0.1655261183        0.0012142683        0.0030354564        0.0084881664        0.8190829258        0.0004965399        0.0005038643        0.0005174220        0.0011352387        1.0000000000
129.5000        0.1692239352        0.0013976251        0.0034558087        0.0096430935        0.8133614497        0.0005505314        0.0005577230        0.0005718364        0.0012379969        1.0000000000
130.0000        0.1726349077        0.0015944703        0.0039002810        0.0108568151        0.8078346244        0.0006046682        0.0006114358        0.0006257969        0.0013370007        1.0000000000
130.5000        0.1757540330        0.0018048659        0.0043684146        0.0121266639        0.8025125150        0.0006585887        0.0006646079        0.0006788675        0.0014314435        1.0000000000
131.0000        0.1785779993        0.0020288546        0.0048597663        0.0134500295        0.7974032660        0.0007119525        0.0007168692        0.0007306420        0.0015206206        1.0000000000
131.5000        0.1811050792        0.0022664578        0.0053739036        0.0148243634        0.7925132035        0.0007644412        0.0007678762        0.0007807460        0.0016039290        1.0000000000
132.0000        0.1833350258        0.0025176738        0.0059104000        0.0162471812        0.7878469391        0.0008157604        0.0008173137        0.0008288395        0.0016808666        1.0000000000
132.5000        0.1852689700        0.0027824759        0.0064688294        0.0177160630        0.7834074751        0.0008656402        0.0008648960        0.0008746189        0.0017510315        1.0000000000
133.0000        0.1869093243        0.0030608106        0.0070487616        0.0192286510        0.7791963065        0.0009138369        0.0009103692        0.0009178189        0.0018141212        1.0000000000
133.5000        0.1882596911        0.0033525961        0.0076497561        0.0207826455        0.7752135212        0.0009601338        0.0009535118        0.0009582140        0.0018699304        1.0000000000
134.0000        0.1893247781        0.0036577203        0.0082713574        0.0223757991        0.7714578968        0.0010043424        0.0009941365        0.0009956200        0.0019183494        1.0000000000
134.5000        0.1901103197        0.0039760395        0.0089130890        0.0240059095        0.7679269924        0.0010463033        0.0010320907        0.0010298948        0.0019593610        1.0000000000
135.0000        0.1906230061        0.0043073766        0.0095744491        0.0256708112        0.7646172368        0.0010858868        0.0010672573        0.0010609391        0.0019930371        1.0000000000
135.5000        0.1908704178        0.0046515197        0.0102549046        0.0273683662        0.7615240119        0.0011229934        0.0010995553        0.0010886964        0.0020195347        1.0000000000
136.0000        0.1908609677        0.0050082207        0.0109538869        0.0290964545        0.7586417322        0.0011575543        0.0011289399        0.0011131528        0.0020390911        1.0000000000
136.5000        0.1906038474        0.0053771939        0.0116707872        0.0308529640        0.7559639197        0.0011895312        0.0011554018        0.0011343363        0.0020520185        1.0000000000
137.0000        0.1901089800        0.0057581152        0.0124049522        0.0326357806        0.7534832759        0.0012189164        0.0011789670        0.0011523154        0.0020586972        1.0000000000
137.5000        0.1893869764        0.0061506207        0.0131556803        0.0344427782        0.7511917502        0.0012457319        0.0011996959        0.0011671973        0.0020595691        1.0000000000
138.0000        0.1884490956        0.0065543059        0.0139222180        0.0362718094        0.7490806050        0.0012700290        0.0012176813        0.0011791260        0.0020551298        1.0000000000
138.5000        0.1873072078        0.0069687251        0.0147037573        0.0381206965        0.7471404800        0.0012918869        0.0012330473        0.0011882790        0.0020459203        1.0000000000
139.0000        0.1859737595        0.0073933911        0.0154994326        0.0399872241        0.7453614530        0.0013114112        0.0012459463        0.0011948643        0.0020325179        1.0000000000
139.5000        0.1844617399        0.0078277745        0.0163083195        0.0418691316        0.7437331012        0.0013287324        0.0012565570        0.0011991169        0.0020155269        1.0000000000
140.0000        0.1827846473        0.0082713042        0.0171294328        0.0437641078        0.7422445601        0.0013440032        0.0012650812        0.0012012942        0.0019955691        1.0000000000
140.5000        0.1809564553        0.0087233673        0.0179617260        0.0456697863        0.7408845832        0.0013573968        0.0012717403        0.0012016716        0.0019732733        1.0000000000
141.0000        0.1789915772        0.0091833097        0.0188040916        0.0475837422        0.7396416015        0.0013691034        0.0012767713        0.0012005379        0.0019492652        1.0000000000
141.5000        0.1769048290        0.0096504374        0.0196553611        0.0495034912        0.7385037831        0.0013793275        0.0012804235        0.0011981897        0.0019241574        1.0000000000
142.0000        0.1747113890        0.0101240171        0.0205143070        0.0514264890        0.7374590939        0.0013882846        0.0012829537        0.0011949263        0.0018985394        1.0000000000
142.5000        0.0000025885        0.0127621574        0.0257689540        0.0643746670        0.8900971787        0.0016979138        0.0015634218        0.0014505316        0.0022825872        1.0000000000
143.0000        0.0000308643        0.0131801390        0.0265765939        0.0662744847        0.8868609188        0.0017285966        0.0015876983        0.0014688379        0.0022918666        1.0000000000
143.5000        0.0000882227        0.0135949983        0.0273752614        0.0681464389        0.8836428198        0.0017579926        0.0016105092        0.0014855032        0.0022982539        1.0000000000
144.0000        0.0001720834        0.0140065187        0.0281646505        0.0699899772        0.8804465886        0.0017860660        0.0016318245        0.0015005083        0.0023017828        1.0000000000
144.5000        0.0002798682        0.0144145116        0.0289445112        0.0718046908        0.8772756804        0.0018127834        0.0016516183        0.0015138389        0.0023024971        1.0000000000
145.0000        0.0004090010        0.0148188155        0.0297146458        0.0735903023        0.8741333149        0.0018381145        0.0016698690        0.0015254869        0.0023004501        1.0000000000
145.5000        0.0005569087        0.0152192936        0.0304749047        0.0753466556        0.8710224897        0.0018620323        0.0016865595        0.0015354499        0.0022957062        1.0000000000
146.0000        0.0007210231        0.0156158324        0.0312251830        0.0770737051        0.8679459921        0.0018845136        0.0017016779        0.0015437325        0.0022883403        1.0000000000
146.5000        0.0008987849        0.0160083402        0.0319654171        0.0787715054        0.8649064101        0.0019055394        0.0017152178        0.0015503461        0.0022784390        1.0000000000
147.0000        0.0010876484        0.0163967454        0.0326955811        0.0804402017        0.8619061404        0.0019250951        0.0017271786        0.0015553094        0.0022661001        1.0000000000
147.5000        0.0012850875        0.0167809948        0.0334156832        0.0820800207        0.8589473956        0.0019431709        0.0017375660        0.0015586486        0.0022514327        1.0000000000
148.0000        0.0014886039        0.0171610524        0.0341257630        0.0836912608        0.8560322102        0.0019597626        0.0017463921        0.0015603975        0.0022345575        1.0000000000
148.5000        0.0016957354        0.0175368978        0.0348258878        0.0852742843        0.8531624443        0.0019748709        0.0017536757        0.0015605979        0.0022156058        1.0000000000
149.0000        0.0019040665        0.0179085246        0.0355161496        0.0868295081        0.8503397872        0.0019885029        0.0017594427        0.0015592991        0.0021947193        1.0000000000
149.5000        0.0021112398        0.0182759389        0.0361966622        0.0883573961        0.8475657586        0.0020006711        0.0017637257        0.0015565582        0.0021720493        1.0000000000
150.0000        0.0023149684        0.0186391580        0.0368675580        0.0898584514        0.8448417100        0.0020113947        0.0017665643        0.0015524396        0.0021477556        1.0000000000
150.5000        0.0025130493        0.0189982088        0.0375289848        0.0913332083        0.8421688247        0.0020206986        0.0017680050        0.0015470148        0.0021220056        1.0000000000
151.0000        0.0027033785        0.0193531264        0.0381811035        0.0927822254        0.8395481168        0.0020286142        0.0017681009        0.0015403616        0.0020949726        1.0000000000
151.5000        0.0028839651        0.0197039528        0.0388240844        0.0942060786        0.8369804304        0.0020351787        0.0017669114        0.0015325640        0.0020668346        1.0000000000
152.0000        0.0030529473        0.0200507351        0.0394581052        0.0956053540        0.8344664380        0.0020404354        0.0017645016        0.0015237110        0.0020377724        1.0000000000
152.5000        0.0032086084        0.0203935244        0.0400833476        0.0969806421        0.8320066386        0.0020444331        0.0017609422        0.0015138958        0.0020079678        1.0000000000
153.0000        0.0033493917        0.0207323745        0.0406999949        0.0983325313        0.8296013565        0.0020472258        0.0017563082        0.0015032152        0.0019776019        1.0000000000
153.5000        0.0034739169        0.0210673402        0.0413082295        0.0996616021        0.8272507394        0.0020488721        0.0017506787        0.0014917682        0.0019468530        1.0000000000
154.0000        0.0035809939        0.0213984760        0.0419082301        0.1009684221        0.8249547575        0.0020494349        0.0017441359        0.0014796549        0.0019158946        1.0000000000
154.5000        0.0036696376        0.0217258351        0.0425001697        0.1022535405        0.8227132032        0.0020489805        0.0017367641        0.0014669757        0.0018848936        1.0000000000
155.0000        0.0037390796        0.0220494679        0.0430842129        0.1035174839        0.8205256911        0.0020475780        0.0017286486        0.0014538297        0.0018540083        1.0000000000
155.5000        0.0037887799        0.0223694210        0.0436605143        0.1047607518        0.8183916592        0.0020452982        0.0017198751        0.0014403136        0.0018233868        1.0000000000
156.0000        0.0038184356        0.0226857359        0.0442292162        0.1059838134        0.8163103714        0.0020422132        0.0017105284        0.0014265207        0.0017931653        1.0000000000
156.5000        0.0038279876        0.0229984480        0.0447904469        0.1071871037        0.8142809210        0.0020383952        0.0017006912        0.0014125398        0.0017634668        1.0000000000
157.0000        0.0038176250        0.0233075858        0.0453443193        0.1083710215        0.8123022354        0.0020339157        0.0016904433        0.0013984540        0.0017343999        1.0000000000
157.5000        0.0037877865        0.0236131702        0.0458909296        0.1095359272        0.8103730829        0.0020288446        0.0016798609        0.0013843398        0.0017060584        1.0000000000
158.0000        0.0037391583        0.0239152131        0.0464303560        0.1106821411        0.8084920807        0.0020232491        0.0016690149        0.0013702666        0.0016785202        1.0000000000
158.5000        0.0036726692        0.0242137177        0.0469626583        0.1118099427        0.8066577043        0.0020171932        0.0016579712        0.0013562957        0.0016518476        1.0000000000
159.0000        0.0035894819        0.0245086777        0.0474878771        0.1129195704        0.8048682993        0.0020107368        0.0016467891        0.0013424803        0.0016260874        1.0000000000
159.5000        0.0034909808        0.0248000766        0.0480060338        0.1140112223        0.8031220943        0.0020039348        0.0016355213        0.0013288650        0.0016012712        1.0000000000
160.0000        0.0000005346        0.0251727399        0.0486809143        0.1154734420        0.8041364163        0.0020039638        0.0016298557        0.0013198508        0.0015822826        1.0000000000
160.5000        0.0000064058        0.0254535178        0.0491778026        0.1165130623        0.8023699431        0.0019970456        0.0016184434        0.0013060968        0.0015576826        1.0000000000
161.0000        0.0000183698        0.0257293107        0.0496656066        0.1175320620        0.8006321551        0.0019896197        0.0016067637        0.0012923597        0.0015337527        1.0000000000
161.5000        0.0000358870        0.0260001460        0.0501444427        0.1185308701        0.7989228362        0.0019817197        0.0015948589        0.0012786867        0.0015105527        1.0000000000
162.0000        0.0000583552        0.0262660579        0.0506144358        0.1195099237        0.7972418088        0.0019733809        0.0015827719        0.0012651250        0.0014881409        1.0000000000
162.5000        0.0000851166        0.0265270866        0.0510757185        0.1204696671        0.7955889297        0.0019646400        0.0015705469        0.0012517218        0.0014665727        1.0000000000
163.0000        0.0001154662        0.0267832787        0.0515284312        0.1214105508        0.7939640845        0.0019555351        0.0015582289        0.0012385241        0.0014459005        1.0000000000
163.5000        0.0001486612        0.0270346862        0.0519727212        0.1223330293        0.7923671822        0.0019461056        0.0015458631        0.0012255780        0.0014261732        1.0000000000
164.0000        0.0001839316        0.0272813669        0.0524087417        0.1232375603        0.7907981487        0.0019363922        0.0015334952        0.0012129283        0.0014074350        1.0000000000
164.5000        0.0002204918        0.0275233834        0.0528366517        0.1241246023        0.7892569198        0.0019264365        0.0015211708        0.0012006186        0.0013897252        1.0000000000
165.0000        0.0002575525        0.0277608031        0.0532566143        0.1249946132        0.7877434343        0.0019162806        0.0015089348        0.0011886900        0.0013730774        1.0000000000
165.5000        0.0002943333        0.0279936973        0.0536687963        0.1258480477        0.7862576266        0.0019059672        0.0014968313        0.0011771814        0.0013575188        1.0000000000
166.0000        0.0003300757        0.0282221411        0.0540733669        0.1266853560        0.7847994191        0.0018955391        0.0014849032        0.0011661286        0.0013430703        1.0000000000
166.5000        0.0003640557        0.0284462122        0.0544704967        0.1275069810        0.7833687154        0.0018850384        0.0014731912        0.0011555640        0.0013297453        1.0000000000
167.0000        0.0003955966        0.0286659909        0.0548603563        0.1283133563        0.7819653926        0.0018745068        0.0014617343        0.0011455161        0.0013175501        1.0000000000
167.5000        0.0004240809        0.0288815588        0.0552431152        0.1291049042        0.7805892950        0.0018639846        0.0014505684        0.0011360095        0.0013064834        1.0000000000
168.0000        0.0004489618        0.0290929985        0.0556189409        0.1298820336        0.7792402278        0.0018535105        0.0014397265        0.0011270640        0.0012965364        1.0000000000
168.5000        0.0004697731        0.0293003927        0.0559879970        0.1306451376        0.7779179514        0.0018431213        0.0014292382        0.0011186953        0.0012876934        1.0000000000
169.0000        0.0004861382        0.0295038235        0.0563504425        0.1313945919        0.7766221772        0.0018328515        0.0014191295        0.0011109141        0.0012799315        1.0000000000
169.5000        0.0004977774        0.0297033715        0.0567064307        0.1321307533        0.7753525636        0.0018227327        0.0014094226        0.0011037267        0.0012732215        1.0000000000
170.0000        0.0005045130        0.0298991154        0.0570561077        0.1328539577        0.7741087137        0.0018127937        0.0014001355        0.0010971346        0.0012675286        1.0000000000
170.5000        0.0005062734        0.0300911309        0.0573996115        0.1335645194        0.7728901738        0.0018030601        0.0013912824        0.0010911353        0.0012628132        1.0000000000
171.0000        0.0005030939        0.0302794903        0.0577370716        0.1342627298        0.7716964332        0.0017935540        0.0013828735        0.0010857223        0.0012590314        1.0000000000
171.5000        0.0004951160        0.0304642620        0.0580686075        0.1349488570        0.7705269260        0.0017842943        0.0013749152        0.0010808854        0.0012561366        1.0000000000
172.0000        0.0004825843        0.0306455096        0.0583943288        0.1356231454        0.7693810335        0.0017752966        0.0013674103        0.0010766115        0.0012540799        1.0000000000
172.5000        0.0004658409        0.0308232918        0.0587143342        0.1362858163        0.7682580884        0.0017665729        0.0013603587        0.0010728851        0.0012528118        1.0000000000
173.0000        0.0004453177        0.0309976617        0.0590287118        0.1369370680        0.7671573802        0.0017581325        0.0013537572        0.0010696887        0.0012522823        1.0000000000
173.5000        0.0004215266        0.0311686668        0.0593375388        0.1375770770        0.7660781622        0.0017499818        0.0013476004        0.0010670034        0.0012524429        1.0000000000
174.0000        0.0003950478        0.0313363491        0.0596408818        0.1382059996        0.7650196591        0.0017421247        0.0013418814        0.0010648101        0.0012532464        1.0000000000
174.5000        0.0003665164        0.0315007443        0.0599387971        0.1388239733        0.7639810765        0.0017345632        0.0013365916        0.0010630892        0.0012546483        1.0000000000
175.0000        0.0003366074        0.0316618828        0.0602313317        0.1394311194        0.7629616103        0.0017272976        0.0013317220        0.0010618219        0.0012566070        1.0000000000
175.5000        0.0003060196        0.0318197893        0.0605185237        0.1400275451        0.7619604574        0.0017203272        0.0013272634        0.0010609901        0.0012590841        1.0000000000
176.0000        0.0002754592        0.0319744835        0.0608004038        0.1406133468        0.7609768269        0.0017136506        0.0013232070        0.0010605772        0.0012620449        1.0000000000
176.5000        0.0002456225        0.0321259805        0.0610769964        0.1411886128        0.7600099509        0.0017072663        0.0013195445        0.0010605682        0.0012654578        1.0000000000
177.0000        0.0002171789        0.0322742915        0.0613483211        0.1417534266        0.7590590956        0.0017011733        0.0013162691        0.0010609496        0.0012692944        1.0000000000
177.5000        0.0001907547        0.0324194242        0.0616143941        0.1423078704        0.7581235719        0.0016953710        0.0013133749        0.0010617098        0.0012735291        1.0000000000
178.0000        0.0001669172        0.0325613842        0.0618752302        0.1428520286        0.7572027451        0.0016898601        0.0013108578        0.0010628387        0.0012781381        1.0000000000
178.5000        0.0001461608        0.0327001754        0.0621308444        0.1433859906        0.7562960442        0.0016846426        0.0013087151        0.0010643278        0.0012830991        1.0000000000
179.0000        0.0001288946        0.0328358014        0.0623812535        0.1439098544        0.7554029688        0.0016797220        0.0013069457        0.0010661691        0.0012883905        1.0000000000
179.5000        0.0001154320        0.0329682660        0.0626264783        0.1444237296        0.7545230957        0.0016751030        0.0013055494        0.0010683557        0.0012939902        1.0000000000
180.0000        0.0001059826        0.0330975749        0.0628665450        0.1449277397        0.7536560829        0.0016707922        0.0013045273        0.0010708803        0.0012998750        1.0000000000
180.5000        0.0001006475        0.0332237362        0.0631014867        0.1454220244        0.7528016720        0.0016667973        0.0013038805        0.0010737354        0.0013060200        1.0000000000
181.0000        0.0000994166        0.0333467615        0.0633313453        0.1459067415        0.7519596879        0.0016631267        0.0013036106        0.0010769121        0.0013123977        1.0000000000
181.5000        0.0001021693        0.0334666672        0.0635561723        0.1463820677        0.7511300375        0.0016597900        0.0013037184        0.0010804001        0.0013189775        1.0000000000
182.0000        0.0001086781        0.0335834747        0.0637760298        0.1468481997        0.7503127049        0.0016567966        0.0013042036        0.0010841868        0.0013257257        1.0000000000
182.5000        0.0001186156        0.0336972118        0.0639909915        0.1473053534        0.7495077452        0.0016541557        0.0013050645        0.0010882573        0.0013326050        1.0000000000
183.0000        0.0000000056        0.0338123220        0.0642095833        0.1477732507        0.7488137957        0.0016521061        0.0013064741        0.0010927322        0.0013397302        1.0000000000
183.5000        0.0000006656        0.0339202532        0.0644160600        0.1482159851        0.7480447940        0.0016503324        0.0013081197        0.0010972544        0.0013465355        1.0000000000
184.0000        0.0000023641        0.0340254584        0.0646182202        0.1486508058        0.7472888998        0.0016488998        0.0013100790        0.0011019591        0.0013533137        1.0000000000
184.5000        0.0000049946        0.0341279782        0.0648161400        0.1490778905        0.7465459933        0.0016478060        0.0013123396        0.0011068256        0.0013600322        1.0000000000
185.0000        0.0000084259        0.0342278549        0.0650098979        0.1494974198        0.7458159746        0.0016470479        0.0013148881        0.0011118323        0.0013666585        1.0000000000
185.5000        0.0000125058        0.0343251324        0.0651995752        0.1499095769        0.7450987602        0.0016466215        0.0013177100        0.0011169573        0.0013731608        1.0000000000
186.0000        0.0000170655        0.0344198565        0.0653852553        0.1503145468        0.7443942788        0.0016465214        0.0013207898        0.0011221778        0.0013795081        1.0000000000
186.5000        0.0000219252        0.0345120746        0.0655670242        0.1507125153        0.7437024668        0.0016467413        0.0013241110        0.0011274710        0.0013856707        1.0000000000
187.0000        0.0000268993        0.0346018357        0.0657449693        0.1511036681        0.7430232642        0.0016472733        0.0013276559        0.0011328137        0.0013916205        1.0000000000
187.5000        0.0000318023        0.0346891904        0.0659191793        0.1514881893        0.7423566097        0.0016481086        0.0013314060        0.0011381830        0.0013973314        1.0000000000
188.0000        0.0000364548        0.0347741903        0.0660897437        0.1518662603        0.7417024360        0.0016492370        0.0013353423        0.0011435561        0.0014027795        1.0000000000
188.5000        0.0000406890        0.0348568883        0.0662567518        0.1522380584        0.7410606660        0.0016506471        0.0013394450        0.0011489109        0.0014079435        1.0000000000
189.0000        0.0000443541        0.0349373375        0.0664202924        0.1526037556        0.7404312085        0.0016523263        0.0013436943        0.0011542262        0.0014128050        1.0000000000
189.5000        0.0000473217        0.0350155916        0.0665804525        0.1529635168        0.7398139553        0.0016542615        0.0013480701        0.0011594819        0.0014173486        1.0000000000
190.0000        0.0000494894        0.0350917036        0.0667373172        0.1533174992        0.7392087782        0.0016564385        0.0013525527        0.0011646592        0.0014215621        1.0000000000
190.5000        0.0000507849        0.0351657262        0.0668909682        0.1536658509        0.7386155273        0.0016588428        0.0013571228        0.0011697408        0.0014254362        1.0000000000
191.0000        0.0000511681        0.0352377108        0.0670414836        0.1540087099        0.7380340305        0.0016614596        0.0013617617        0.0011747111        0.0014289649        1.0000000000
191.5000        0.0000506324        0.0353077071        0.0671889372        0.1543462037        0.7374640926        0.0016642741        0.0013664517        0.0011795563        0.0014321448        1.0000000000
192.0000        0.0000492055        0.0353757630        0.0673333978        0.1546784489        0.7369054973        0.0016672714        0.0013711763        0.0011842644        0.0014349753        1.0000000000
192.5000        0.0000469478        0.0354419236        0.0674749288        0.1550055510        0.7363580085        0.0016704375        0.0013759200        0.0011888249        0.0014374579        1.0000000000
193.0000        0.0000439506        0.0355062315        0.0676135878        0.1553276046        0.7358213731        0.0016737585        0.0013806686        0.0011932291        0.0014395961        1.0000000000
193.5000        0.0000403330        0.0355687260        0.0677494268        0.1556446941        0.7352953252        0.0016772215        0.0013854092        0.0011974697        0.0014413945        1.0000000000
194.0000        0.0000362367        0.0356294432        0.0678824919        0.1559568944        0.7347795898        0.0016808143        0.0013901301        0.0012015405        0.0014428590        1.0000000000
194.5000        0.0000318215        0.0356884156        0.0680128237        0.1562642721        0.7342738881        0.0016845257        0.0013948207        0.0012054366        0.0014439962        1.0000000000
195.0000        0.0000272587        0.0357456724        0.0681404575        0.1565668868        0.7337779421        0.0016883451        0.0013994712        0.0012091535        0.0014448127        1.0000000000
195.5000        0.0000227246        0.0358012396        0.0682654239        0.1568647926        0.7332914808        0.0016922628        0.0014040728        0.0012126876        0.0014453153        1.0000000000
196.0000        0.0000183933        0.0358551398        0.0683877498        0.1571580401        0.7328142443        0.0016962699        0.0014086172        0.0012160351        0.0014455105        1.0000000000
196.5000        0.0000144300        0.0359073929        0.0685074587        0.1574466779        0.7323459894        0.0017003578        0.0014130962        0.0012191926        0.0014454046        1.0000000000
197.0000        0.0000109835        0.0359580162        0.0686245718        0.1577307545        0.7318864934        0.0017045183        0.0014175020        0.0012221566        0.0014450037        1.0000000000
197.5000        0.0000081806        0.0360070250        0.0687391093        0.1580103204        0.7314355579        0.0017087434        0.0014218266        0.0012249234        0.0014443135        1.0000000000
198.0000        0.0000061203        0.0360544332        0.0688510908        0.1582854289        0.7309930110        0.0017130250        0.0014260617        0.0012274891        0.0014433400        1.0000000000
198.5000        0.0000048692        0.0361002538        0.0689605368        0.1585561383        0.7305587092        0.0017173547        0.0014301988        0.0012298498        0.0014420894        1.0000000000
199.0000        0.0000044587        0.0361444995        0.0690674696        0.1588225126        0.7301325370        0.0017217237        0.0014342290        0.0012320014        0.0014405685        1.0000000000
199.5000        0.0000048832        0.0361871832        0.0691719139        0.1590846221        0.7297144067        0.0017261226        0.0014381429        0.0012339404        0.0014387852        1.0000000000
200.0000        0.0000060998        0.0362283190        0.0692738974        0.1593425444        0.7293042553        0.0017305413        0.0014419312        0.0012356632        0.0014367484        1.0000000000
200.5000        0.0000080306        0.0362679222        0.0693734521        0.1595963637        0.7289020420        0.0017349694        0.0014455840        0.0012371672        0.0014344689        1.0000000000
201.0000        0.0000105653        0.0363060102        0.0694706136        0.1598461708        0.7285077430        0.0017393955        0.0014490921        0.0012384506        0.0014319590        1.0000000000
201.5000        0.0000135664        0.0363426027        0.0695654220        0.1600920620        0.7281213470        0.0017438079        0.0014524460        0.0012395128        0.0014292330        1.0000000000
202.0000        0.0000168755        0.0363777221        0.0696579217        0.1603341382        0.7277428488        0.0017481946        0.0014556374        0.0012403546        0.0014263072        1.0000000000
202.5000        0.0000203207        0.0364113934        0.0697481605        0.1605725029        0.7273722431        0.0017525434        0.0014586583        0.0012409782        0.0014231994        1.0000000000
203.0000        0.0000237245        0.0364436445        0.0698361900        0.1608072607        0.7270095190        0.0017568423        0.0014615023        0.0012413876        0.0014199292        1.0000000000
203.5000        0.0000269127        0.0364745060        0.0699220639        0.1610385153        0.7266546530        0.0017610797        0.0014641639        0.0012415882        0.0014165172        1.0000000000
204.0000        0.0000297234        0.0365040108        0.0700058379        0.1612663674        0.7263076045        0.0017652446        0.0014666395        0.0012415873        0.0014129849        1.0000000000
204.5000        0.0000320144        0.0365321938        0.0700875679        0.1614909125        0.7259683110        0.0017693268        0.0014689266        0.0012413931        0.0014093540        1.0000000000
205.0000        0.0000336715        0.0365590915        0.0701673095        0.1617122392        0.7256366847        0.0017733175        0.0014710247        0.0012410153        0.0014056460        1.0000000000
205.5000        0.0000346139        0.0365847414        0.0702451166        0.1619304277        0.7253126108        0.0017772090        0.0014729344        0.0012404645        0.0014018817        1.0000000000
206.0000        0.0000347991        0.0366091809        0.0703210402        0.1621455479        0.7249959467        0.0017809949        0.0014746580        0.0012397516        0.0013980807        1.0000000000
206.5000        0.0000342253        0.0366324471        0.0703951274        0.1623576590        0.7246865233        0.0017846701        0.0014761988        0.0012388879        0.0013942611        1.0000000000
207.0000        0.0000329316        0.0366545761        0.0704674207        0.1625668090        0.7243841474        0.0017882310        0.0014775609        0.0012378842        0.0013904390        1.0000000000
207.5000        0.0000309961        0.0366756019        0.0705379572        0.1627730347        0.7240886060        0.0017916750        0.0014787489        0.0012367513        0.0013866288        1.0000000000
208.0000        0.0000285323        0.0366955562        0.0706067679        0.1629763619        0.7237996712        0.0017950005        0.0014797680        0.0012354990        0.0013828429        1.0000000000
208.5000        0.0000256821        0.0367144676        0.0706738781        0.1631768076        0.7235171069        0.0017982066        0.0014806231        0.0012341362        0.0013790919        1.0000000000
209.0000        0.0000226089        0.0367323615        0.0707393068        0.1633743803        0.7232406752        0.0018012929        0.0014813187        0.0012326709        0.0013753848        1.0000000000
209.5000        0.0000194876        0.0367492596        0.0708030680        0.1635690831        0.7229701438        0.0018042590        0.0014818589        0.0012311103        0.0013717298        1.0000000000
210.0000        0.0000164949        0.0367651800        0.0708651703        0.1637609153        0.7227052931        0.0018071046        0.0014822471        0.0012294606        0.0013681340        1.0000000000
210.5000        0.0000137990        0.0367801374        0.0709256189        0.1639498753        0.7224459224        0.0018098289        0.0014824862        0.0012277275        0.0013646045        1.0000000000
211.0000        0.0000115495        0.0367941433        0.0709844160        0.1641359627        0.7221918551        0.0018124305        0.0014825782        0.0012259162        0.0013611485        1.0000000000
211.5000        0.0000098682        0.0368072065        0.0710415626        0.1643191810        0.7219429437        0.0018149076        0.0014825246        0.0012240320        0.0013577738        1.0000000000
212.0000        0.0000088422        0.0368193335        0.0710970595        0.1644995397        0.7216990714        0.0018172576        0.0014823268        0.0012220804        0.0013544889        1.0000000000
212.5000        0.0000085178        0.0368305297        0.0711509089        0.1646770562        0.7214601534        0.0018194773        0.0014819860        0.0012200675        0.0013513032        1.0000000000
213.0000        0.0000088979        0.0368407999        0.0712031157        0.1648517569        0.7212261358        0.0018215630        0.0014815036        0.0012180000        0.0013482272        1.0000000000
213.5000        0.0000099418        0.0368501490        0.0712536887        0.1650236779        0.7209969924        0.0018235111        0.0014808817        0.0012158857        0.0013452717        1.0000000000
214.0000        0.0000115672        0.0368585833        0.0713026413        0.1651928654        0.7207727201        0.0018253178        0.0014801232        0.0012137335        0.0013424482        1.0000000000
214.5000        0.0000136560        0.0368661110        0.0713499927        0.1653593747        0.7205533329        0.0018269796        0.0014792319        0.0012115530        0.0013397682        1.0000000000
215.0000        0.0000160613        0.0368727427        0.0713957677        0.1655232694        0.7203388547        0.0018284938        0.0014782131        0.0012093549        0.0013372423        1.0000000000
215.5000        0.0000186174        0.0368784924        0.0714399968        0.1656846195        0.7201293112        0.0018298586        0.0014770732        0.0012071503        0.0013348805        1.0000000000
216.0000        0.0000211503        0.0368833776        0.0714827162        0.1658434989        0.7199247225        0.0018310733        0.0014758197        0.0012049506        0.0013326909        1.0000000000
216.5000        0.0000234894        0.0368874192        0.0715239664        0.1659999833        0.7197250948        0.0018321385        0.0014744614        0.0012027670        0.0013306800        1.0000000000
217.0000        0.0000254790        0.0368906419        0.0715637919        0.1661541470        0.7195304141        0.0018330562        0.0014730078        0.0012006105        0.0013288518        1.0000000000
217.5000        0.0000269888        0.0368930735        0.0716022393        0.1663060604        0.7193406409        0.0018338295        0.0014714688        0.0011984909        0.0013272079        1.0000000000
218.0000        0.0000279227        0.0368947447        0.0716393560        0.1664557874        0.7191557066        0.0018344631        0.0014698547        0.0011964171        0.0013257478        1.0000000000
218.5000        0.0000282255        0.0368956881        0.0716751889        0.1666033831        0.7189755121        0.0018349621        0.0014681754        0.0011943962        0.0013244686        1.0000000000
219.0000        0.0000000652        0.0368972553        0.0717121350        0.1667537049        0.7188191054        0.0018354262        0.0014665044        0.0011924535        0.0013233500        1.0000000000
219.5000        0.0000002822        0.0368971405        0.0717458086        0.1668970855        0.7186463469        0.0018357178        0.0014647344        0.0011905266        0.0013223576        1.0000000000
220.0000        0.0000006302        0.0368963689        0.0717782109        0.1670382354        0.7184775681        0.0018358860        0.0014629101        0.0011886561        0.0013215342        1.0000000000
220.5000        0.0000010790        0.0368949554        0.0718093622        0.1671771885        0.7183127166        0.0018359335        0.0014610379        0.0011868478        0.0013208790        1.0000000000
221.0000        0.0000015914        0.0368929153        0.0718392841        0.1673139805        0.7181517435        0.0018358631        0.0014591247        0.0011851072        0.0013203903        1.0000000000
221.5000        0.0000021261        0.0368902647        0.0718679999        0.1674486486        0.7179946005        0.0018356783        0.0014571773        0.0011834393        0.0013200653        1.0000000000
222.0000        0.0000026409        0.0368870203        0.0718955342        0.1675812309        0.7178412387        0.0018353827        0.0014552028        0.0011818489        0.0013199006        1.0000000000
222.5000        0.0000030956        0.0368831998        0.0719219127        0.1677117658        0.7176916056        0.0018349806        0.0014532082        0.0011803401        0.0013198916        1.0000000000
223.0000        0.0000034554        0.0368788216        0.0719471621        0.1678402908        0.7175456440        0.0018344765        0.0014512003        0.0011789164        0.0013200330        1.0000000000
223.5000        0.0000036929        0.0368739048        0.0719713096        0.1679668422        0.7174032903        0.0018338753        0.0014491858        0.0011775805        0.0013203186        1.0000000000
224.0000        0.0000037907        0.0368684693        0.0719943823        0.1680914541        0.7172644744        0.0018331820        0.0014471709        0.0011763346        0.0013207418        1.0000000000
224.5000        0.0000037422        0.0368625351        0.0720164072        0.1682141581        0.7171291187        0.0018324018        0.0014451615        0.0011751801        0.0013212954        1.0000000000
225.0000        0.0000035525        0.0368561224        0.0720374102        0.1683349826        0.7169971397        0.0018315397        0.0014431631        0.0011741179        0.0013219720        1.0000000000
225.5000        0.0000032375        0.0368492515        0.0720574161        0.1684539527        0.7168684484        0.0018306007        0.0014411805        0.0011731483        0.0013227642        1.0000000000
226.0000        0.0000028230        0.0368419420        0.0720764481        0.1685710905        0.7167429525        0.0018295898        0.0014392183        0.0011722713        0.0013236645        1.0000000000
226.5000        0.0000023421        0.0368342130        0.0720945277        0.1686864147        0.7166205584        0.0018285114        0.0014372805        0.0011714864        0.0013246659        1.0000000000
227.0000        0.0000018329        0.0368260824        0.0721116744        0.1687999420        0.7165011734        0.0018273698        0.0014353707        0.0011707932        0.0013257612        1.0000000000
227.5000        0.0000013353        0.0368175672        0.0721279059        0.1689116869        0.7163847084        0.0018261691        0.0014334923        0.0011701911        0.0013269439        1.0000000000
228.0000        0.0000008875        0.0368086831        0.0721432379        0.1690216630        0.7162710802        0.0018249131        0.0014316485        0.0011696793        0.0013282076        1.0000000000
228.5000        0.0000005232        0.0367994442        0.0721576848        0.1691298836        0.7161602131        0.0018236056        0.0014298425        0.0011692571        0.0013295458        1.0000000000
229.0000        0.0000002688        0.0367898637        0.0721712600        0.1692363628        0.7160520407        0.0018222500        0.0014280774        0.0011689241        0.0013309525        1.0000000000
229.5000        0.0000001411        0.0367799533        0.0721839760        0.1693411161        0.7159465065        0.0018208500        0.0014263563        0.0011686795        0.0013324212        1.0000000000
230.0000        0.0000001461        0.0367697237        0.0721958451        0.1694441613        0.7158435640        0.0018194094        0.0014246825        0.0011685225        0.0013339454        1.0000000000
230.5000        0.0000002786        0.0367591848        0.0722068802        0.1695455187        0.7157431761        0.0018179319        0.0014230593        0.0011684523        0.0013355182        1.0000000000
231.0000        0.0000005227        0.0367483461        0.0722170945        0.1696452116        0.7156453135        0.0018164217        0.0014214900        0.0011684675        0.0013371324        1.0000000000
231.5000        0.0000008532        0.0367372166        0.0722265028        0.1697432662        0.7155499529        0.0018148831        0.0014199778        0.0011685668        0.0013387805        1.0000000000
232.0000        0.0000012381        0.0367258058        0.0722351211        0.1698397113        0.7154570747        0.0018133207        0.0014185259        0.0011687479        0.0013404545        1.0000000000
232.5000        0.0000016411        0.0367141233        0.0722429669        0.1699345779        0.7153666599        0.0018117392        0.0014171369        0.0011690085        0.0013421463        1.0000000000
233.0000        0.0000020250        0.0367021793        0.0722500593        0.1700278984        0.7152786880        0.0018101435        0.0014158134        0.0011693454        0.0013438478        1.0000000000
233.5000        0.0000023549        0.0366899849        0.0722564190        0.1701197056        0.7151931339        0.0018085382        0.0014145574        0.0011697551        0.0013455510        1.0000000000
234.0000        0.0000026014        0.0366775519        0.0722620676        0.1702100320        0.7151099667        0.0018069283        0.0014133702        0.0011702338        0.0013472481        1.0000000000
234.5000        0.0000027432        0.0366648932        0.0722670274        0.1702989086        0.7150291476        0.0018053180        0.0014122529        0.0011707771        0.0013489320        1.0000000000
235.0000        0.0000027687        0.0366520222        0.0722713209        0.1703863642        0.7149506299        0.0018037115        0.0014112057        0.0011713808        0.0013505961        1.0000000000
235.5000        0.0000026772        0.0366389529        0.0722749703        0.1704724247        0.7148743589        0.0018021127        0.0014102287        0.0011720403        0.0013522344        1.0000000000
236.0000        0.0000024788        0.0366256996        0.0722779969        0.1705571125        0.7148002730        0.0018005248        0.0014093213        0.0011727513        0.0013538418        1.0000000000
236.5000        0.0000021933        0.0366122766        0.0722804206        0.1706404464        0.7147283061        0.0017989506        0.0014084827        0.0011735097        0.0013554140        1.0000000000
237.0000        0.0000018484        0.0365986980        0.0722822593        0.1707224419        0.7146583890        0.0017973928        0.0014077122        0.0011743115        0.0013569470        1.0000000000
237.5000        0.0000014768        0.0365849769        0.0722835291        0.1708031113        0.7145904530        0.0017958535        0.0014070087        0.0011751531        0.0013584376        1.0000000000
238.0000        0.0000011134        0.0365711258        0.0722842439        0.1708824645        0.7145244323        0.0017943347        0.0014063712        0.0011760313        0.0013598829        1.0000000000
238.5000        0.0000007918        0.0365571555        0.0722844153        0.1709605101        0.7144602671        0.0017928381        0.0014057992        0.0011769430        0.0013612798        1.0000000000
239.0000        0.0000005410        0.0365430760        0.0722840532        0.1710372562        0.7143979050        0.0017913658        0.0014052918        0.0011778852        0.0013626257        1.0000000000
239.5000        0.0000003829        0.0365288954        0.0722831660        0.1711127115        0.7143373034        0.0017899195        0.0014048487        0.0011788551        0.0013639176        1.0000000000
240.0000        0.0000003299        0.0365146207        0.0722817610        0.1711868860        0.7142784296        0.0017885014        0.0014044695        0.0011798495        0.0013651523        1.0000000000
240.5000        0.0000003840        0.0365002577        0.0722798453        0.1712597924        0.7142212610        0.0017871137        0.0014041536        0.0011808655        0.0013663267        1.0000000000
241.0000        0.0000005367        0.0364858110        0.0722774261        0.1713314462        0.7141657833        0.0017857589        0.0014039007        0.0011818994        0.0013674376        1.0000000000
241.5000        0.0000007697        0.0364712849        0.0722745114        0.1714018659        0.7141119892        0.0017844393        0.0014037100        0.0011829478        0.0013684819        1.0000000000
242.0000        0.0000010570        0.0364566830        0.0722711103        0.1714710733        0.7140598752        0.0017831577        0.0014035804        0.0011840065        0.0013694566        1.0000000000
242.5000        0.0000013675        0.0364420095        0.0722672338        0.1715390927        0.7140094388        0.0017819163        0.0014035104        0.0011850714        0.0013703595        1.0000000000
243.0000        0.0000016683        0.0364272685        0.0722628943        0.1716059505        0.7139606757        0.0017807175        0.0014034982        0.0011861383        0.0013711887        1.0000000000
243.5000        0.0000019277        0.0364124652        0.0722581061        0.1716716737        0.7139135764        0.0017795631        0.0014035416        0.0011872030        0.0013719432        1.0000000000
244.0000        0.0000021191        0.0363976057        0.0722528849        0.1717362895        0.7138681243        0.0017784546        0.0014036377        0.0011882614        0.0013726227        1.0000000000
244.5000        0.0000022232        0.0363826971        0.0722472476        0.1717998238        0.7138242940        0.0017773931        0.0014037837        0.0011893099        0.0013732277        1.0000000000
245.0000        0.0000022301        0.0363677473        0.0722412115        0.1718623001        0.7137820509        0.0017763792        0.0014039765        0.0011903451        0.0013737594        1.0000000000
245.5000        0.0000021405        0.0363527654        0.0722347939        0.1719237388        0.7137413518        0.0017754130        0.0014042130        0.0011913641        0.0013742196        1.0000000000
246.0000        0.0000000047        0.0363378601        0.0722281935        0.1719845085        0.7137034602        0.0017744941        0.0014044908        0.0011923697        0.0013746184        1.0000000000
246.5000        0.0000000408        0.0363228939        0.0722211135        0.1720438796        0.7136653464        0.0017736144        0.0014048037        0.0011933567        0.0013749509        1.0000000000
247.0000        0.0000001079        0.0363079237        0.0722136745        0.1721022128        0.7136286054        0.0017727823        0.0014051552        0.0011943231        0.0013752150        1.0000000000
247.5000        0.0000001974        0.0362929538        0.0722058850        0.1721595233        0.7135932210        0.0017719983        0.0014055429        0.0011952663        0.0013754120        1.0000000000
248.0000        0.0000002985        0.0362779883        0.0721977538        0.1722158277        0.7135591774        0.0017712627        0.0014059644        0.0011961839        0.0013755433        1.0000000000
248.5000        0.0000003992        0.0362630314        0.0721892905        0.1722711429        0.7135264588        0.0017705758        0.0014064171        0.0011970737        0.0013756107        1.0000000000
249.0000        0.0000004877        0.0362480874        0.0721805051        0.1723254864        0.7134950474        0.0017699376        0.0014068982        0.0011979336        0.0013756166        1.0000000000
249.5000        0.0000005537        0.0362331609        0.0721714084        0.1723788759        0.7134649232        0.0017693478        0.0014074050        0.0011987617        0.0013755634        1.0000000000
250.0000        0.0000005897        0.0362182567        0.0721620116        0.1724313281        0.7134360625        0.0017688060        0.0014079348        0.0011995564        0.0013754541        1.0000000000
250.5000        0.0000005915        0.0362033803        0.0721523260        0.1724828593        0.7134084383        0.0017683115        0.0014084847        0.0012003167        0.0013752917        1.0000000000
251.0000        0.0000005593        0.0361885370        0.0721423629        0.1725334840        0.7133820202        0.0017678635        0.0014090523        0.0012010414        0.0013750793        1.0000000000
251.5000        0.0000004968        0.0361737330        0.0721321336        0.1725832155        0.7133567751        0.0017674611        0.0014096350        0.0012017299        0.0013748200        1.0000000000
252.0000        0.0000004116        0.0361589740        0.0721216485        0.1726320653        0.7133326680        0.0017671032        0.0014102305        0.0012023817        0.0013745172        1.0000000000
252.5000        0.0000003138        0.0361442662        0.0721109174        0.1726800434        0.7133096636        0.0017667888        0.0014108368        0.0012029964        0.0013741736        1.0000000000
253.0000        0.0000002148        0.0361296153        0.0720999495        0.1727271582        0.7132877275        0.0017665170        0.0014114518        0.0012035738        0.0013737921        1.0000000000
253.5000        0.0000001262        0.0361150269        0.0720887526        0.1727734176        0.7132668272        0.0017662868        0.0014120737        0.0012041135        0.0013733756        1.0000000000
254.0000        0.0000000582        0.0361005058        0.0720773338        0.1728188285        0.7132469335        0.0017660973        0.0014127007        0.0012046155        0.0013729267        1.0000000000
254.5000        0.0000000184        0.0360860567        0.0720656994        0.1728633980        0.7132280212        0.0017659478        0.0014133310        0.0012050795        0.0013724479        1.0000000000
255.0000        0.0000000107        0.0360716834        0.0720538551        0.1729071338        0.7132100694        0.0017658373        0.0014139629        0.0012055053        0.0013719420        1.0000000000
255.5000        0.0000000353        0.0360573890        0.0720418062        0.1729500443        0.7131930609        0.0017657652        0.0014145945        0.0012058926        0.0013714119        1.0000000000
256.0000        0.0000000882        0.0360431764        0.0720295580        0.1729921392        0.7131769821        0.0017657305        0.0014152238        0.0012062414        0.0013708603        1.0000000000
256.5000        0.0000001619        0.0360290480        0.0720171160        0.1730334293        0.7131618215        0.0017657322        0.0014158489        0.0012065517        0.0013702905        1.0000000000
257.0000        0.0000002464        0.0360150057        0.0720044862        0.1730739269        0.7131475685        0.0017657690        0.0014164678        0.0012068238        0.0013697057        1.0000000000
257.5000        0.0000003304        0.0360010516        0.0719916752        0.1731136452        0.7131342121        0.0017658397        0.0014170786        0.0012070580        0.0013691093        1.0000000000
258.0000        0.0000004028        0.0359871877        0.0719786904        0.1731525982        0.7131217393        0.0017659427        0.0014176793        0.0012072550        0.0013685046        1.0000000000
258.5000        0.0000004541        0.0359734165        0.0719655400        0.1731907998        0.7131101342        0.0017660764        0.0014182682        0.0012074158        0.0013678950        1.0000000000
259.0000        0.0000004776        0.0359597406        0.0719522326        0.1732282638        0.7130993774        0.0017662391        0.0014188438        0.0012075415        0.0013672835        1.0000000000
259.5000        0.0000004705        0.0359461631        0.0719387775        0.1732650030        0.7130894455        0.0017664290        0.0014194048        0.0012076333        0.0013666733        1.0000000000
260.0000        0.0000004340        0.0359326875        0.0719251839        0.1733010291        0.7130803119        0.0017666444        0.0014199499        0.0012076927        0.0013660667        1.0000000000
260.5000        0.0000003730        0.0359193176        0.0719114609        0.1733363520        0.7130719471        0.0017668837        0.0014204783        0.0012077211        0.0013654662        1.0000000000
261.0000        0.0000002960        0.0359060576        0.0718976173        0.1733709802        0.7130643207        0.0017671452        0.0014209894        0.0012077197        0.0013648738        1.0000000000
261.5000        0.0000002134        0.0358929117        0.0718836610        0.1734049207        0.7130574020        0.0017674277        0.0014214824        0.0012076900        0.0013642912        1.0000000000
262.0000        0.0000001362        0.0358798838        0.0718695990        0.1734381792        0.7130511620        0.0017677298        0.0014219568        0.0012076331        0.0013637202        1.0000000000
262.5000        0.0000000747        0.0358669777        0.0718554376        0.1734707606        0.7130455747        0.0017680504        0.0014224120        0.0012075501        0.0013631622        1.0000000000
263.0000        0.0000000368        0.0358541966        0.0718411819        0.1735026697        0.7130406181        0.0017683884        0.0014228475        0.0012074421        0.0013626189        1.0000000000
263.5000        0.0000000273        0.0358415434        0.0718268364        0.1735339116        0.7130362743        0.0017687425        0.0014232627        0.0012073100        0.0013620919        1.0000000000
264.0000        0.0000000466        0.0358290200        0.0718124050        0.1735644922        0.7130325298        0.0017691118        0.0014236567        0.0012071551        0.0013615828        1.0000000000
264.5000        0.0000000913        0.0358166281        0.0717978915        0.1735944186        0.7130293748        0.0017694948        0.0014240290        0.0012069785        0.0013610934        1.0000000000
265.0000        0.0000001545        0.0358043685        0.0717832996        0.1736236994        0.7130268019        0.0017698902        0.0014243788        0.0012067816        0.0013606254        1.0000000000
265.5000        0.0000002266        0.0357922419        0.0717686337        0.1736523447        0.7130248047        0.0017702966        0.0014247055        0.0012065658        0.0013601805        1.0000000000
266.0000        0.0000002968        0.0357802486        0.0717538985        0.1736803658        0.7130233763        0.0017707123        0.0014250087        0.0012063328        0.0013597602        1.0000000000
266.5000        0.0000003548        0.0357683889        0.0717390996        0.1737077747        0.7130225080        0.0017711358        0.0014252880        0.0012060844        0.0013593657        1.0000000000
267.0000        0.0000003922        0.0357566634        0.0717242437        0.1737345841        0.7130221877        0.0017715653        0.0014255434        0.0012058224        0.0013589980        1.0000000000
267.5000        0.0000004036        0.0357450728        0.0717093377        0.1737608061        0.7130223994        0.0017719995        0.0014257750        0.0012055485        0.0013586575        1.0000000000
268.0000        0.0000003876        0.0357336184        0.0716943893        0.1737864520        0.7130231236        0.0017724368        0.0014259831        0.0012052645        0.0013583446        1.0000000000
268.5000        0.0000003469        0.0357223018        0.0716794066        0.1738115321        0.7130243371        0.0017728760        0.0014261683        0.0012049720        0.0013580592        1.0000000000
269.0000        0.0000002878        0.0357111252        0.0716643971        0.1738360550        0.7130260144        0.0017733161        0.0014263310        0.0012046724        0.0013578010        1.0000000000
269.5000        0.0000002193        0.0357000908        0.0716493681        0.1738600275        0.7130281296        0.0017737561        0.0014264718        0.0012043669        0.0013575699        1.0000000000
270.0000        0.0000001517        0.0356892012        0.0716343263        0.1738834551        0.7130306571        0.0017741953        0.0014265912        0.0012040566        0.0013573654        1.0000000000
270.5000        0.0000000952        0.0356784587        0.0716192773        0.1739063422        0.7130335742        0.0017746330        0.0014266896        0.0012037424        0.0013571874        1.0000000000
271.0000        0.0000000579        0.0356678655        0.0716042256        0.1739286926        0.7130368616        0.0017750684        0.0014267674        0.0012034253        0.0013570355        1.0000000000
271.5000        0.0000000452        0.0356574233        0.0715891750        0.1739505101        0.7130405044        0.0017755009        0.0014268247        0.0012031063        0.0013569100        1.0000000000
272.0000        0.0000000584        0.0356471332        0.0715741284        0.1739717991        0.7130444925        0.0017759296        0.0014268619        0.0012027864        0.0013568106        1.0000000000
272.5000        0.0000000947        0.0356369956        0.0715590883        0.1739925652        0.7130488195        0.0017763536        0.0014268791        0.0012024668        0.0013567373        1.0000000000
273.0000        0.0000001480        0.0356270104        0.0715440569        0.1740128154        0.7130534821        0.0017767719        0.0014268766        0.0012021487        0.0013566900        1.0000000000
273.5000        0.0000002093        0.0356171770        0.0715290368        0.1740325583        0.7130584784        0.0017771835        0.0014268549        0.0012018334        0.0013566684        1.0000000000
274.0000        0.0000002687        0.0356074944        0.0715140312        0.1740518039        0.7130638060        0.0017775872        0.0014268147        0.0012015222        0.0013566716        1.0000000000
274.5000        0.0000003165        0.0355979613        0.0714990438        0.1740705633        0.7130694608        0.0017779822        0.0014267567        0.0012012165        0.0013566989        1.0000000000
275.0000        0.0000003452        0.0355885767        0.0714840793        0.1740888479        0.7130754350        0.0017783675        0.0014266819        0.0012009174        0.0013567491        1.0000000000
275.5000        0.0000003503        0.0355793396        0.0714691432        0.1741066693        0.7130817172        0.0017787425        0.0014265914        0.0012006258        0.0013568206        1.0000000000
276.0000        0.0000003313        0.0355702496        0.0714542416        0.1741240381        0.7130882919        0.0017791066        0.0014264862        0.0012003425        0.0013569122        1.0000000000
276.5000        0.0000002916        0.0355613067        0.0714393808        0.1741409637        0.7130951400        0.0017794596        0.0014263674        0.0012000681        0.0013570222        1.0000000000
277.0000        0.0000002378        0.0355525113        0.0714245671        0.1741574538        0.7131022404        0.0017798012        0.0014262361        0.0011998029        0.0013571493        1.0000000000
277.5000        0.0000001791        0.0355438643        0.0714098064        0.1741735146        0.7131095714        0.0017801315        0.0014260930        0.0011995473        0.0013572923        1.0000000000
278.0000        0.0000001251        0.0355353668        0.0713951039        0.1741891506        0.7131171129        0.0017804502        0.0014259389        0.0011993014        0.0013574502        1.0000000000
278.5000        0.0000000846        0.0355270198        0.0713804639        0.1742043652        0.7131248473        0.0017807573        0.0014257745        0.0011990654        0.0013576220        1.0000000000
279.0000        0.0000000641        0.0355188242        0.0713658894        0.1742191614        0.7131327613        0.0017810527        0.0014256001        0.0011988397        0.0013578071        1.0000000000
279.5000        0.0000000665        0.0355107805        0.0713513827        0.1742335423        0.7131408463        0.0017813360        0.0014254163        0.0011986247        0.0013580047        1.0000000000
280.0000        0.0000000909        0.0355028888        0.0713369453        0.1742475116        0.7131490981        0.0017816068        0.0014252238        0.0011984209        0.0013582139        1.0000000000
280.5000        0.0000000021        0.0000000001        0.0000000004        0.0000000019        0.9944478545        0.0000000000        0.0019871754        0.0016707866        0.0018941789        1.0000000000
281.0000        0.0000000184        0.0000000013        0.0000000036        0.0000000166        0.9944481836        0.0000000001        0.0019870181        0.0016703950        0.0018943633        1.0000000000
281.5000        0.0000000478        0.0000000036        0.0000000098        0.0000000455        0.9944484632        0.0000000001        0.0019868423        0.0016700165        0.0018945712        1.0000000000
282.0000        0.0000000849        0.0000000069        0.0000000189        0.0000000880        0.9944486991        0.0000000003        0.0019866490        0.0016696520        0.0018948010        1.0000000000
282.5000        0.0000001231        0.0000000113        0.0000000308        0.0000001437        0.9944488981        0.0000000004        0.0019864392        0.0016693025        0.0018950510        1.0000000000
283.0000        0.0000001555        0.0000000166        0.0000000454        0.0000002118        0.9944490676        0.0000000006        0.0019862141        0.0016689689        0.0018953195        1.0000000000
283.5000        0.0000001763        0.0000000230        0.0000000626        0.0000002920        0.9944492140        0.0000000009        0.0019859750        0.0016686519        0.0018956044        1.0000000000
284.0000        0.0000001818        0.0000000302        0.0000000823        0.0000003837        0.9944493416        0.0000000012        0.0019857233        0.0016683520        0.0018959039        1.0000000000
284.5000        0.0000001712        0.0000000383        0.0000001044        0.0000004865        0.9944494524        0.0000000015        0.0019854602        0.0016680695        0.0018962160        1.0000000000
285.0000        0.0000001463        0.0000000472        0.0000001287        0.0000005998        0.9944495456        0.0000000018        0.0019851871        0.0016678048        0.0018965388        1.0000000000
285.5000        0.0000001117        0.0000000569        0.0000001552        0.0000007231        0.9944496176        0.0000000021        0.0019849051        0.0016675578        0.0018968705        1.0000000000
286.0000        0.0000000735        0.0000000674        0.0000001838        0.0000008561        0.9944496633        0.0000000025        0.0019846152        0.0016673285        0.0018972096        1.0000000000
286.5000        0.0000000386        0.0000000786        0.0000002144        0.0000009983        0.9944496771        0.0000000029        0.0019843186        0.0016671170        0.0018975546        1.0000000000
287.0000        0.0000000130        0.0000000905        0.0000002468        0.0000011492        0.9944496539        0.0000000033        0.0019840160        0.0016669231        0.0018979041        1.0000000000
287.5000        0.0000000014        0.0000001031        0.0000002811        0.0000013083        0.9944495900        0.0000000037        0.0019837084        0.0016667471        0.0018982569        1.0000000000
288.0000        0.0000000054        0.0000001163        0.0000003170        0.0000014754        0.9944494848        0.0000000041        0.0019833968        0.0016665888        0.0018986115        1.0000000000
288.5000        0.0000000240        0.0000001300        0.0000003545        0.0000016499        0.9944493401        0.0000000046        0.0019830819        0.0016664484        0.0018989665        1.0000000000
289.0000        0.0000000535        0.0000001443        0.0000003936        0.0000018314        0.9944491608        0.0000000050        0.0019827651        0.0016663258        0.0018993204        1.0000000000
289.5000        0.0000000881        0.0000001592        0.0000004341        0.0000020197        0.9944489537        0.0000000055        0.0019824472        0.0016662210        0.0018996715        1.0000000000
290.0000        0.0000001212        0.0000001745        0.0000004759        0.0000022142        0.9944487267        0.0000000060        0.0019821295        0.0016661337        0.0019000183        1.0000000000
290.5000        0.0000001464        0.0000001903        0.0000005191        0.0000024148        0.9944484873        0.0000000064        0.0019818131        0.0016660635        0.0019003592        1.0000000000
291.0000        0.0000001589        0.0000002065        0.0000005634        0.0000026209        0.9944482417        0.0000000069        0.0019814991        0.0016660100        0.0019006926        1.0000000000
291.5000        0.0000001564        0.0000002231        0.0000006089        0.0000028323        0.9944479936        0.0000000074        0.0019811886        0.0016659723        0.0019010174        1.0000000000
292.0000        0.0000001394        0.0000002401        0.0000006555        0.0000030487        0.9944477438        0.0000000078        0.0019808825        0.0016659498        0.0019013324        1.0000000000
292.5000        0.0000001112        0.0000002575        0.0000007030        0.0000032697        0.9944474902        0.0000000083        0.0019805815        0.0016659417        0.0019016369        1.0000000000
293.0000        0.0000000773        0.0000002752        0.0000007515        0.0000034949        0.9944472287        0.0000000088        0.0019802862        0.0016659473        0.0019019302        1.0000000000
293.5000        0.0000000443        0.0000002931        0.0000008008        0.0000037241        0.9944469538        0.0000000092        0.0019799972        0.0016659658        0.0019022117        1.0000000000
294.0000        0.0000000183        0.0000003114        0.0000008509        0.0000039570        0.9944466602        0.0000000097        0.0019797149        0.0016659967        0.0019024809        1.0000000000
294.5000        0.0000000044        0.0000003299        0.0000009017        0.0000041932        0.9944463439        0.0000000101        0.0019794399        0.0016660394        0.0019027375        1.0000000000
295.0000        0.0000000051        0.0000003486        0.0000009531        0.0000044325        0.9944460035        0.0000000105        0.0019791726        0.0016660934        0.0019029807        1.0000000000
295.5000        0.0000000199        0.0000003675        0.0000010051        0.0000046745        0.9944456402        0.0000000109        0.0019789136        0.0016661581        0.0019032101        1.0000000000
296.0000        0.0000000457        0.0000003866        0.0000010577        0.0000049191        0.9944452582        0.0000000114        0.0019786635        0.0016662329        0.0019034251        1.0000000000
296.5000        0.0000000772        0.0000004058        0.0000011107        0.0000051658        0.9944448638        0.0000000118        0.0019784230        0.0016663171        0.0019036249        1.0000000000
297.0000        0.0000001077        0.0000004252        0.0000011641        0.0000054147        0.9944444646        0.0000000121        0.0019781926        0.0016664098        0.0019038093        1.0000000000
297.5000        0.0000001312        0.0000004446        0.0000012179        0.0000056652        0.9944440677        0.0000000125        0.0019779728        0.0016665101        0.0019039778        1.0000000000
298.0000        0.0000001428        0.0000004642        0.0000012720        0.0000059174        0.9944436790        0.0000000129        0.0019777642        0.0016666171        0.0019041305        1.0000000000
298.5000        0.0000001401        0.0000004838        0.0000013264        0.0000061708        0.9944433017        0.0000000132        0.0019775668        0.0016667297        0.0019042674        1.0000000000
299.0000        0.0000001238        0.0000005035        0.0000013810        0.0000064254        0.9944429360        0.0000000135        0.0019773809        0.0016668470        0.0019043889        1.0000000000
299.5000        0.0000000973        0.0000005232        0.0000014357        0.0000066808        0.9944425792        0.0000000138        0.0019772064        0.0016669682        0.0019044955        1.0000000000
300.0000        0.0000000661        0.0000005430        0.0000014906        0.0000069368        0.9944422262        0.0000000141        0.0019770432        0.0016670924        0.0019045876        1.0000000000
